BaseId,NameId,Name,ModelCharaId,McType,McModel,McBase,McVariant,Scale
2,2012,restless raptor,96,3,24,1,1,1
3,176,foraging doe,61,3,15,1,1,1.2
4,460,foraging stag,62,3,15,2,1,1.3
5,184,South Shroud opo-opo,31,3,4,1,1,1.2
6,2020,leaping ringtail,32,3,4,1,2,1.2
7,1121,void jumper,53,3,11,1,1,2
8,481,greatwing ked,54,3,11,1,2,2
9,571,Thavnairian miteling,20,3,1,1,1,1
10,572,Thavnairian mite,21,3,1,2,1,1.5
11,2033,banemite straggler,22,3,1,3,1,2
12,2757,hungry buzzard,39,3,7,1,1,1.5
13,397,condor,40,3,7,1,2,1.5
14,202,greedy hoglet,46,3,8,1,3,0.9
15,502,greedy hog,44,3,8,1,1,1.2
16,15,wild hog,45,3,8,1,2,1.2
17,963,torchlight,100,3,26,1,1,2
20,110,skeleton soldier,17,2,1015,1,1,1.5
21,2169,gaunt slaveling,63,3,16,1,1,1.5
22,1085,ocean roseling,48,3,9,1,1,2
23,3341,violet flytrap,49,3,9,1,2,2
24,3343,Snakemolt treant,104,3,27,1,1,1
25,25,dryad,106,3,27,1,5,1
26,1040,horny toad,126,3,30,1,1,1.5
27,1757,winter nix,127,3,30,1,2,1.5
28,1071,truffle coeurl,69,3,17,2,1,1.5
29,29,dullahan,125,3,29,1,5,1.5
30,4286,wrothful golem,81,3,21,1,1,2
31,270879791,,71,3,18,1,1,1
32,203,leathervine microchu,35,3,5,1,2,0.5
33,33,ochu,34,3,5,1,1,1
34,506,spawning adamantoise,94,3,23,1,1,1
35,270855189,,89,3,22,1,1,1.5
36,1051,grain weevil,56,3,13,1,1,2
37,1101,pack rat,25,3,2,2,1,2
38,1146,wingrat,98,3,25,1,1,2
39,962,shore slug,50,3,10,1,1,2
40,1145,leafbleed hare,51,3,10,1,2,2
41,486,stinging syrphid cloud,59,3,14,1,2,1
42,1084,yarzon biter,75,3,19,1,1,1.2
43,181,carrion chigoe,36,3,6,1,1,2
44,2225,parasitic djigga,37,3,6,1,2,2
45,491,wandering wisp,79,3,20,1,2,1
46,1703,pure energy,80,3,20,1,3,1
47,199,stumbling funguar,28,3,3,1,1,1.5
48,166,sylph bonnet,29,3,3,1,2,1.5
49,1046,loverly ladybird,57,3,13,1,2,2
50,270990461,,121,3,29,1,1,1.5
51,269815996,,121,3,29,1,1,1.5
52,464,goblin outlaw,6,2,1004,1,1,1
53,462,snapscales,97,3,24,1,2,1
57,201,syrphid cloud,60,3,14,1,3,1
58,2032,trained deathgaze,233,3,64,1,1,1
59,7134,cloud sprite,385,3,153,1,5,1
65,62,pteroc,131,3,32,1,2,2
66,1021,moldy pudding,201,3,55,1,1,1.5
67,108,,7,2,1005,1,1,1
68,1073743916,,7,2,1005,1,1,1
69,269768264,,7,2,1005,1,1,1
70,1139,tempered sylvan scream,7,2,1005,1,1,1
71,68,sylpheed sigh,7,2,1005,1,1,1
72,69,sylpheed snarl,7,2,1005,1,1,1
73,1138,tempered sylvan sough,7,2,1005,1,1,1
74,270335052,,7,2,1005,1,1,1.5
75,269889549,,121,3,29,1,1,2
76,73,Galvanth the Dominator,71,3,18,1,1,1.5
77,74,Shredder,94,3,23,1,1,1
78,3669,starkshadow wyvern,35,3,5,1,2,1.5
94,1073742269,,107,3,28,1,1,1
95,270234663,,108,3,28,1,2,1
96,269017088,,110,3,28,1,4,1
97,269889549,,109,3,28,1,3,1
98,91,spriggan,107,3,28,1,1,2
99,91,spriggan,108,3,28,1,2,2
100,91,spriggan,110,3,28,1,4,2
101,91,spriggan,109,3,28,1,3,2
102,428,manor sentry,21,3,1,2,1,2
103,407,ringtail,21,3,1,2,1,2
104,1067,craven condor,22,3,1,3,1,2.5
105,443,comesmite,6,2,1004,1,1,1.5
106,613,red balloon,204,3,55,1,4,2
107,548,Kottos,12,2,1009,1,5,1.3
108,661,Ixali stillbeak,12,2,1009,1,5,1
109,310,Moondrip stonehauler,12,2,1009,1,5,1
110,314,Moondrip piledriver,12,2,1009,1,5,1
111,312,Moondrip blastmaster,12,2,1009,1,5,1
112,101,Gyges the Great,12,2,1009,1,5,1.6
113,190,Ixali scout,4,2,1002,1,1,1.2
114,1783,Ixali frostwing,4,2,1002,1,1,1.2
115,1782,Ixali frostbeak,4,2,1002,1,1,1.2
116,1784,Ixali frostcaller,4,2,1002,1,1,1.2
117,1066,golden coeurl,65,3,17,1,1,1.5
118,1093,marching mandragora,297,3,88,1,1,1
119,445,stagnant water sprite,121,3,29,1,1,1
120,247,Amalj'aa javelinier,31,3,4,1,1,1.2
121,198,nutbreaker squirrel,44,3,8,1,1,1.2
122,525,befuddled beekeeper,104,3,27,1,1,1
123,260,Amalj'aa divinator,197,3,53,1,1,1
124,2274,errant revenant,229,3,63,1,1,1
125,456,inconspicuous imp,63,3,16,1,1,1.5
126,110,skeleton soldier,17,2,1015,1,1,1.5
127,111,Deepcroft miteling,20,3,1,1,1,1.5
128,431,attack hound,20,3,1,1,1,1.5
129,434,manor servitor,21,3,1,2,1,1.5
130,3342,Snakemolt bat,99,3,25,1,2,2
131,113,earth sprite,386,3,153,2,1,1
132,114,ice sprite,382,3,153,1,2,1
133,115,wind sprite,383,3,153,1,3,1
134,912,wildfire sprite,381,3,153,1,1,1
135,117,lightning sprite,384,3,153,1,4,1
136,1042,sun midge cloud,58,3,14,1,1,1
138,2756,rabid mongrel,160,3,41,1,2,1.5
139,1134,spotted eft,151,3,39,1,1,1.2
140,237,morbol,145,3,37,1,1,1
141,1846,Natalan watchwolf,163,3,41,3,1,1.5
142,605,young anole,97,3,24,1,2,0.8
143,1763,snowshoe mouse,27,3,2,2,3,2
149,123,toxic battrap,48,3,9,1,1,2.5
150,331,Corpse Brigade knuckledancer,48,3,9,1,1,1.5
151,125,pus gnat,53,3,11,1,1,2
156,288,cochineal cactuar,50,3,10,1,1,2
157,2329,snowman,50,3,10,1,1,2
159,381,forest yarzon,76,3,19,1,2,1.2
160,196,black eft,152,3,39,2,1,0.8
161,1758,snowpuppy,152,3,39,2,1,1.2
162,616,clay golem,25,3,2,2,1,2.5
163,191,dewdrinker ladybug,57,3,13,1,2,2.5
164,165,milkroot cluster,36,3,6,1,1,2.5
166,259,Amalj'aa seer,3,2,1001,1,1,1.2
167,253,Amalj'aa pugilist,3,2,1001,1,1,1.2
168,252,Amalj'aa sniper,3,2,1001,1,1,1.2
169,1725,Amalj'aa shaman,3,2,1001,1,1,1.2
170,1115,Qiqirn yolkdrainer,14,2,1012,1,1,1
171,1114,Mumuroon Yellowtooth,14,2,1012,1,1,1
172,1037,softskin peiste,136,3,34,2,1,1
173,1736,butcher basilisk,135,3,34,1,1,1
174,303,sandskin peiste,137,3,34,2,2,1
175,1045,uncommon cactuar,141,3,36,1,1,2
176,286,sabotender,142,3,36,1,2,2
177,1019,flowering sabotender,143,3,36,1,3,2
178,1869,clutch pelican,154,3,40,1,1,1.2
179,1316,giant oxpecker,155,3,40,1,2,1.2
180,1036,guillotine beak,156,3,40,1,3,1.2
181,1116,gaunt beak,157,3,40,1,4,1.2
182,467,fachan,167,3,43,1,1,1.5
183,1759,milky eye,168,3,43,1,2,1.5
184,2197,charmed falmadair,169,3,43,1,3,1.5
185,1362,dodo's nest,170,3,43,1,4,1.5
186,3059,camptotaur,171,3,43,1,5,1.5
187,1041,pyrite coblyn,176,3,45,1,1,1.5
188,2008,sphene doblyn,177,3,45,1,2,1.5
189,1671,asbestos coblyn,178,3,45,1,3,1.5
190,4285,wrothful drake,179,3,46,1,1,1.5
191,3699,starkshadow biast,180,3,46,1,2,1.5
192,1344,augmented battle drake,181,3,46,2,1,1.5
193,2049,mourning billy,183,3,47,1,1,1.2
194,2050,mourning nanny,184,3,47,1,2,1.2
195,670,,185,3,47,2,1,1.2
196,6733,royal ant,192,3,51,1,1,1.3
197,1022,antling gamergate,193,3,51,1,2,1.3
198,358,wounded aurochs,194,3,51,1,3,1.3
199,357,aurochs,195,3,51,1,4,1.3
200,269,magitek vanguard,213,3,56,1,1,2
201,3179,6th Cohort vanguard,214,3,56,1,2,2
202,463,slithertwine,215,3,56,1,3,2
203,1023,phurbleweed,266,3,81,1,1,2
204,271,golden fleece,267,3,81,1,2,2
205,1049,naked shrew,282,3,85,1,1,1.2
206,1317,ironquill tuco-tuco,283,3,85,2,1,1.2
207,1185,Ifrit,304,3,96,1,1,1
208,1186,infernal nail,298,3,90,1,1,1
209,1185,Ifrit,304,3,96,1,1,1
210,1186,infernal nail,298,3,90,1,1,1
211,1185,Ifrit,304,3,96,1,1,1
212,1186,infernal nail,298,3,90,1,1,1
213,346,shallowscale Reaver,8,2,1006,1,1,1
214,213,strangling ivy,8,2,1006,1,1,1
215,294,antling worker,8,2,1006,1,1,1
216,515,Coeurlclaw King,8,2,1006,1,1,1
217,300,cove buzzard,8,2,1006,1,1,1
218,319,rotting corpse,8,2,1006,1,1,1
219,1089,jackal pup,8,2,1006,1,1,1
220,358,wounded aurochs,8,2,1006,1,1,1
221,718,Whiskerwall Kupdi Koop,8,2,1006,1,1,3
222,719,Ruffletuft Kupta Kapa,8,2,1006,1,1,3
223,720,Furryfoot Kupli Kipp,8,2,1006,1,1,3
224,721,Woolywart Kupqu Kogi,8,2,1006,1,1,3
225,722,Pukla Puki the Pomburner,8,2,1006,1,1,3
226,723,Puksi Piko the Shaggysong,8,2,1006,1,1,3
227,724,Pukna Pako the Tailturner,8,2,1006,1,1,3
228,725,Good King Moggle Mog XII,8,2,1006,1,1,10
229,718,Whiskerwall Kupdi Koop,8,2,1006,1,1,3
230,719,Ruffletuft Kupta Kapa,8,2,1006,1,1,3
231,720,Furryfoot Kupli Kipp,8,2,1006,1,1,3
232,721,Woolywart Kupqu Kogi,8,2,1006,1,1,3
233,722,Pukla Puki the Pomburner,8,2,1006,1,1,3
234,723,Puksi Piko the Shaggysong,8,2,1006,1,1,3
235,724,Pukna Pako the Tailturner,8,2,1006,1,1,3
236,2752,Good King Moggle Mog XII,8,2,1006,1,1,10
237,1649,monolith,301,3,92,1,1,1
238,1647,razor plume,302,3,93,1,1,1
239,1644,Garuda,303,3,95,1,1,1
240,1649,monolith,301,3,92,1,1,1
241,1647,razor plume,302,3,93,1,1,1
242,1644,Garuda,303,3,95,1,1,1
243,1649,monolith,301,3,92,1,1,1
244,1647,razor plume,302,3,93,1,1,1
245,1644,Garuda,303,3,95,1,1,1
246,1801,Titan,306,3,98,1,1,1.5
247,1801,Titan,306,3,98,1,1,1.5
248,1801,Titan,306,3,98,1,1,1.5
251,1428,Gavial,159,3,41,1,1,1.5
253,3126,flame thaumaturge,479,3,9998,1,1,1
254,496,leafbleed banemite,481,0,0,0,1,1
255,422,Lady Amandine,18,2,1016,1,1,1.8
256,424,lady's handmaiden,18,2,1016,1,1,1
257,425,lady's candle,100,3,26,1,1,2
258,428,manor sentry,167,3,43,1,1,1.5
259,444,Graffias,23,3,1,3,2,2.5
260,443,comesmite,22,3,1,3,1,1.5
261,437,fleshy pod,485,4,1745,0,1,1
262,375,kobold bedesman,247,3,70,1,4,1
263,241,wolf poacher,135,3,34,1,1,1
264,514,Sirocco,142,3,36,1,2,2
265,590,northern vulture,235,3,65,2,1,1
266,440,Graffias's tail,482,5,0,0,1,12
267,988,stone servant,12,2,1009,1,5,1
268,736,fire homunculus,99,3,25,1,2,2
269,1208,giant clam,481,0,0,0,1,1
270,442,Coeurl o' Nine Tails,34,3,5,1,1,1
271,441,warden's whip,35,3,5,1,2,0.5
272,423,manor claviger,18,2,1016,1,1,1.4
273,426,manor jester,64,3,16,1,2,2.8
274,427,manor steward,17,2,1015,1,1,2
275,428,manor sentry,167,3,43,1,1,1.5
276,633,manor maidservant,18,2,1016,1,1,1
277,512,Alux,3,2,1001,1,1,1.2
278,1760,stegotaur,3,2,1001,1,1,1.2
279,768,Galfrid the Gallant,3,2,1001,1,1,1.2
280,769,,3,2,1001,1,1,1.2
281,443,comesmite,179,3,46,1,1,1.5
282,1987,sabotender del sol,4,2,1002,1,1,1.2
283,621,Gods' Quiver bow,4,2,1002,1,1,1.2
284,1442,Porus,4,2,1002,1,1,1.2
285,344,shallowclaw Reaver,4,2,1002,1,1,1.2
286,279,sun bat,159,3,41,1,1,1.5
287,279,sun bat,198,3,54,1,1,1.5
288,279,sun bat,5,2,1003,1,1,1.5
289,279,sun bat,5,2,1003,1,1,1.5
290,258,Amalj'aa thaumaturge,5,2,1003,1,1,1.5
291,2265,siren,5,2,1003,1,1,1.5
292,1268,acid bubble,81,3,21,1,1,2
293,4146,unarmed Vanu Vanu,81,3,21,1,1,2
294,134,tainted earth sprite,386,3,153,2,1,1
295,553,honeybee swarm,60,3,14,1,3,1
296,455,void soulcounter,383,3,153,1,3,1
297,136,tainted water sprite,385,3,153,1,5,1
298,142,young antelope stag,62,3,15,2,1,1.5
299,135,tainted wind sprite,383,3,153,1,3,1
300,2005,ceruleum coblyn,204,3,55,1,4,2
301,596,Akoman,167,3,43,1,1,2
302,1135,sharptooth orobon,270,3,82,2,1,2
303,1735,hungry dreadwolf,159,3,41,1,1,1.5
304,505,leafbleed morbol,145,3,37,1,1,1
305,1785,wandering soul,265,3,80,1,2,2
306,1027,evenfall firefly,78,3,20,1,1,1
307,332,Corpse Brigade firedancer,4,2,1002,1,1,1.5
308,104,Ixali swiftbeak,4,2,1002,1,1,1.5
312,1069,Bloodshore eyesore,280,3,84,2,1,1.5
313,1100,riverbank toad,126,3,30,1,1,1
314,1068,apkallu caller,190,3,50,1,1,1
320,1748,meltwater goobbue,198,3,54,1,1,1.5
321,4114,jungle goobbue,198,3,54,1,1,2
322,1076,unsightly buffalo,138,3,35,1,1,1
323,1077,rabid aurochs,138,3,35,1,1,0.5
324,1103,saltwater aurelia,279,3,84,1,1,1.5
325,1081,big claw,149,3,38,1,2,1.6
326,825,molting megalocrab,148,3,38,1,1,1.6
327,1073,void mine,101,3,26,1,2,2
328,1158,426th Order patrolman,5,2,1003,1,1,1.5
329,1157,426th Order pitman,5,2,1003,1,1,1.5
330,1156,426th Order bedesman,5,2,1003,1,1,1.5
331,1155,426th Order missionary,5,2,1003,1,1,1.5
332,502,greedy hog,5,2,1003,1,1,2
333,2165,Sahagin sapper,9,2,1007,1,1,1
334,1163,Sahagin spy,9,2,1007,1,1,1
335,1162,Sahagin sapper,9,2,1007,1,1,1
336,2166,Sahagin skirmisher,9,2,1007,1,1,1
337,373,kobold missionary,9,2,1007,1,1,1.5
338,1098,wild ram,287,3,86,1,4,1.5
339,1096,stray dodo,173,3,44,1,1,1.5
340,1087,feral dodo,174,3,44,1,2,1.5
341,1097,scalepuk,130,3,32,1,1,2
342,1035,soulless chrisom,264,3,80,1,1,2
343,414,Mamool Ja breeder,10,2,1008,1,1,1
344,413,Mamool Ja executioner,10,2,1008,1,1,1
345,676,Mamool Ja mercenary,10,2,1008,1,1,1
346,415,Mamool Ja sophist,10,2,1008,1,1,1
347,1236,dirty rat,24,3,2,1,1,2
351,1050,nutmuncher marmot,26,3,2,2,2,2
356,234,smallmouth orobon,268,3,82,1,1,2
357,290,sandworm,238,3,68,1,1,1
358,243,iron tortoise,95,3,23,1,2,1
359,408,galago,3,2,1001,1,1,1.5
360,599,Silvairre the Virtuous,3,2,1001,1,1,1.5
361,445,stagnant water sprite,3,2,1001,1,1,1.5
362,1115,Qiqirn yolkdrainer,14,2,1012,1,1,1.5
371,348,shalloweye Reaver,242,3,68,1,6,1
376,1989,hooded assaulter,12,2,1009,1,5,1.3
377,1769,denizen of the dark,228,3,62,1,1,1
378,1790,gigas mastiff,253,3,76,1,1,1
379,360,sea wasp,481,0,0,0,1,1
382,1032,loamshell,355,3,133,1,1,1
383,2021,lepidote,356,3,134,1,1,1
384,684,cork bulb,358,3,135,1,1,1
385,953,flower wespe,359,3,137,1,1,1
386,1063,talking colibri,360,3,138,1,1,1
387,685,Dravanian outwatch,362,3,140,1,1,1
388,1141,vodoriga cur,363,3,141,1,1,1
389,635,scaphite,364,3,142,1,1,1
390,1182,taurus,365,3,143,1,1,1
391,491,wandering wisp,366,3,144,1,1,1
392,3577,miacid,367,3,145,1,1,1
393,2406,territorial snipper,371,3,146,1,1,1
394,1850,baritine croc,372,3,147,1,1,1
395,1755,snapjaw,373,3,147,1,2,1
396,1852,preying mantis,376,3,148,2,1,1
397,2755,murderous mantis,374,3,148,1,1,1
398,3336,Horde scout,377,3,150,1,1,1
399,3533,owlbear,378,3,151,1,1,1
400,425,lady's candle,19,2,1017,1,1,1
401,1185,Ifrit,480,0,0,0,1,1
402,500,trancetoad,292,3,87,1,1,1
403,1789,blood bateleur,41,3,7,1,3,1.5
404,1753,frozen bavarois,202,3,55,1,2,1.5
405,1021,moldy pudding,203,3,55,1,3,1.5
406,480,figgy pudding,204,3,55,1,4,1.5
407,461,banemite,205,3,55,1,5,1.5
408,1408,,206,3,55,1,6,1.5
409,662,Ixali boundwing,4,2,1002,1,1,1.5
410,2137,the Ultima Weapon,480,0,0,0,1,1
411,1204,Chopper,65,3,17,1,1,1.5
414,1205,scurvy dog,164,3,41,4,1,1.2
415,1205,scurvy dog,164,3,41,4,1,0.6
417,1206,Denn the Orcatoothed,9,2,1007,1,1,2
418,1207,baleen guard,9,2,1007,1,1,1.5
419,515,Coeurlclaw King,480,0,0,0,1,1
420,1298,goblin pathfinder,6,2,1004,1,1,1
421,1299,goblin pathfinder,6,2,1004,1,1,1
422,1300,Brayflox Alltalks,6,2,1004,1,1,1
423,1280,great yellow pelican,155,3,40,1,2,1.6
424,1281,blue back,154,3,40,1,1,0.6
425,1282,violet back,156,3,40,1,3,0.6
426,1283,sable back,157,3,40,1,4,0.6
427,1286,hellbender,151,3,39,1,1,1.6
428,1279,Aiatar,230,3,63,1,2,1.4
429,1279,Aiatar,230,3,63,1,2,1.4
430,500,trancetoad,480,0,0,0,1,1
431,1038,tomahawk beak,156,3,40,1,3,0.8
432,294,antling worker,192,3,51,1,1,0.7
433,1262,boulder,481,0,0,0,1,1
434,1680,Isgebind,480,0,0,0,1,1
471,1260,tamed spriggan,81,3,21,1,1,2.5
472,108,,453,3,8028,1,1,1
473,624,,121,3,29,1,1,1
474,425,lady's candle,162,3,41,2,1,1
475,491,wandering wisp,79,3,20,1,2,1
476,203,leathervine microchu,35,3,5,1,2,1
479,230,sylvan sough,7,2,1005,1,1,1
481,51,alpha anole,97,3,24,1,2,2.4
482,512,Alux,63,3,16,1,1,4
483,446,Asipatra,233,3,64,1,1,3
486,445,stagnant water sprite,385,3,153,1,5,3
487,447,Matagaigai,48,3,9,1,1,5
488,448,Lou Carcolh,50,3,10,1,1,12
489,513,Prince of Pestilence,53,3,11,1,1,3.6
490,449,Jackanapes,32,3,4,1,2,2.25
491,514,Sirocco,61,3,15,1,1,2.25
496,516,Dschubba,20,3,1,1,1,3
497,452,Curupira,34,3,5,1,1,2.25
498,498,Zezeroon Stickyfingers,14,2,1012,1,1,1
499,507,orphaned sylph,7,2,1005,1,1,1
500,479,Guttrix Sliverpicks,6,2,1004,1,1,1
501,471,angry sow,44,3,8,1,1,1.5
502,472,rotting sentinel,104,3,27,1,1,1.2
503,473,mischief-maker imp,63,3,16,1,1,2
504,474,seven-year gnat,53,3,11,1,1,2.4
505,475,alpha stag,62,3,15,2,1,1.5
506,476,wanted goblin,6,2,1004,1,1,1.5
507,477,lush morbol,145,3,37,1,1,1.2
508,478,Kupni Kapp,8,2,1006,1,1,1
513,1029,mischief-maker imp,64,3,16,1,2,1.5
514,509,thickfur doe,61,3,15,1,1,1.2
515,72,Bockman,121,3,29,1,1,2
516,20,magicked bones,17,2,1015,1,1,1.5
518,14,wild hoglet,46,3,8,1,3,0.9
520,776,軍曹,277,3,83,2,2,2
521,426,manor jester,61,3,15,1,1,1.3
523,587,buzzing djigga,53,3,11,1,1,2
525,582,Keroucene's lackey,62,3,15,2,1,1.3
526,586,3rd Cohort bestiarius,22,3,1,3,1,1.5
527,3712,ragged ratel,126,3,30,1,1,1.2
528,1036,guillotine beak,96,3,24,1,1,1
529,565,trenchtooth Sahagin,35,3,5,1,2,1
530,464,goblin outlaw,6,2,1004,1,1,1
531,464,goblin outlaw,6,2,1004,1,1,1
532,1988,imperial frumentarius,6,2,1004,1,1,1
533,465,Stikflix Grumblytoss,6,2,1004,1,1,1.5
534,466,domesticated banemite,22,3,1,3,1,1.5
535,467,fachan,167,3,43,1,1,1.5
536,468,pack ziz,154,3,40,1,1,0.8
537,610,grizzled lancer,297,3,88,1,1,1
538,470,Briaxio of the Well,7,2,1005,1,1,1.5
543,608,alpha wolf,163,3,41,3,1,2
548,939,frenzied elm,105,3,27,1,2,1
549,30,clay golem,84,3,21,1,4,2
554,193,Ixali lostwing,4,2,1002,1,1,1.2
555,194,Ixali slowbeak,4,2,1002,1,1,1.2
556,192,Ixali dulltalon,4,2,1002,1,1,1.2
557,947,Ixali sincaller,4,2,1002,1,1,1.2
562,108,,453,3,8028,1,1,4
563,586,3rd Cohort bestiarius,7,2,1005,1,1,1
566,613,red balloon,100,3,26,1,1,4
567,455,void soulcounter,19,2,1017,1,1,1
570,655,behemoth,480,0,0,0,1,1
571,541,striking dummy,2449,0,0,0,1,1
572,437,fleshy pod,486,4,1786,0,1,0.7
573,1536,morbol fruit,487,4,1696,0,1,1.2
579,1329,Jaded Jody,81,3,21,1,1,5
587,511,barricade,480,0,0,0,1,1
588,466,domesticated banemite,81,3,21,1,1,4
589,668,Aldis,94,3,23,1,1,2
590,3792,bitter nectar,121,3,29,1,1,4.5
591,87,Hollow Baron waister,104,3,27,1,1,2
592,553,honeybee swarm,60,3,14,1,3,1
593,543,enchanted funguar,29,3,3,1,2,2
596,1385,bomb,480,0,0,0,1,1
599,439,sticky web,480,0,0,0,1,1
601,448,Lou Carcolh,50,3,10,1,1,4.8
602,448,Lou Carcolh,50,3,10,1,1,2
603,905,crate of oranges,488,4,2220,0,1,1
604,522,Mun-Tuy sack,489,4,2218,0,1,1
606,542,charging hog,44,3,8,1,1,1.8
607,536,sylph pillow,50,3,10,1,1,2
608,1566,treasure hunter,4,2,1002,1,1,1.2
609,1565,soldier of Nym,4,2,1002,1,1,1.2
610,1390,flaming beacon,6,2,1004,1,1,1
611,523,hive gate,476,3,9994,1,1,1
612,535,Jackanapes's bean-bearer,32,3,4,1,2,1.5
613,528,North Shroud opo-opo,31,3,4,1,1,1.2
614,1728,Phanaxio of the New Leaf,7,2,1005,1,1,1
616,4,antelope stag,62,3,15,2,1,1.3
617,523,hive gate,476,3,9994,1,1,1
618,1398,Eos,97,3,24,1,2,1
619,3804,Abalathian fox,155,3,40,1,2,1.2
620,10,diremite,21,3,1,2,1,1.5
621,5,opo-opo,31,3,4,1,1,1.2
622,881,longhorn nannygoat,97,3,24,1,2,1
642,877,Undertaker,483,5,0,0,1,1
643,1694,demon wall,256,3,77,1,1,4
644,1790,gigas mastiff,133,3,33,1,1,1.5
645,1746,alpine hippocerf,134,3,33,1,2,1.5
646,1111,Headrip ogre,187,3,49,1,1,1.2
647,6725,slave to the beast,188,3,49,2,1,1.2
648,516,Dschubba,189,3,49,2,2,1.2
649,795,ornery karakul,196,3,52,1,1,1
650,1625,hollow gargoyle,216,3,57,1,1,2
651,1444,Gwyllgi,217,3,57,1,2,2
652,582,Keroucene's lackey,218,3,57,1,3,2
653,568,Maisenta Hawke,219,3,58,1,1,1
654,1910,raw sludge,220,3,58,1,2,1
655,1445,Steropes,221,3,59,1,1,1
668,709,void slave,187,3,49,1,1,1.2
671,781,void jumper,54,3,11,1,2,2
676,765,soulsucker imp,63,3,16,1,1,2.8
677,766,seemingly ordinary imp,63,3,16,1,1,1.5
679,782,void herald,99,3,25,1,2,2
680,783,void dross,51,3,10,1,2,2
681,631,spriggan copper copper,216,3,57,1,1,1
682,841,Mormo,18,2,1016,1,1,1
688,1647,razor plume,551,3,93,1,2,1
689,601,Coeurlclaw falconer,552,3,93,1,3,1
690,262,star marmot,26,3,2,2,2,2
700,829,Alacran bloodhound,159,3,41,1,1,1
701,830,Alacran war hound,159,3,41,1,1,1.5
702,831,bastet,69,3,17,2,1,1.5
714,825,molting megalocrab,148,3,38,1,1,1
716,262,star marmot,26,3,2,2,2,2
717,937,frenzied bulb,358,3,135,1,1,1
719,1750,mad karakul ram,291,3,86,1,8,1.5
720,1747,frostbitten goobbue,199,3,54,1,2,1.5
721,1630,giant ripper,11,2,1009,1,1,1
722,1631,giant drubber,11,2,1009,1,1,1
723,787,giant reader,11,2,1009,1,1,1
727,646,gigas bonze,13,2,1009,7,1,1
728,647,gigas shramana,13,2,1009,7,1,1
729,1771,beggar sozu,13,2,1009,7,1,1
730,1772,beggar bhikkhu,13,2,1009,7,1,1
731,3473,silver wolf,161,3,41,1,3,1.5
732,4054,vengeful wyvern,224,3,60,1,1,1
733,655,behemoth,165,3,42,1,1,2
734,780,chocobo,166,3,42,2,1,1
735,247,Amalj'aa javelinier,3,2,1001,1,1,1.2
736,254,Amalj'aa striker,3,2,1001,1,1,1.2
737,250,Amalj'aa hunter,3,2,1001,1,1,1.2
738,1856,lost Lalafell,3,2,1001,1,1,1.2
739,2301,Zanr'ak gaolkeeper,3,2,1001,1,1,1.2
740,2369,Flamefang elite,3,2,1001,1,1,1.2
741,1838,Zahar'ak archer,3,2,1001,1,1,1.2
742,1840,Zahar'ak thaumaturge,3,2,1001,1,1,1.2
743,192,Ixali dulltalon,4,2,1002,1,1,1.2
744,193,Ixali lostwing,4,2,1002,1,1,1.2
745,194,Ixali slowbeak,4,2,1002,1,1,1.2
746,3488,sleet trap,4,2,1002,1,1,1.2
747,1842,Natalan windtalon,4,2,1002,1,1,1.2
748,1843,Natalan boldwing,4,2,1002,1,1,1.2
749,662,Ixali boundwing,4,2,1002,1,1,1.2
750,1845,Natalan fogcaller,4,2,1002,1,1,1.2
751,378,kobold potman,5,2,1003,1,1,1.5
752,368,kobold dustman,5,2,1003,1,1,1.5
753,679,ラベル削除予定,5,2,1003,1,1,1.5
754,372,kobold supplicant,5,2,1003,1,1,1.5
755,2702,13th Order watchman,5,2,1003,1,1,1.5
756,2694,271st Order watchman,5,2,1003,1,1,1.5
757,2704,13th Order scholar,5,2,1003,1,1,1.5
758,2703,13th Order alchemist,5,2,1003,1,1,1.5
759,1888,tonberry hexer,7,2,1005,1,1,1
760,1563,bronze buzzard,7,2,1005,1,1,1
761,1884,broken thaumaturge,7,2,1005,1,1,1
762,2321,sylpheed cackle,7,2,1005,1,1,1
763,2320,sylpheed wail,7,2,1005,1,1,1
764,2313,sylpheed chuckle,7,2,1005,1,1,1
765,2543,Lost Duchess deckhand,9,2,1007,1,1,1
766,2540,surfclaw Sahagin,9,2,1007,1,1,1
767,2537,surfspine Sahagin,9,2,1007,1,1,1
768,2541,surftooth Sahagin,9,2,1007,1,1,1
769,1360,goblin trader,6,2,1004,1,1,1
770,1832,U'Ghamaro roundsman,6,2,1004,1,1,1
771,350,Qiqirn eggdigger,14,2,1012,1,1,1
772,832,,14,2,1012,1,1,1
777,4094,Silvertear cobra,235,3,65,2,1,1
782,1329,Jaded Jody,145,3,37,1,1,1.75
803,1243,Gilpincher Zuzuroon,14,2,1012,1,1,2
804,1242,Nayokk Roh,3,2,1001,1,1,1.5
818,1372,382nd Order Pickman Ge Bu,5,2,1003,1,1,2
819,1234,Slasher,69,3,17,2,1,2.5
820,338,tempered champion,65,3,17,1,1,1.5
821,1263,pecking condor,39,3,7,1,1,1.5
822,3564,wild chocobo,374,3,148,1,1,1
823,405,tiny mandragora,297,3,88,1,1,1
824,1261,ledgeleaper,126,3,30,1,1,1.5
825,1260,tamed spriggan,107,3,28,1,1,2
826,1259,rasher hog,44,3,8,1,1,1.2
827,6,lemur,32,3,4,1,2,1.2
828,1043,yarzon lurker,75,3,19,1,1,1.2
829,742,Lewein,63,3,16,1,1,1.5
830,2385,territorial jackal,63,3,16,1,1,1.5
831,402,puk hatchling,130,3,32,1,1,2
832,1258,gil turtle,94,3,23,1,1,1
833,1316,giant oxpecker,384,3,153,1,4,1
835,289,eft,152,3,39,2,1,1.2
836,1008,Fernehalwes,168,3,43,1,2,2
837,1009,Sabotender Corrido,142,3,36,1,2,2.5
838,1010,masterless thrall,12,2,1009,1,5,1.2
839,1011,Scale Eater,135,3,34,1,1,1.5
840,1012,Pinktoe,75,3,19,1,1,1.5
841,1013,Greataxe Beak,156,3,40,1,3,1.5
843,1014,mine hound,159,3,41,1,1,1.5
844,479,Guttrix Sliverpicks,6,2,1004,1,1,1
846,1024,firedrake,179,3,46,1,1,1.5
847,1122,bald buzzard,39,3,7,1,1,1.5
848,1047,Drybone tuco-tuco,283,3,85,2,1,1.2
849,1052,Mamool Ja menace,10,2,1008,1,1,1.2
850,1053,Longarm,198,3,54,1,1,1.5
851,1054,Thunderhooves,138,3,35,1,1,1
852,1055,Rageclaw,374,3,148,1,1,1.5
853,1056,Warren Warden,282,3,85,1,1,1.5
854,1057,Ripe Rampager,297,3,88,1,1,1.5
855,1058,Cepheus,279,3,84,1,1,2
857,1061,buffalo calf,138,3,35,1,1,1
858,1062,Memeroon,14,2,1012,1,1,1
859,479,Guttrix Sliverpicks,6,2,1004,1,1,1
861,1092,coastal mandragora,297,3,88,1,1,1
862,1079,suspicious megalocrab,148,3,38,1,1,1.6
864,117,lightning sprite,384,3,153,1,4,1
867,1099,lost lamb,286,3,86,1,3,1.5
873,795,ornery karakul,490,4,2577,0,1,1
876,531,Little Solace sylph,7,2,1005,1,1,1
877,539,lunar golem,82,3,21,1,2,3
884,1547,tonberry king,91,3,22,4,1,4.5
885,942,lesser blanga,363,3,141,1,1,0.5
886,938,frenzied oak,104,3,27,1,1,0.5
890,35,tonberry,89,3,22,1,1,1.5
898,945,blanga,363,3,141,1,1,1.2
899,980,lesser gargoyle,216,3,57,1,1,1
901,541,striking dummy,2449,0,0,0,1,1
902,941,frenzied mossback,198,3,54,1,1,1.5
903,940,frenzied goobbue,198,3,54,1,1,1
905,404,bogy,264,3,80,1,1,2
916,945,blanga,363,3,141,1,1,1
917,980,lesser gargoyle,216,3,57,1,1,1
919,1556,tonberry stalker,90,3,22,1,2,4.5
924,946,Quzal Huatotl the Shrieker,4,2,1002,1,1,1.5
925,193,Ixali lostwing,4,2,1002,1,1,1.2
926,194,Ixali slowbeak,4,2,1002,1,1,1.2
927,947,Ixali sincaller,4,2,1002,1,1,1.2
928,945,blanga,363,3,141,1,1,1.2
929,980,lesser gargoyle,216,3,57,1,1,1
931,1550,tonberry,89,3,22,1,1,1.5
932,752,Kuplu Kopo,8,2,1006,1,1,1
933,945,blanga,363,3,141,1,1,1
936,813,Mamool Ja mercenary,10,2,1008,1,1,1
937,814,Mamool Ja mercenary head,10,2,1008,1,1,1
941,818,Mamool Ja mercenary,10,2,1008,1,1,1
942,1209,shade seeker,79,3,20,1,2,1
943,1532,Miser's Mistress,147,3,37,1,4,1.1
944,716,spriggan sifter,107,3,28,1,1,2
945,983,flambeau,100,3,26,1,1,2
946,985,spriggan quencher,107,3,28,1,1,2
947,555,blasting cap,101,3,26,1,2,2
948,554,Ichorous Ire,292,3,87,1,1,3
949,554,Ichorous Ire,292,3,87,1,1,2
950,554,Ichorous Ire,292,3,87,1,1,1
951,554,Ichorous Ire,292,3,87,1,1,0.5
952,780,chocobo,1,2,1,1,1,1
957,827,island megalocrab,148,3,38,1,1,1.6
958,1414,,374,3,148,1,1,1
967,992,Highcant Hatsugg Chah,3,2,1001,1,1,1.2
968,256,Amalj'aa bruiser,3,2,1001,1,1,1.2
969,251,Amalj'aa ranger,3,2,1001,1,1,1.2
970,248,Amalj'aa halberdier,3,2,1001,1,1,1.2
971,1187,damantus,79,3,20,1,2,1
972,1195,noxius,79,3,20,1,2,5
973,1194,Firemane,381,3,153,1,1,2
974,117,lightning sprite,384,3,153,1,4,1
975,1196,thunderclap guivre,180,3,46,1,2,2
976,1187,damantus,79,3,20,1,2,1
977,1195,noxius,79,3,20,1,2,5
978,116,fire sprite,381,3,153,1,1,1
979,1197,Tangata,187,3,49,1,1,1.6
980,1193,gas bomb,100,3,26,1,1,2
989,1279,Aiatar,230,3,63,1,2,1.4
990,1284,inferno drake,179,3,46,1,1,2
991,1285,tempest biast,180,3,46,1,2,1.2
994,906,Kujata,138,3,35,1,1,1.2
995,833,pack jackal,160,3,41,1,2,1
996,834,scarred jackal,159,3,41,1,1,1.5
998,835,pack jackal,160,3,41,1,2,1.5
1004,1221,void warrior,17,2,1015,1,1,1.5
1007,968,red jackal,160,3,41,1,2,1
1008,1398,Eos,407,3,7001,1,1,1
1009,1399,Selene,408,3,7001,2,1,1
1010,8141,"Aenc Thon, Lord of the Lingering Gaze",2475,3,320,2,1,4
1011,585,Coeurlclaw catspaw,412,3,7002,1,4,1
1012,1401,Emerald Carbuncle,409,3,7002,1,1,1
1013,2104,crimson nail,415,3,7003,1,1,0.4
1014,797,キラーマシン,416,3,7004,1,1,0.35
1015,1309,bandit trapper,417,3,7005,1,1,0.4
1016,269,magitek vanguard,214,3,56,1,2,2
1027,1267,stale bubble,390,3,156,1,2,1
1028,1268,acid bubble,391,3,156,1,3,1
1029,1463,dark matter pteroc,395,3,157,3,1,1
1037,38,black bat,98,3,25,1,1,2
1038,1210,cave aurelia,279,3,84,1,1,1.5
1039,1211,fossilshell,355,3,133,1,1,1
1040,1212,Sastasha orobon,270,3,82,2,1,4
1041,1287,gully galago,31,3,4,1,1,1.2
1042,1288,raveled raincatcher,34,3,5,1,1,1
1043,1289,painted colibri,360,3,138,1,1,1
1044,1290,comet chaser,362,3,140,1,1,1
1045,1292,ashdrake,179,3,46,1,1,1
1046,1291,mud biast,180,3,46,1,2,1
1047,1293,wyrmhound,136,3,34,2,1,1
1048,1294,surf eft,152,3,39,2,1,1.2
1049,1295,swamp pugil,356,3,134,1,1,1
1050,1296,violet back,156,3,40,1,3,1
1051,1297,deep jungle coeurl,65,3,17,1,1,1.5
1052,1548,Keeper of Halidom,198,3,54,1,1,1.5
1053,1549,giant bavarois,201,3,55,1,1,2.5
1054,1551,white bavarois,202,3,55,1,2,1.5
1055,1552,green bavarois,203,3,55,1,3,1.5
1056,1553,yellow bavarois,204,3,55,1,4,1.5
1057,1554,purple bavarois,205,3,55,1,5,1.5
1058,1555,blue bavarois,206,3,55,1,6,1.5
1059,802,,75,3,19,1,1,1.2
1061,1557,corrupted Nymian,265,3,80,1,2,2
1062,1558,corrupted Nymian curate,264,3,80,1,1,2
1063,1559,bronze beetle,56,3,13,1,1,2
1064,1383,queer bubble,392,3,156,1,4,2.5
1065,1205,scurvy dog,164,3,41,4,1,1.2
1066,1205,scurvy dog,164,3,41,4,1,0.8
1070,1560,cog oil,50,3,10,1,1,2
1071,1561,gear grease,51,3,10,1,2,2.4
1072,1562,pug pugil,356,3,134,1,1,1
1073,1563,bronze buzzard,39,3,7,1,1,1.5
1074,1465,dark matter pelican,292,3,87,1,1,1
1075,1565,soldier of Nym,17,2,1015,1,1,1.5
1076,1468,quarantine node,6,2,1004,1,1,1
1086,1154,426th Order Mendicant Zi Gu,5,2,1003,1,1,1.5
1087,1169,Serpent Reaver deckhound,164,3,41,4,1,1.5
1088,1165,Wormwix Scribbletalk,6,2,1004,1,1,1.2
1092,1159,void warrior,17,2,1015,1,1,1.5
1093,1073,void mine,101,3,26,1,2,2
1094,1137,Pannixia of the Woven Wing,7,2,1005,1,1,1.2
1095,1127,Blackstake Rodegg Chah,3,2,1001,1,1,1.2
1096,1126,battle drake,181,3,46,2,1,1.5
1101,1166,wet rat,25,3,2,2,1,2
1102,1033,dirty mongrel,160,3,41,1,2,1.5
1103,1167,sweet tooth goobbue,198,3,54,1,1,1.5
1106,542,charging hog,44,3,8,1,1,1.2
1107,1144,long-winded lemur,32,3,4,1,2,1.2
1108,1136,gnarled treant,104,3,27,1,1,1
1109,497,leafbleed ochu,34,3,5,1,1,1
1112,1125,ravenous billygoat,183,3,47,1,1,1.2
1113,1124,ravenous nannygoat,184,3,47,1,2,1.2
1121,200,carrier ladybug,57,3,13,1,2,2.5
1122,1037,softskin peiste,136,3,34,2,1,1.2
1123,1264,elder goobbue,198,3,54,1,1,1.5
1124,1262,boulder,480,0,0,0,1,1
1125,1262,boulder,480,0,0,0,1,1
1126,1265,Toxic Tamlyn,145,3,37,1,1,1
1127,1266,rotten jam,292,3,87,1,1,1
1128,1269,Buso,19,2,1017,1,1,1.3
1129,1270,void hound,133,3,33,1,1,1.5
1130,116,fire sprite,381,3,153,1,1,1
1222,849,Menuis,138,3,35,1,1,1
1223,850,Shearing Sheridan,148,3,38,1,1,3
1224,851,Chupacabra,160,3,41,1,2,3
1225,852,Cuachac,280,3,84,2,1,5
1229,856,426th Order Pickman Bu Ga,5,2,1003,1,1,2
1230,857,Padfoot,160,3,41,1,2,3
1231,858,Kokoroon Quickfingers,14,2,1012,1,1,2
1232,859,Gluttonous Gertrude,173,3,44,1,1,3
1233,860,Old Six-arms,148,3,38,1,1,3
1234,861,Barometz,49,3,9,1,2,5
1235,862,Tryptix Stumblemox,6,2,1004,1,1,2
1236,1355,troubled tiller,79,3,20,1,2,10
1237,1357,mandragora prince,356,3,134,1,1,3
1238,1177,Amalj'aa ravager,3,2,1001,1,1,1.2
1239,1213,Mormo's missionary,63,3,16,1,1,1.5
1244,1177,Amalj'aa ravager,3,2,1001,1,1,1.2
1257,2971,ruffled dodo,173,3,44,1,1,1.5
1258,895,cane toad,126,3,30,1,1,0.5
1259,1765,great white torama,359,3,137,1,1,1
1262,896,dune bogy,264,3,80,1,1,2
1263,897,spawning orobon,268,3,82,1,1,2
1265,898,sledgehammer beak,156,3,40,1,3,1.2
1266,899,marble guardian,82,3,21,1,2,2
1267,865,doomed gigantoad,126,3,30,1,1,3
1268,866,Cactuar Jack,142,3,36,1,2,4
1269,867,Bubbly Bernie,355,3,133,1,1,4
1270,868,Crier Briareos,12,2,1009,1,5,1.5
1271,869,Daddy Longlegs,76,3,19,1,2,2
1273,871,Guguroon Wetnose,14,2,1012,1,1,2
1274,872,Babaroon Halfshell,14,2,1012,1,1,2
1275,873,Vodyanoi,127,3,30,1,2,3
1276,874,Spitfire,110,3,28,1,4,6
1277,875,nest commander,193,3,51,1,2,2.25
1278,876,Glassjaw Nazagg Gah,3,2,1001,1,1,1.5
1280,878,Gossamer,267,3,81,1,2,4
1281,879,elder longhorn,185,3,47,2,1,2
1282,880,longhorn billygoat,183,3,47,1,1,1.5
1283,881,longhorn nannygoat,184,3,47,1,2,1.5
1286,884,Blackbile Maladd Chah,3,2,1001,1,1,1.5
1287,885,Ulhuadshi,242,3,68,1,6,2
1288,886,Simurgh,233,3,64,1,1,3
1292,919,U'ralka,488,4,2220,0,1,1
1293,1730,clear-cut lumber,488,4,2220,0,1,1
1306,1445,Steropes,138,3,35,1,1,1
1307,1237,Junkmonger Nonoroon,14,2,1012,1,1,1
1308,1241,grain hamper,488,4,2220,0,1,1
1309,1256,shipping crate,488,4,2220,0,1,1
1310,1244,Qiqirn trafficker,14,2,1012,1,1,1
1325,1232,fallen supplies,492,4,3140,0,1,1
1326,1231,materiel crate,488,4,2220,0,1,1
1327,1225,repair supplies,493,4,3141,0,1,1
1328,1230,bonfire,498,4,2582,0,1,1
1329,1229,sap auger,496,4,3142,0,1,1
1330,1228,hidden rations,492,4,3140,0,1,1
1331,1227,bronze urn,497,4,3143,0,1,1
1332,1226,wallstone,494,4,3144,0,1,1
1333,1225,repair supplies,495,4,3145,0,1,1
1334,1589,giant tunnel worm,240,3,68,1,3,1.5
1345,109,gravedigger,63,3,16,1,1,1.5
1348,145,carrion beetle,56,3,13,1,1,2
1349,146,fleshfly swarm,59,3,14,1,2,1
1350,111,Deepcroft miteling,20,3,1,1,1,1
1351,284,yarzon feeder,75,3,19,1,1,1.2
1352,147,croftlight,80,3,20,1,3,1
1353,151,tainted louse,37,3,6,1,2,2
1354,153,prison pteroc,131,3,32,1,2,2
1355,441,warden's whip,35,3,5,1,2,0.5
1356,158,prison pudding,204,3,55,1,4,1.5
1357,438,prisoner's delight,29,3,3,1,2,1.5
1358,117,lightning sprite,384,3,153,1,4,1
1359,154,Mun-Tuy sapling,48,3,9,1,1,2
1360,155,mitetrap,49,3,9,1,2,2
1361,157,cell mite,20,3,1,1,1,1
1362,430,attic bat,98,3,25,1,1,2
1363,431,attack hound,159,3,41,1,1,1.5
1364,432,carpet stain,50,3,10,1,1,2
1365,433,divan mold,29,3,3,1,2,1.5
1366,434,manor servitor,17,2,1015,1,1,1.5
1367,435,corpsefly,59,3,14,1,2,1
1368,625,servitor's lantern,79,3,20,1,2,1
1369,1202,Lazy Laurence,35,3,5,1,2,4
1370,1203,fruiting fungus,28,3,3,1,1,2
1371,1200,Cancer,149,3,38,1,2,5
1372,1201,Acubens,280,3,84,2,1,1.8
1391,833,pack jackal,160,3,41,1,2,1.5
1393,497,leafbleed ochu,34,3,5,1,1,1
1394,967,Moraby hedgemole,283,3,85,2,1,1.2
1395,629,Copperbell coblyn,176,3,45,1,1,1.5
1396,631,spriggan copper copper,109,3,28,1,3,2
1397,117,lightning sprite,384,3,153,1,4,1
1398,97,hecatoncheir stonehauler,12,2,1009,1,5,1
1399,984,errant soul,264,3,80,1,1,2
1400,1303,blasting cap,100,3,26,1,1,2
1401,987,pit hippocerf,133,3,33,1,1,1.5
1402,986,living fossil,364,3,142,1,1,1
1403,1302,hecatoncheir stonebreaker,12,2,1009,1,5,1.3
1404,1357,mandragora prince,297,3,88,1,1,3
1405,1362,dodo's nest,491,4,3251,0,1,1
1406,1223,steelquill tuco-tuco,283,3,85,2,1,1.2
1407,1224,spawning megalocrab,148,3,38,1,1,1.6
1408,894,rutting buffalo,138,3,35,1,1,1
1409,1618,bomb queen,79,3,20,1,2,1
1410,1188,doctore,121,3,29,1,1,1.5
1411,1189,scythe mantis,374,3,148,1,1,1
1412,1190,Coliseum python,235,3,65,2,1,1
1413,1191,rudis beak,157,3,40,1,4,0.6
1414,1192,pit peiste,137,3,34,2,2,1.6
1415,1193,gas bomb,100,3,26,1,1,2
1416,117,lightning sprite,384,3,153,1,4,1
1419,1312,lone coeurl,65,3,17,1,1,2.5
1420,1608,butting buffalo,138,3,35,1,1,1
1421,1342,spriggan copper carrier,110,3,28,1,4,3
1424,1354,heckler imp,63,3,16,1,1,1.5
1425,1704,Worr the Whalefin,9,2,1007,1,1,1.5
1426,193,Ixali lostwing,4,2,1002,1,1,1.2
1427,194,Ixali slowbeak,4,2,1002,1,1,1.2
1428,602,hunting falcon,39,3,7,1,1,1.5
1429,602,hunting falcon,39,3,7,1,1,1.5
1433,212,pack wolf,159,3,41,1,1,1.5
1435,130,lindwurm,97,3,24,1,2,1
1436,108,,360,3,138,1,1,0.5
1437,2135,Nero tol Scaeva,544,1,501,1,1,1.1
1438,2118,Livia sas Junius,545,1,601,1,1,1.1
1439,2160,Rhitahtyn sas Arvina,546,1,901,1,1,1.1
1440,1231,materiel crate,542,1,501,1,1,1.1
1441,2136,Gaius van Baelsar,542,1,501,1,1,1.1
1442,1471,monitoring node,480,0,0,0,1,1
1443,1803,bomb boulder,237,3,67,1,1,1
1444,1804,granite gaol,249,3,72,1,1,1
1445,244,giant tortoise,95,3,23,1,2,1
1446,128,treant sapling,104,3,27,1,1,1
1447,354,mossless goobbue,198,3,54,1,1,1.5
1451,597,Nezul Cattlan the Violator,4,2,1002,1,1,1.2
1452,35,tonberry,89,3,22,1,1,1.5
1453,192,Ixali dulltalon,4,2,1002,1,1,1.2
1455,1680,Isgebind,231,3,63,1,3,1.4
1456,1680,Isgebind,403,3,163,1,3,1.4
1457,1678,Koshchei,224,3,60,1,1,0.8
1458,1678,Koshchei,478,3,9995,1,2,1
1459,108,,518,3,167,1,1,1
1460,1676,lesser wyvern,224,3,60,1,1,0.8
1461,1677,Chudo-Yudo,371,3,146,1,1,0.8
1462,1672,Dravanian outflyer,362,3,140,1,1,1
1463,1673,Dravanian outwalker,180,3,46,1,2,1.5
1464,1674,carrier ziz,156,3,40,1,3,1.2
1465,114,ice sprite,382,3,153,1,2,1
1466,1675,dragon aevis,377,3,150,1,1,1
1467,1535,morbol seedling,328,3,111,1,1,3
1468,1536,morbol fruit,487,4,1696,0,1,1.2
1469,1067,craven condor,487,4,1696,0,1,2.5
1470,1533,Coincounter,219,3,58,1,1,1
1471,1534,Locksmith,34,3,5,1,1,2.5
1472,1538,goldvine,145,3,37,1,1,1
1473,1535,morbol seedling,328,3,111,1,1,3
1474,1539,Vale bat,98,3,25,1,1,2
1475,1540,Vale wasp,280,3,84,2,1,1.5
1476,1541,eftstool,29,3,3,1,2,1.5
1477,1542,Lily of the Vale,49,3,9,1,2,2
1478,1543,nether nix,128,3,30,1,3,2
1479,1544,Vale banemite,22,3,1,3,1,2.2
1480,1545,Vale diremite,21,3,1,2,1,1.2
1481,1546,poisoned peasant,265,3,80,1,2,2
1482,108,,480,0,0,0,1,1
1484,1696,Anantaboga,228,3,62,1,1,2.2
1485,1697,dark helot,363,3,141,1,1,1.5
1486,1698,dark nova,511,3,156,1,5,1.5
1487,1316,giant oxpecker,54,3,11,1,2,2
1488,1689,psycheflayer,72,3,18,1,2,1.3
1490,1691,stone marionette,81,3,21,1,1,1.6
1491,1692,marble marionette,82,3,21,1,2,1.6
1492,1693,megalith marionette,83,3,21,1,3,5
1497,1682,brontotaur,365,3,143,1,1,1
1498,1683,hound light,80,3,20,1,3,1
1499,1684,vodoriga sleeper,363,3,141,1,1,1.5
1500,1685,soul collector,19,2,1017,1,1,1
1501,1686,smolenkos,168,3,43,1,2,1.5
1502,1687,succubus,18,2,1016,1,1,1
1503,29,dullahan,125,3,29,1,5,3
1504,1803,bomb boulder,237,3,67,1,1,1
1505,1804,granite gaol,249,3,72,1,1,1
1506,1804,granite gaol,249,3,72,1,1,1
1507,1802,Titan's heart,484,5,0,0,1,1
1508,1802,Titan's heart,484,5,0,0,1,1
1509,1802,Titan's heart,484,5,0,0,1,1
1513,1402,Ifrit-Egi,415,3,7003,1,1,1
1515,1970,flame shiver,381,3,153,1,1,1
1516,2104,crimson nail,298,3,90,1,1,1
1522,1650,tonberry wanderer,506,3,22,2,2,1
1523,1613,rancor flame,79,3,20,1,2,2
1524,1887,tonberry creeper,89,3,22,1,1,1
1525,1888,tonberry hexer,93,3,22,3,1,1
1527,1889,fetid faerie,54,3,11,1,2,2
1528,1650,tonberry wanderer,92,3,22,2,1,1
1529,1650,tonberry wanderer,92,3,22,2,1,1
1533,108,,516,4,3695,0,1,1
1534,216,toxic toad,551,3,93,1,2,1
1535,1648,satin plume,552,3,93,1,3,1
1536,2091,spiny plume,611,3,93,1,5,1
1537,1648,satin plume,552,3,93,1,3,1
1538,220,faerie funguar,480,0,0,0,1,1
1539,108,,480,0,0,0,1,1
1540,1397,All-seeing Eye,172,3,43,1,6,3
1541,1397,All-seeing Eye,172,3,43,1,6,3
1542,1497,mouche volante,53,3,11,1,1,2
1543,1498,amanuensis,19,2,1017,1,1,1.3
1544,1415,Taulurd,188,3,49,2,1,1.2
1545,1499,deepvoid slave,187,3,49,1,1,0.8
1546,1396,Batraal,218,3,57,1,3,2
1547,2154,corrupted crystal,476,3,9994,1,1,1
1548,2154,corrupted crystal,476,3,9994,1,1,1
1549,1657,recluse hippogryph,133,3,33,1,1,1.5
1550,2152,betrayed soul,264,3,80,1,1,2
1551,1654,forsaken soul,265,3,80,1,2,2
1552,1655,alpgrot orobon,270,3,82,2,1,2
1553,1656,diamond-tooth hedgemole,283,3,85,2,1,1.2
1554,1652,lava drake,179,3,46,1,1,1.5
1555,1449,hellsbound warrior,17,2,1015,1,1,1.5
1556,1653,bone nix,127,3,30,1,2,1.5
1559,1892,manipulated ogre,189,3,49,2,2,1.2
1563,584,3rd Cohort bestiarius,382,3,153,1,2,1
1564,1897,manipulated eye,167,3,43,1,1,1.5
1565,1805,tunnel worm,480,0,0,0,1,1
1566,1646,Chirada,303,3,95,1,1,0.8
1567,1645,Suparna,303,3,95,1,1,0.8
1568,1646,Chirada,303,3,95,1,1,0.8
1569,1645,Suparna,303,3,95,1,1,0.8
1570,1644,Garuda,480,0,0,0,1,1
1571,1644,Garuda,480,0,0,0,1,1
1572,1644,Garuda,480,0,0,0,1,1
1573,1644,Garuda,480,0,0,0,1,1
1574,1644,Garuda,480,0,0,0,1,1
1575,2100,Barbatos,217,3,57,1,2,1.5
1576,2098,Lostkin Kazagg Chah,3,2,1001,1,1,1.2
1577,2099,Dozol Meloc the Yea-sayer,4,2,1002,1,1,1.2
1578,1453,269th Order Mendicant Da Za,5,2,1003,1,1,1.5
1579,2101,void lantern,79,3,20,1,2,1
1580,2102,dark plasma,80,3,20,1,3,1
1581,2103,void trumpeter,19,2,1017,1,1,1
1582,583,sylvan budnapper,7,2,1005,1,1,1.2
1583,68,sylpheed sigh,7,2,1005,1,1,1
1584,69,sylpheed snarl,7,2,1005,1,1,1
1585,2063,milkroot morbol,145,3,37,1,1,1
1589,1392,inner fury,79,3,20,1,2,1.2
1590,1393,inner rage,80,3,20,1,3,2
1592,1639,dragon's eye,80,3,20,1,3,3
1593,750,???,480,0,0,0,1,1
1595,436,Ixali windtalon,4,2,1002,1,1,1.2
1596,103,Ixali boldwing,4,2,1002,1,1,1.2
1597,104,Ixali swiftbeak,4,2,1002,1,1,1.2
1598,1901,Yotoli Hueloc the Austere,4,2,1002,1,1,1.5
1599,653,snow wolf,161,3,41,1,3,1.5
1601,2204,spirit pulse,389,3,156,1,1,1
1606,1585,myrmidon princess,195,3,51,1,4,2
1607,1586,myrmidon marshal,194,3,51,1,3,1.6
1608,1587,myrmidon guard,193,3,51,1,2,1.3
1609,1588,myrmidon soldier,192,3,51,1,1,0.7
1610,1589,giant tunnel worm,480,0,0,0,1,1
1611,1589,giant tunnel worm,480,0,0,0,1,1
1612,1590,chimera,197,3,53,1,1,1
1613,1848,cacophony,389,3,156,1,1,1
1614,1159,void warrior,480,0,0,0,1,1
1615,1592,sand bat,98,3,25,1,1,2
1616,1591,myrmidon sentry,192,3,51,1,1,0.7
1617,1593,quicksand basilisk,135,3,34,1,1,1
1618,1799,shrapnel,101,3,26,1,2,2
1619,1596,sandstorm,60,3,14,1,3,1
1620,1597,sandshell,355,3,133,1,1,1
1621,1595,canyon condor,40,3,7,1,2,1.5
1622,1594,sabotender desertor,142,3,36,1,2,2
1623,1599,slipsand,292,3,87,1,1,1
1624,1598,schorl doblyn,177,3,45,1,2,1.5
1625,1600,spriggan crier,109,3,28,1,3,2
1626,1601,arkose golem,81,3,21,1,1,2
1627,1415,Taulurd,386,3,153,2,1,1
1628,1806,ceruleum spring,480,0,0,0,1,1
1629,1805,tunnel worm,480,0,0,0,1,1
1630,1805,tunnel worm,480,0,0,0,1,1
1631,1858,Gungnir,538,3,159,1,1,2
1632,1417,siren,243,3,69,1,1,1
1633,2201,sweet song,514,3,156,1,8,1
1634,2201,sweet song,514,3,156,1,8,1
1655,2089,magitek vanguard H-1,213,3,56,1,1,2
1657,269,magitek vanguard,214,3,56,1,2,2
1658,67,sylpheed screech,7,2,1005,1,1,1
1659,115,wind sprite,383,3,153,1,3,1
1660,1910,raw sludge,203,3,55,1,3,1.5
1662,1420,tainted wind sprite,499,4,1859,0,1,1
1674,11,banemite,22,3,1,3,1,2.5
1677,40,Shroud hare,51,3,10,1,2,2
1678,130,lindwurm,97,3,24,1,2,1
1679,56,water sprite,385,3,153,1,5,1
1680,201,syrphid cloud,59,3,14,1,2,1
1681,56,water sprite,385,3,153,1,5,1
1682,1424,tainted earth sprite,561,4,4367,0,1,1
1683,1919,mud pie,204,3,55,1,4,1.2
1684,1920,decaying treant,105,3,27,1,2,1
1685,1921,sewer rat,27,3,2,2,3,2
1686,113,earth sprite,386,3,153,2,1,1
1687,1923,mud pie princess,204,3,55,1,4,2
1691,115,wind sprite,277,3,83,2,2,2
1692,117,lightning sprite,272,3,83,1,2,2
1693,56,water sprite,273,3,83,1,3,2
1694,1924,green laver,292,3,87,1,1,1
1695,1925,yellow laver,293,3,87,1,2,1
1696,1926,purple laver,294,3,87,1,3,1
1697,2161,hydra,247,3,70,1,4,1
1698,656,wyvern,224,3,60,1,1,0.8
1699,2162,dhorme chimera,197,3,53,1,1,1
1700,1848,cacophony,389,3,156,1,1,1
1701,1927,ancient oak,105,3,27,1,2,1
1702,1450,Guardian Tree,476,3,9994,1,1,1
1703,213,strangling ivy,34,3,5,1,1,1
1704,1451,brightwisp,79,3,20,1,2,1.2
1705,1929,flintshell,355,3,133,1,1,1
1709,1930,grotty imp,63,3,16,1,1,1.5
1710,1424,tainted earth sprite,501,4,1981,0,1,1
1711,1453,269th Order Mendicant Da Za,5,2,1003,1,1,1.5
1712,1931,planebreaker,19,2,1017,1,1,1.3
1713,2096,planar fissure,535,4,4007,0,1,1
1714,1932,void tyrant,233,3,64,1,1,1
1715,1933,void echo,265,3,80,1,2,2
1716,2153,void pitch,539,4,3719,0,1,1
1719,1936,crazed archelon,95,3,23,1,2,1
1720,1937,crazed notochelone,95,3,23,1,2,1.5
1721,361,Bloodshore bell,280,3,84,2,1,1.5
1722,1939,crazed sprite,383,3,153,1,3,1
1725,1863,restless raptor,96,3,24,1,1,1
1728,1941,cliffdiver,39,3,7,1,1,1.5
1737,656,wyvern,224,3,60,1,1,0.8
1740,1688,recluse hippogryph,134,3,33,1,2,1.5
1741,1942,Kamapuaa,44,3,8,1,1,1.5
1742,15,wild hog,44,3,8,1,1,1.2
1743,56,water sprite,385,3,153,1,5,1
1744,116,fire sprite,381,3,153,1,1,1
1747,2084,Guillaime,377,3,150,1,1,2
1748,1293,wyrmhound,137,3,34,2,2,1
1749,656,wyvern,224,3,60,1,1,0.8
1753,1567,teratotaur,365,3,143,1,1,1.6
1754,1568,dung wespe,359,3,137,1,1,1
1755,1569,temple guardian,83,3,21,1,3,2
1756,1570,adjudicator,366,3,144,1,1,1
1757,1798,mythril verge,521,3,31,1,1,1.5
1758,1572,avoirdupois,367,3,145,1,1,1
1759,1573,Qarn facer,368,3,145,1,1,0.6
1760,1833,U'Ghamaro quarryman,367,3,145,1,1,1
1761,1571,sun juror,370,3,145,1,1,0.6
1762,1574,temple bat,98,3,25,1,1,2
1763,1575,temple bee,359,3,137,1,1,1
1764,1576,the accused,17,2,1015,1,1,1.5
1765,1577,death claw,376,3,148,2,1,1
1766,1578,wall crawler,75,3,19,1,1,1.2
1767,1579,temple croc,372,3,147,1,1,1
1768,1580,the condemned,265,3,80,1,2,2
1770,2074,large boulder,1286,4,9597,0,1,1
1771,2075,small boulder,1285,4,9596,0,1,1
1772,1385,bomb,389,3,156,1,1,0.5
1779,1607,budding morbol,328,3,111,1,1,3
1780,1427,Downy Dunstan,291,3,86,1,8,4
1781,1428,Gavial,373,3,147,1,2,2
1782,1429,Gargamelle,187,3,49,1,1,1.5
1783,1430,Lutin,382,3,153,1,2,3
1784,1431,Seps,362,3,140,1,1,3
1785,1432,Rongeur,180,3,46,1,2,3
1786,1433,Klythios,11,2,1009,1,1,2
1787,1434,Roc,41,3,7,1,3,5
1788,1435,Sutali Hueloc of the North Wind,4,2,1002,1,1,2
1789,1436,Sateli Hueloc of the South Wind,4,2,1002,1,1,2
1790,1437,Sotoli Hueloc of the East Wind,4,2,1002,1,1,2
1791,1438,Sethuli Hueloc of the West Wind,4,2,1002,1,1,2
1792,1439,Gozol Itzcan the Hatchet,4,2,1002,1,1,2
1793,1440,Svara,229,3,63,1,1,1.3
1794,1445,Steropes,219,3,58,1,1,1.5
1795,1441,Nburu,80,3,20,1,3,5
1796,1442,Porus,188,3,49,2,1,2
1797,1443,Dione,13,2,1009,7,1,2
1798,1444,Gwyllgi,134,3,33,1,2,4
1799,1610,Voluptuous Vivian,145,3,37,1,1,2
1800,1446,gorgimera,197,3,53,1,1,2
1801,1614,shadowclaw,365,3,143,1,1,1.5
1802,1615,shadow eye,172,3,43,1,6,1.5
1803,1616,touch of shadow,264,3,80,1,1,2
1804,1617,breath of shadow,265,3,80,1,2,2
1805,1618,bomb queen,101,3,26,1,2,8
1806,1619,bomb servitor,100,3,26,1,1,2
1807,1620,bomb char,102,3,26,1,3,2
1808,1621,bomb baronet,101,3,26,1,2,2
1809,1622,votive candle,79,3,20,1,2,1
1810,1623,red marshmallow,201,3,55,1,1,1.5
1811,1624,camio,363,3,141,1,1,1.5
1812,1625,hollow gargoyle,216,3,57,1,1,2.2
1813,646,gigas bonze,13,2,1009,7,1,1
1814,647,gigas shramana,13,2,1009,7,1,1
1815,648,gigas sozu,13,2,1009,7,1,1
1816,1629,Crius Longbeard,13,2,1009,7,1,1.2
1817,1630,giant ripper,11,2,1009,1,1,1
1818,1631,giant drubber,11,2,1009,1,1,1
1819,1632,Eurytos,11,2,1009,1,1,1.2
1820,1633,hecatoncheir skullsplitter,12,2,1009,1,5,1
1821,1634,hecatoncheir spineslicer,12,2,1009,1,5,1
1822,1635,hecatoncheir hellhowler,12,2,1009,1,5,1
1823,1636,hecatoncheir shieldrummer,12,2,1009,1,5,1.5
1824,1637,Aegaeon of the Bone,12,2,1009,1,5,1.6
1825,1638,dragonfly chaser,362,3,140,1,1,1
1826,1796,giant's strongbox,492,4,3140,0,1,1
1827,1797,Allagan artifact,503,4,3671,0,1,1
1831,1747,frostbitten goobbue,199,3,54,1,2,1.5
1832,1750,mad karakul ram,289,3,86,1,6,1.5
1833,1752,lost ewe,291,3,86,1,8,1.5
1834,1763,snowshoe mouse,27,3,2,2,3,2
1835,1764,Skadi,188,3,49,2,1,1.5
1836,1765,great white torama,67,3,17,1,3,2
1837,1767,beggar shramana,13,2,1009,7,1,1
1838,1766,beggar bonze,13,2,1009,7,1,1
1840,1776,Gorn the Garrgh,11,2,1009,1,1,1.2
1841,1778,Ixali watchwolf,163,3,41,3,1,1
1842,114,ice sprite,382,3,153,1,2,1
1843,1777,Ixali fencer,4,2,1002,1,1,1.2
1844,1783,Ixali frostwing,4,2,1002,1,1,1.2
1845,491,wandering wisp,79,3,20,1,2,1
1846,1789,blood bateleur,41,3,7,1,3,1.5
1847,1638,dragonfly chaser,362,3,140,1,1,1
1848,1631,giant drubber,11,2,1009,1,1,1
1849,1787,giant talker,11,2,1009,1,1,1
1850,117,lightning sprite,384,3,153,1,4,1
1851,1762,downcast hippocerf,133,3,33,1,1,1.5
1852,1770,Foul River hapalit,188,3,49,2,1,1.2
1853,1779,Lotoli Ahuatan the Glider,4,2,1002,1,1,1.2
1854,1786,Mimas,11,2,1009,1,1,1.2
1856,1792,Okeanos the Red,13,2,1009,7,1,1.2
1857,1794,glowing bonfire,498,4,2582,0,1,1
1858,1232,fallen supplies,488,4,2220,0,1,1
1859,1795,research document,495,4,3145,0,1,1
1860,1170,Qiqirn egglifter,14,2,1012,1,1,1
1861,115,wind sprite,383,3,153,1,3,1
1862,1148,goblin roper,6,2,1004,1,1,1
1863,113,earth sprite,386,3,153,2,1,1
1877,2092,magitek reaper,2,2,2,1,1,1
1878,2113,imperial war hound,160,3,41,1,2,1.5
1879,269,magitek vanguard,214,3,56,1,2,2
1883,2116,magitek vanguard F-1,215,3,56,1,3,2
1884,2117,magitek colossus rubricatus,254,3,76,1,2,3.5
1885,2206,Mark XLIII mini cannon,405,3,165,1,1,1
1886,1975,tusked hog,45,3,8,1,2,1.7
1887,1976,inflated nix,127,3,30,1,2,2
1888,34,adamantoise,94,3,23,1,1,1.5
1889,1977,Stonespike Tanadd Gah,3,2,1001,1,1,1.5
1890,1978,Wellwick worm,238,3,68,1,1,1.5
1891,1979,storm sprite,383,3,153,1,3,2
1892,1980,129th Order priest,5,2,1003,1,1,1.5
1893,2074,large boulder,82,3,21,1,2,2
1894,1982,crystal bearer,110,3,28,1,4,6
1899,1985,heavy banemite,22,3,1,3,1,2
1900,1986,goobbue farmer,198,3,54,1,1,2
1901,1709,Amalj'aa augur,143,3,36,1,3,2
1904,1991,grand aevis,377,3,150,1,1,1.6
1908,1996,ectoplasm,80,3,20,1,3,3
1909,2001,goblin ambusher,6,2,1004,1,1,1
1910,2002,Shezmu,198,3,54,1,1,1.6
1911,2003,white death,27,3,2,2,3,1.5
1912,2004,Ixali limbcutter,4,2,1002,1,1,1.2
1913,2005,ceruleum coblyn,178,3,45,1,3,0.5
1914,2006,Cronos,13,2,1009,7,1,1.5
1915,2007,Morbolger,145,3,37,1,1,1.5
1916,236,revenant,265,3,80,1,2,2
1917,2010,giant sandworm,238,3,68,1,1,1.5
1918,2013,Aturia,364,3,142,1,1,2
1919,2014,emerald salamander,151,3,39,1,1,1.7
1920,2015,Heket,126,3,30,1,1,2
1921,2016,red mantis,376,3,148,2,1,1.5
1922,2017,Bolthorn,189,3,49,2,2,1.7
1925,2024,aetherbound aurelia,280,3,84,2,1,1.5
1926,2025,aetherbound gnat,53,3,11,1,1,2
1928,2029,pteroc matron,131,3,32,1,2,2
1929,2030,Greywine,180,3,46,1,2,2
1930,2031,Archaeoaevis,377,3,150,1,1,1.5
1931,2034,miteling straggler,20,3,1,1,1,0.7
1932,2035,unspeaking swordsman,121,3,29,1,1,1.5
1933,2036,giant captive,11,2,1009,1,1,1
1934,2037,gigas captive,13,2,1009,7,1,1
1937,2043,deep-stained sprite,385,3,153,1,5,1
1938,2043,deep-stained sprite,384,3,153,1,4,1
1939,2045,deep-stained sprite,383,3,153,1,3,1
1943,2051,wandering soul,265,3,80,1,2,1.5
1944,2051,wandering soul,265,3,80,1,2,2
1945,2051,wandering soul,265,3,80,1,2,2.5
1948,2054,Allagan mirrorknight,378,3,151,1,1,1
1949,2055,wild morbol,145,3,37,1,1,0.7
1950,2115,Mark XLIII artillery cannon,405,3,165,1,1,1
1958,2089,magitek vanguard H-1,213,3,56,1,1,2
1959,2113,imperial war hound,160,3,41,1,2,1.5
1960,2205,magitek loader,404,3,164,1,1,1
1961,1727,abandoned vanguard,214,3,56,1,2,2
1962,1946,scout wolf,159,3,41,1,1,1.5
1963,2149,Ixali sabreur,4,2,1002,1,1,1.5
1964,104,Ixali swiftbeak,4,2,1002,1,1,1.2
1965,105,Ixali fogcaller,4,2,1002,1,1,1.2
1966,2089,magitek vanguard H-1,213,3,56,1,1,2
1969,2131,cermet bulkhead,481,0,0,0,1,1
1970,2132,cermet blast door,481,0,0,0,1,1
1971,2133,Proto Ultima arm unit,324,3,107,1,1,1
1972,2134,Mark II magitek colossus,255,3,76,1,3,3.5
1973,2121,magitek death claw,331,3,114,1,1,1
1974,2137,the Ultima Weapon,307,3,99,1,1,1
1975,2137,the Ultima Weapon,307,3,99,1,1,1
1976,2143,Lahabrea,547,1,101,1,1,1
1977,2067,Lavafang Hemozz Teh,3,2,1001,1,1,1.2
1978,253,Amalj'aa pugilist,3,2,1001,1,1,1.2
1979,1787,giant talker,3,2,1001,1,1,1.2
1980,245,Amalj'aa lancer,3,2,1001,1,1,1.2
1981,1126,battle drake,179,3,46,1,1,1.5
1993,1799,shrapnel,517,4,3697,0,1,1
1994,1802,Titan's heart,516,4,3695,0,1,1
1996,2209,field generator,481,0,0,0,1,1
1997,1464,dark matter mantis,375,3,148,1,2,1
1998,1461,dark matter golem,87,3,21,1,7,2
1999,1646,Chirada,296,3,87,1,5,1
2000,2174,dreadguard,379,3,151,1,2,1
2001,1479,dark matter slug,52,3,10,1,3,2
2002,1481,dark matter aurelia,281,3,84,2,2,1.5
2003,1463,dark matter pteroc,509,3,32,1,4,2
2004,1480,dark matter pugil,357,3,134,1,2,1
2005,1462,dark matter coeurl,68,3,17,1,4,1.5
2006,1465,dark matter pelican,158,3,40,1,5,1.2
2007,1466,Caduceus,558,3,175,1,1,2.5
2008,1467,dark matter slime,296,3,87,1,5,1
2009,1459,ADS,316,3,105,1,1,1
2010,1468,quarantine node,318,3,105,2,2,0.5
2011,1469,attack node,319,3,105,2,3,0.5
2012,1470,sanitary node,320,3,105,2,4,0.5
2013,1471,monitoring node,321,3,105,2,5,0.5
2014,1472,defense node,322,3,105,2,6,0.5
2015,1473,disposal node,323,3,105,2,7,0.5
2016,1474,clockwork bug,508,3,136,1,1,1
2017,1475,clockwork soldier,387,3,154,1,1,2
2018,1477,clockwork knight,388,3,155,1,1,2
2019,1476,spinner-rook,380,3,152,1,1,1
2020,1478,clockwork dreadnaught,361,3,139,1,1,1
2021,1482,Twintania,226,3,60,2,1,1.5
2022,2171,neurolink,402,3,162,1,1,1
2023,2176,the scourge of Meracydia,224,3,60,1,1,1
2024,1483,Hygieia,559,3,65,1,2,1
2025,1484,Asclepius,560,3,65,2,2,1.5
2026,1485,dreadknight,379,3,151,1,2,1
2031,297,magitek colossus,253,3,76,1,1,3.5
2032,2136,Gaius van Baelsar,477,3,9994,1,2,1
2033,108,,523,3,9995,1,5,1
2034,2170,conflagration,557,3,174,1,1,1
2035,2210,oviform,512,3,156,1,6,1
2036,2138,aetheroplasm,513,3,156,1,7,1
2037,2142,magitek bit,55,3,12,1,1,1
2038,2139,Ultima Ifrit,304,3,96,1,1,1
2039,2140,Ultima Titan,306,3,98,1,1,1.5
2040,2141,Ultima Garuda,303,3,95,1,1,2
2041,108,,550,4,4141,0,1,1
2042,1490,golem soulstone,510,5,0,0,1,1
2043,108,,480,0,0,0,1,1
2046,1949,goblin trader,6,2,1004,1,1,1
2047,1950,goblin picaroon,6,2,1004,1,1,1
2049,1400,Topaz Carbuncle,412,3,7002,1,4,1
2056,1400,Topaz Carbuncle,412,3,7002,1,4,1
2062,1400,Topaz Carbuncle,412,3,7002,1,4,1
2065,1958,Mamool Ja mercenary,10,2,1008,1,1,1
2066,1958,Mamool Ja mercenary,10,2,1008,1,1,1
2068,1961,Rabisu,63,3,16,1,1,2.8
2069,1962,runagate imp,63,3,16,1,1,1.5
2070,1963,Sil'dihn spriggan,110,3,28,1,4,2
2076,1400,Topaz Carbuncle,412,3,7002,1,4,1
2077,1501,glowing grimoire,532,4,3989,0,1,1
2081,1539,Vale bat,341,3,120,2,1,2
2082,2170,conflagration,361,3,139,1,1,1
2083,1541,eftstool,400,3,160,1,1,1
2084,2020,leaping ringtail,401,3,161,1,1,1
2085,1535,morbol seedling,519,3,149,1,1,1
2086,1544,Vale banemite,520,3,9993,1,1,1
2087,233,old-growth treant,103,3,26,1,4,10
2088,1546,poisoned peasant,100,3,26,1,1,2
2089,1994,boring fleshfly swarm,58,3,14,1,1,1
2090,417,wharf rat,24,3,2,1,1,1.5
2091,678,rat king,562,3,2,3,1,6
2092,270,grenade,101,3,26,1,2,2
2093,2009,gorgotaur,365,3,143,1,1,1
2094,637,dragonfly,362,3,140,1,1,1.5
2104,1714,astroscope log,528,4,3969,0,1,1
2107,1721,wine crate,488,4,2220,0,1,1
2108,1722,kobold toolbox,530,4,3984,0,1,1
2109,1604,pack chocobo,1,2,1,1,1,1
2110,1724,Gore Horde lancer,3,2,1001,1,1,1.5
2111,274,myotragus nanny,5,2,1003,1,1,1.5
2113,248,Amalj'aa halberdier,3,2,1001,1,1,1.2
2114,260,Amalj'aa divinator,3,2,1001,1,1,1.2
2115,1710,glowing cresset,531,4,3702,0,1,1
2117,1661,Spiteful,110,3,28,1,4,6
2118,1662,Capricious Cassie,145,3,37,1,1,2
2120,1664,Daxio of the Dawn,7,2,1005,1,1,2.5
2121,1665,Volxia of the Blade,7,2,1005,1,1,2.5
2122,1666,Pulxio of the Short Gale,7,2,1005,1,1,2.5
2123,1667,Phaia,45,3,8,1,2,3
2124,1668,Daedalus,121,3,29,1,1,3
2125,1669,Great Oak,106,3,27,1,5,2
2126,1670,59th Order Bedesman Bi Go,5,2,1003,1,1,2
2127,2280,fulminator,178,3,45,1,3,5
2128,1503,Aeetes,267,3,81,1,2,5
2129,1504,Bagoly,378,3,151,1,1,2.5
2130,1505,Aspidochelone,95,3,23,1,2,2
2131,257,Diamondjaw Nezedd Gah,3,2,1001,1,1,2
2132,1506,Cindersoot Pegujj Chah,3,2,1001,1,1,2
2134,1507,Whitespark Hepugg Roh,3,2,1001,1,1,2
2135,1508,Arimaspi,169,3,43,1,3,4
2136,1509,vanguard prototype,215,3,56,1,3,3
2137,1632,Eurytos,228,3,62,1,1,3
2138,1511,bomb baron,101,3,26,1,2,5
2141,1514,Milburh the Malicious,18,2,1016,1,1,2
2142,1515,Sekhmet,65,3,17,1,1,3
2143,1516,Jolly Green,198,3,54,1,1,2.5
2144,1517,Metshaldjas,358,3,135,1,1,7
2145,1700,Meww the Pusher,9,2,1007,1,1,2
2146,1701,Mouu the Puller,9,2,1007,1,1,2
2147,1518,Voll the Sharkskinned,9,2,1007,1,1,2
2148,1519,Oannes,356,3,134,1,1,3
2149,1520,Karkinos,355,3,133,1,1,4
2150,1521,Zoredonite,364,3,142,1,1,3
2151,1522,Scarface Bugaal Ja,10,2,1008,1,1,1.2
2152,1523,Ose,67,3,17,1,3,3
2153,1524,59th Order Pickman Be Ze,5,2,1003,1,1,2
2154,1702,59th Order Matriarch Go Zu,5,2,1003,1,1,2
2155,1525,Brounger,80,3,20,1,3,5
2156,1526,Peryton,131,3,32,1,2,6
2157,1527,Number 128,81,3,21,1,1,3
2158,1529,mantis king,216,3,57,1,1,2
2159,1529,mantis king,376,3,148,2,1,2
2160,1530,Sebek,372,3,147,1,1,2
2161,108,,480,0,0,0,1,1
2174,2095,Amber Carbuncle,412,3,7002,1,4,1
2177,2089,magitek vanguard H-1,213,3,56,1,1,2
2178,297,magitek colossus,253,3,76,1,1,2
2179,2094,magitek field generator,1287,4,9598,0,1,1
2183,1459,ADS,316,3,105,1,1,1
2184,1460,patrol node,317,3,105,2,1,0.5
2185,1469,attack node,319,3,105,2,3,0.5
2186,1472,defense node,322,3,105,2,6,0.5
2187,1992,scarred antelope,61,3,15,1,1,2.5
2188,1993,rockskin peiste,137,3,34,2,2,2
2189,1995,gripper,149,3,38,1,2,2
2193,2057,halitostroper,145,3,37,1,1,2.5
2194,1808,Solkzagyl the Loyal,59,3,14,1,2,1.5
2195,2059,the Unbreakable,5,2,1003,1,1,1.5
2196,2060,spotted mudpuppy,151,3,39,1,1,1.7
2197,2061,elder hapalit,188,3,49,2,1,2.5
2198,2062,the last of the Allagans,265,3,80,1,2,2
2199,1694,demon wall,529,4,3976,0,1,1
2200,2197,charmed falmadair,17,2,1015,1,1,1.5
2201,108,,480,0,0,0,1,1
2202,2196,charmed captain,17,2,1015,1,1,2
2203,1403,Titan-Egi,416,3,7004,1,1,1
2204,1882,stone shiver,386,3,153,2,1,1
2205,1971,moraine golem,84,3,21,1,4,1
2207,1881,Ifrit-Egi,415,3,7003,1,1,1
2209,1404,Garuda-Egi,417,3,7005,1,1,1
2210,2203,Egi plume,302,3,93,1,1,1
2212,1972,Chirada-Egi,417,3,7005,1,1,0.4
2213,1973,Suparna-Egi,417,3,7005,1,1,0.4
2219,2148,Belias-Egi,537,3,7003,1,2,2
2221,1732,cluster mantis,376,3,148,2,1,0.6
2222,1848,cacophony,389,3,156,1,1,2
2223,399,wild jackal,160,3,41,1,2,1.5
2224,67,sylpheed screech,7,2,1005,1,1,1
2225,68,sylpheed sigh,7,2,1005,1,1,1
2226,69,sylpheed snarl,7,2,1005,1,1,1
2227,405,tiny mandragora,533,4,4019,0,1,1
2228,2144,vyraal,233,3,64,1,1,2
2229,2145,unholy grimoire,541,4,4084,0,1,1
2230,2168,Bertha,518,3,167,1,1,1
2232,1690,lunatic priest,249,3,72,1,1,1
2233,1699,Bibireze Greysteel,237,3,67,1,1,1
2234,2183,Hydaelyn,480,0,0,0,1,1
2235,1855,Jijiroon of the Silver Clutch,14,2,1012,1,1,1
2236,1974,onyx claw,381,3,153,1,1,1
2237,1860,airstone,488,4,2220,0,1,1
2239,417,wharf rat,24,3,2,1,1,1.5
2240,678,rat king,24,3,2,1,1,2.5
2241,43,chigoe,36,3,6,1,1,2
2242,680,bigger chigoe,36,3,6,1,1,2
2243,681,even bigger chigoe,36,3,6,1,1,3
2244,630,Mark XLIII anti-aircraft cannon,405,3,165,1,1,1
2245,2097,voidgate,536,4,4012,0,1,1
2249,297,magitek colossus,253,3,76,1,1,3.5
2250,2121,magitek death claw,331,3,114,1,1,1
2252,297,magitek colossus,253,3,76,1,1,3.5
2253,2121,magitek death claw,331,3,114,1,1,1
2255,2089,magitek vanguard H-1,213,3,56,1,1,2
2256,2121,magitek death claw,331,3,114,1,1,1
2261,2180,tonberry slasher,90,3,22,1,2,3
2262,1806,ceruleum spring,508,3,136,1,1,1
2263,1758,snowpuppy,387,3,154,1,1,1
2264,2187,swollen djigga,37,3,6,1,2,2
2265,2188,pumice golem,81,3,21,1,1,2
2266,2189,bright balloon,100,3,26,1,1,2
2267,2190,lightning spark,384,3,153,1,4,1
2268,2191,dune angler,268,3,82,1,1,2
2269,2192,young coeurl,65,3,17,1,1,1.5
2270,1468,quarantine node,480,0,0,0,1,1
2271,1470,sanitary node,480,0,0,0,1,1
2272,1472,defense node,480,0,0,0,1,1
2273,1473,disposal node,480,0,0,0,1,1
2274,1459,ADS,480,0,0,0,1,1
2275,1459,ADS,480,0,0,0,1,1
2282,1474,clockwork bug,508,3,136,1,1,1
2283,1482,Twintania,480,0,0,0,1,1
2284,1472,defense node,480,0,0,0,1,1
2285,2212,wild morbol seedling,328,3,111,1,1,2
2286,3240,Cloud of Darkness,480,0,0,0,1,1
2287,2265,siren,243,3,69,1,1,1
2288,2266,zombie storm private,548,1,0,1,1,1.5
2289,2513,zombie storm sergeant,597,1,101,1,1,1
2290,2325,granite gaoler,618,3,7004,1,2,1
2291,750,???,480,0,0,0,1,1
2292,2261,zu,604,3,60,3,1,1
2293,2262,zu cockerel,595,3,180,1,1,2
2294,2263,zu pullet,596,3,180,1,2,2
2295,2267,zu egg,598,3,179,1,1,2
2296,2267,zu egg,599,3,179,1,2,2
2297,2261,zu,604,3,60,3,1,1
2298,108,,480,0,0,0,1,1
2299,2259,Symond the Unsinkable,621,1,101,1,1,1.5
2300,2260,zombie war hound,606,3,41,1,4,1.5
2301,2256,zombie sailor,548,1,0,1,1,1.5
2302,2252,bhoot,601,3,182,1,1,1
2303,2251,drifting soul,265,3,80,1,2,2
2304,2245,Sirius leech,600,3,181,1,1,1
2305,2249,corrupted slime,610,3,87,1,6,1
2306,2257,zombie barber,548,1,0,1,1,1.5
2307,3984,Vedrfolnir,480,0,0,0,1,1
2308,2227,stray karakul ram,406,3,166,1,1,10
2309,2220,earthen brickman,576,3,178,1,1,1
2310,2221,stone brickman,589,3,178,1,2,1.75
2311,2222,golden brickman,590,3,178,1,3,2.1
2312,1185,Ifrit,480,0,0,0,1,1
2313,2246,Sirius pugil,356,3,134,1,1,1
2314,2247,Sirius uragnite,364,3,142,1,1,1
2315,2248,Sirius elbst,182,3,46,3,1,1.5
2316,2250,corrupted sprite,612,3,153,1,6,2
2317,2255,screamer,41,3,7,1,3,1.5
2318,2253,corrupted pudding,608,3,55,1,13,2
2319,2137,the Ultima Weapon,307,3,99,1,1,1
2320,2139,Ultima Ifrit,304,3,96,1,1,1
2321,2140,Ultima Titan,306,3,98,1,1,1.5
2322,2141,Ultima Garuda,303,3,95,1,1,2
2323,2138,aetheroplasm,513,3,156,1,7,1
2324,2324,ultimaplasm,614,3,156,1,10,1
2325,2142,magitek bit,55,3,12,1,1,1
2326,1792,Okeanos the Red,237,3,67,1,1,1
2327,2254,corrupted petite pudding,608,3,55,1,13,0.5
2328,2264,Tyrant,233,3,64,1,1,2
2329,2258,corrupted aether cloud,613,3,156,1,9,1
2330,2256,zombie sailor,548,1,0,1,1,1.5
2331,1186,infernal nail,298,3,90,1,1,2
2332,2268,hecatoncheir quakequeller,12,2,1009,1,5,1
2333,2269,hecatoncheir tremorward,12,2,1009,1,5,1.3
2334,2270,hecatoncheir stonehoarder,12,2,1009,1,5,1
2335,2271,hecatoncheir skullcrusher,12,2,1009,1,5,1.3
2336,2272,hecatoncheir wallcrasher,12,2,1009,1,5,1
2337,2273,hecatoncheir rocksplitter,12,2,1009,1,5,1
2338,2274,errant revenant,264,3,80,1,1,2
2339,2275,chalcopyrite coblyn,176,3,45,1,1,1.5
2340,2276,pit hippogryph,133,3,33,1,1,1.5
2341,2277,ancient uragnite,364,3,142,1,1,1
2342,2278,septic slime,292,3,87,1,1,1
2343,2279,Copperbell nix,126,3,30,1,1,1.5
2344,2280,fulminator,100,3,26,1,1,2
2345,2281,spriggan miner,107,3,28,1,1,2
2346,1890,spurned soul,613,3,156,1,9,1
2347,706,bone dragon,232,3,63,2,1,1
2348,706,bone dragon,480,0,0,0,1,1
2349,707,platinal,17,2,1015,1,1,2
2350,710,Thanatos,605,3,29,1,6,3
2351,710,Thanatos,480,0,0,0,1,1
2352,711,nemesis,18,2,1016,1,1,2
2353,712,magic pot,263,3,79,1,1,4
2354,727,king behemoth,165,3,42,1,1,1.5
2355,727,king behemoth,480,0,0,0,1,1
2356,728,puroboros,101,3,26,1,2,8
2357,730,iron giant,609,3,76,1,4,3
2358,731,comet,629,3,106,1,1,2
2359,2510,Allagan energy tower,476,3,9994,1,1,1
2360,732,Phlegethon,250,3,73,1,1,5
2361,732,Phlegethon,480,0,0,0,1,1
2362,733,iron claws,332,3,114,1,2,2
2363,108,,480,0,0,0,1,1
2364,2370,manor acrobat,63,3,16,1,1,1
2365,2371,altered Wailer,19,2,1017,1,1,1
2366,2371,altered Wailer,365,3,143,1,1,1.2
2367,2333,manor footman,17,2,1015,1,1,1
2368,2334,manor claviger,18,2,1016,1,1,1.2
2369,2335,manor sentry,216,3,57,1,1,1.2
2370,428,manor sentry,167,3,43,1,1,1.5
2371,2322,Sylphlands guardian,53,3,11,1,1,1.8
2372,2337,congealed blood,201,3,55,1,1,1.5
2373,2338,writhing statue,363,3,141,1,1,1.5
2374,2339,manor warden,187,3,49,1,1,1.2
2375,2282,hecatoncheir mastermind,12,2,1009,1,5,1
2376,2283,mining dross,292,3,87,1,1,0.5
2377,2283,mining dross,293,3,87,1,2,0.5
2378,2283,mining dross,294,3,87,1,3,0.5
2379,983,flambeau,100,3,26,1,1,2
2380,2284,hecatoncheir rockvaulter,12,2,1009,1,5,0.9
2381,2285,Gogmagolem,88,3,21,2,1,2
2382,2286,Biggy,107,3,28,1,1,2
2383,1303,blasting cap,101,3,26,1,2,2
2384,2287,shattering cap,100,3,26,1,1,5
2385,2288,kindling sprite,381,3,153,1,1,1
2386,2289,Ouranos,12,2,1009,1,5,1.8
2387,2290,abyss worm,241,3,68,1,4,1.5
2388,2290,abyss worm,480,0,0,0,1,1
2389,2281,spriggan miner,107,3,28,1,1,2
2392,736,fire homunculus,381,3,153,1,1,2
2393,737,ice homunculus,382,3,153,1,2,2
2394,738,wind homunculus,383,3,153,1,3,2
2395,739,earth homunculus,386,3,153,2,1,2
2396,740,lightning homunculus,384,3,153,1,4,2
2397,741,water homunculus,385,3,153,1,5,2
2398,820,valefor,228,3,62,1,1,2
2399,821,valar,63,3,16,1,1,2
2400,822,greater demon,19,2,1017,1,1,2
2401,1864,dira,18,2,1016,1,1,2
2402,1871,cursed eye,167,3,43,1,1,2
2403,1872,Atomos,227,3,61,1,1,2
2404,820,valefor,228,3,62,1,1,2
2405,822,greater demon,19,2,1017,1,1,2
2406,1864,dira,18,2,1016,1,1,2
2407,1873,Allagan bomb,103,3,26,1,4,5
2408,1874,Allagan balloon,100,3,26,1,1,8
2409,1875,Allagan napalm,101,3,26,1,2,8
2410,1876,vassago,638,3,57,1,6,2
2411,2150,,167,3,43,1,1,4
2412,426,manor jester,64,3,16,1,2,2.5
2413,2340,manor butler,17,2,1015,1,1,1.8
2414,427,manor steward,17,2,1015,1,1,3
2415,2341,Ash,567,3,172,1,1,1.5
2416,2342,taurus minion,365,3,143,1,1,1.2
2417,2343,abyssal lance,619,3,9994,2,1,1
2418,2344,abyssal scythe,620,3,9994,3,1,1
2419,2346,Halicarnassus,18,2,1016,1,1,2
2420,2917,Lady Amandine,18,2,1016,1,1,1.8
2421,633,manor maidservant,18,2,1016,1,1,1
2422,428,manor sentry,167,3,43,1,1,1.5
2423,2347,planar fissure,536,4,4012,0,1,1
2430,2293,collapsed rock,481,0,0,0,1,1
2431,2293,collapsed rock,481,0,0,0,1,1
2432,2293,collapsed rock,481,0,0,0,1,1
2433,2286,Biggy,107,3,28,1,1,2
2434,913,rotting eye,167,3,43,1,1,2
2435,2000,sandman,602,3,182,1,2,2
2436,730,iron giant,609,3,76,1,4,3
2437,2375,territorial raptor,96,3,24,1,1,1.4
2438,2376,territorial pelican,155,3,40,1,2,1.5
2439,2342,taurus minion,88,3,21,2,1,2.3
2440,1313,large buffalo,617,3,186,1,1,1
2441,2343,abyssal lance,628,3,27,2,1,1
2442,2334,manor claviger,591,3,16,1,3,1
2443,1909,,100,3,26,1,1,2
2444,727,king behemoth,635,3,9995,1,6,1
2445,730,iron giant,609,3,76,1,4,3
2446,8143,Griaule,2476,3,146,5,1,0.6
2447,1205,scurvy dog,164,3,41,4,1,1.5
2448,909,Ixali limbcutter,4,2,1002,1,1,1.5
2449,910,Ixali soilseer,4,2,1002,1,1,1.2
2450,911,Ixali bolecleaver,4,2,1002,1,1,1.2
2451,2360,Lacovie,95,3,23,1,2,1.5
2452,1877,infernal beacon,615,3,184,1,1,1
2453,1878,Ifrit's beacon,615,3,184,1,1,1
2454,258,Amalj'aa thaumaturge,3,2,1001,1,1,1.2
2455,2309,Flamefang lancer,3,2,1001,1,1,1.2
2456,2302,Amalj'aa porter,3,2,1001,1,1,1.5
2457,2303,Zahar'ak fortune-teller,3,2,1001,1,1,1.5
2458,2306,Flamefang pugilist,3,2,1001,1,1,1.2
2459,2307,Flamefang archer,3,2,1001,1,1,1.2
2461,2309,Flamefang lancer,3,2,1001,1,1,1.2
2462,2306,Flamefang pugilist,3,2,1001,1,1,1.2
2463,2310,3rd Cohort vanguard,214,3,56,1,2,2
2464,2315,greater banestool,616,3,185,1,1,1.2
2465,2316,giant banestool,616,3,185,1,1,1.5
2466,2312,tipsy sylph,7,2,1005,1,1,1
2467,1322,worried worker,104,3,27,1,1,1.2
2468,947,Ixali sincaller,45,3,8,1,2,1.5
2469,2508,furious sigh,7,2,1005,1,1,1
2470,2509,furious snarl,7,2,1005,1,1,1
2471,2364,Diluxio's toady,7,2,1005,1,1,1
2472,2365,Diluxio's lackey,7,2,1005,1,1,1
2473,2366,Diluxio,7,2,1005,1,1,1
2475,2299,Zanr'ak battle drake,179,3,46,1,1,1.5
2476,1939,crazed sprite,152,3,39,2,1,2
2477,692,brutish imp,63,3,16,1,1,1.5
2478,693,gruesome gargoyle,216,3,57,1,1,1.5
2479,694,gnarled gargoyle,216,3,57,1,1,1.5
2482,2359,tremulous moogle,8,2,1006,1,1,1
2483,700,malevolent squirrel,25,3,2,2,1,2
2484,701,malevolent galago,31,3,4,1,1,1.2
2485,702,malevolent ked,54,3,11,1,2,2
2486,703,malevolent ochu,35,3,5,1,2,0.5
2487,704,malevolent seedling,328,3,111,1,1,2
2488,705,malevolent stroper,145,3,37,1,1,1
2489,2224,snowblown goobbue,199,3,54,1,2,2
2490,2226,stray karakul ewe,291,3,86,1,8,1.5
2491,2227,stray karakul ram,289,3,86,1,6,1.5
2492,2233,frost aevis,377,3,150,1,1,1.5
2493,2241,crate of illicit concoctions,492,4,3140,0,1,1
2494,2242,soldiers' effects,630,4,4995,0,1,1
2495,2243,airship wreckage,632,4,4994,0,1,1
2496,2244,Allagan artifact,631,4,4993,0,1,1
2497,1756,red aevis,377,3,150,1,1,1.5
2498,2237,magitek packer,331,3,114,1,1,1.5
2499,2240,lake nix,127,3,30,1,2,2
2500,2231,Bezul Huizan the Screamer,4,2,1002,1,1,1.5
2501,2368,Flamefang commander,3,2,1001,1,1,2
2503,64,sylvan screech,7,2,1005,1,1,2
2504,2367,Kafre,45,3,8,1,2,3
2505,2353,truculent boar,45,3,8,1,2,1.2
2506,2354,Flamecrest Afajj Koh,3,2,1001,1,1,2
2507,2355,Kozol Nomotl the Turbulent,4,2,1002,1,1,2
2508,2356,Yarr the Wavefiend,9,2,1007,1,1,2
2509,2357,5th Order Patriarch Ze Bu,5,2,1003,1,1,2
2510,2377,alpha bomb,100,3,26,1,1,6
2511,2378,territorial firefly,78,3,20,1,1,3
2512,2379,territorial wisp,79,3,20,1,2,3
2513,2380,alpha mantis,376,3,148,2,1,1.5
2514,2381,alpha devilet,64,3,16,1,2,2.8
2516,2383,territorial skeleton,17,2,1015,1,1,1.5
2517,2384,territorial wolf,159,3,41,1,1,1.5
2518,2385,territorial jackal,160,3,41,1,2,1.5
2519,2386,territorial hound,163,3,41,3,1,1.5
2520,2387,territorial treant,104,3,27,1,1,1.2
2521,2388,territorial lily bulb,358,3,135,1,1,2
2522,2389,territorial doblyn,177,3,45,1,2,2
2523,2390,territorial spriggan,110,3,28,1,4,3
2524,2390,territorial spriggan,109,3,28,1,3,3
2525,2391,alpha fungus,29,3,3,1,2,2.5
2526,2392,territorial beetle,56,3,13,1,1,2.5
2527,2393,territorial fungus,28,3,3,1,1,1.5
2528,2394,alpha goobbue,198,3,54,1,1,2
2529,2395,territorial boar,45,3,8,1,2,1.5
2530,2396,territorial colibri,360,3,138,1,1,1.4
2531,2397,alpha taurus,365,3,143,1,1,1.6
2532,2379,territorial wisp,79,3,20,1,2,3
2533,2398,territorial hippogryph,134,3,33,1,2,2
2534,2399,alpha grenade,101,3,26,1,2,6
2535,2400,territorial bomb,100,3,26,1,1,4
2536,2400,territorial bomb,100,3,26,1,1,4
2537,2401,alpha vodoriga,363,3,141,1,1,1.5
2538,2402,alpha ahriman,168,3,43,1,2,2.5
2539,2403,territorial bat,98,3,25,1,1,2.5
2540,2404,territorial revenant,265,3,80,1,2,2.5
2541,2405,territorial stoneshell,355,3,133,1,1,2
2542,2406,territorial snipper,149,3,38,1,2,2
2543,2407,territorial cockatrice,174,3,44,1,2,2
2544,2408,territorial orobon,270,3,82,2,1,4
2545,2409,territorial eft,152,3,39,2,1,1.6
2546,2410,territorial plasmoid,80,3,20,1,3,3
2547,2411,territorial sprite,384,3,153,1,4,2
2548,2411,territorial sprite,385,3,153,1,5,2
2549,2412,territorial marshmallow,201,3,55,1,1,2
2550,2413,territorial bavarois,202,3,55,1,2,2
2551,2414,territorial pudding,205,3,55,1,5,2
2552,2415,territorial yarzon,76,3,19,1,2,1.5
2553,2416,territorial diremite,21,3,1,2,1,2
2554,2417,territorial coblyn,176,3,45,1,1,2
2555,2418,alpha nix,127,3,30,1,2,2
2556,2419,alpha buffalo,138,3,35,1,1,1.2
2557,2420,alpha deathgaze,233,3,64,1,1,2
2558,2421,territorial vulture,41,3,7,1,3,2
2559,2422,territorial cobra,235,3,65,2,1,1.2
2560,2423,territorial puk,131,3,32,1,2,3
2561,2424,territorial drake,179,3,46,1,1,1.8
2562,2425,alpha ziz,156,3,40,1,3,1.6
2563,2426,territorial axe beak,157,3,40,1,4,0.8
2564,2427,territorial ziz,154,3,40,1,1,0.8
2565,2428,territorial coeurl pup,69,3,17,2,1,2
2566,2429,territorial young coeurl,65,3,17,1,1,2
2567,2430,territorial coeurl,67,3,17,1,3,2
2568,2431,alpha apkallu,190,3,50,1,1,1.5
2569,2432,territorial sea wasp,280,3,84,2,1,2
2570,2406,territorial snipper,149,3,38,1,2,2
2571,2433,territorial stag,62,3,15,2,1,1.5
2572,2434,territorial lindwurm,97,3,24,1,2,1.4
2573,2435,territorial dullahan,121,3,29,1,1,2
2574,2436,alpha aldgoat,185,3,47,2,1,2
2575,2437,territorial billygoat,183,3,47,1,1,1.2
2576,2438,territorial nannygoat,184,3,47,1,2,1.2
2577,2439,territorial mole,282,3,85,1,1,1.5
2578,2440,territorial hedgemole,283,3,85,2,1,1.5
2579,2439,territorial mole,282,3,85,1,1,1.5
2580,2440,territorial hedgemole,283,3,85,2,1,1.5
2581,2441,territorial hare,51,3,10,1,2,2.4
2582,2442,territorial feral croc,373,3,147,1,2,1.5
2583,2443,territorial mirrorknight,378,3,151,1,1,1.5
2584,2444,territorial dodo,173,3,44,1,1,2
2585,2445,territorial condor,40,3,7,1,2,2
2586,2407,territorial cockatrice,174,3,44,1,2,2
2587,2446,territorial kalong,99,3,25,1,2,2.5
2588,2447,territorial syrphid cloud,59,3,14,1,2,1.5
2589,2448,territorial marmot,26,3,2,2,2,2.5
2590,2380,alpha mantis,374,3,148,1,1,1.5
2591,2449,territorial banemite,22,3,1,3,1,1.2
2592,2450,territorial ked,54,3,11,1,2,1.8
2593,2451,alpha slime,292,3,87,1,1,2
2594,2452,territorial slime,292,3,87,1,1,1.5
2595,2414,territorial pudding,205,3,55,1,5,2
2596,2453,alpha microchu,35,3,5,1,2,2
2597,2454,territorial djigga,37,3,6,1,2,2.5
2598,2455,territorial ochu,34,3,5,1,1,1
2599,2405,territorial stoneshell,355,3,133,1,1,2
2600,2456,territorial pugil,356,3,134,1,1,1.5
2601,2457,territorial uragnite,364,3,142,1,1,2
2602,2458,territorial roselet,48,3,9,1,1,2.5
2603,2459,territorial lemur,32,3,4,1,2,1.5
2604,2460,territorial flytrap,49,3,9,1,2,2.5
2605,2461,alpha sandworm,238,3,68,1,1,1.5
2606,2462,territorial antling sentry,194,3,51,1,3,1.6
2607,2463,territorial antling princess,195,3,51,1,4,1.6
2608,2394,alpha goobbue,199,3,54,1,2,2
2609,2464,territorial karakul,291,3,86,1,8,2
2610,2465,territorial baritine croc,372,3,147,1,1,1.5
2611,2466,alpha biast,180,3,46,1,2,2
2612,2411,territorial sprite,384,3,153,1,4,1
2613,2429,territorial young coeurl,65,3,17,1,1,2
2614,2467,territorial slug,50,3,10,1,1,2.4
2615,2468,territorial salamander,151,3,39,1,1,1.6
2616,2469,territorial gigantoad,126,3,30,1,1,1.8
2617,2470,alpha gargoyle,217,3,57,1,2,2
2618,2404,territorial revenant,265,3,80,1,2,2.5
2619,2471,territorial ahriman,168,3,43,1,2,2
2620,2472,alpha adamantoise,95,3,23,1,2,1.2
2621,2473,alpha cobra,235,3,65,2,1,1.5
2622,2474,alpha golem,82,3,21,1,2,2.4
2623,2475,alpha basilisk,135,3,34,1,1,1.5
2624,2476,alpha hapalit,188,3,49,2,1,1.6
2625,2477,territorial bogy,264,3,80,1,1,2.5
2626,2404,territorial revenant,265,3,80,1,2,2.5
2627,2471,territorial ahriman,168,3,43,1,2,2
2628,2478,territorial dragonfly,362,3,140,1,1,1.5
2629,2479,territorial biast,180,3,46,1,2,1.8
2630,2480,territorial aevis,377,3,150,1,1,1.5
2631,2481,alpha snurble,267,3,81,1,2,4
2632,2482,territorial phurble,266,3,81,1,1,3
2633,2482,territorial phurble,266,3,81,1,1,3
2634,2483,territorial mandragora ,297,3,88,1,1,1.5
2635,2484,territorial aurelia,279,3,84,1,1,2
2636,2485,territorial megalocrab,148,3,38,1,1,2
2637,2486,alpha dryad,106,3,27,1,5,1.5
2638,2388,territorial lily bulb,358,3,135,1,1,2
2639,2460,territorial flytrap,49,3,9,1,2,2.5
2640,2488,territorial cactuar,141,3,36,1,1,2.5
2641,2489,territorial sabotender,142,3,36,1,2,2.5
2642,2487,territorial flowertender,143,3,36,1,3,2.5
2643,2490,territorial wyvern,224,3,60,1,1,1
2644,2491,territorial dragon,371,3,146,1,1,1
2645,2492,territorial floating eye,167,3,43,1,1,2
2646,2493,territorial cyclops,219,3,58,1,1,1
2647,2494,alpha tortoise,94,3,23,1,1,1.2
2648,2452,territorial slime,293,3,87,1,2,1.5
2649,2495,territorial devilet,64,3,16,1,2,2
2650,2496,territorial deathgaze,233,3,64,1,1,1.5
2651,2497,territorial gargoyle,217,3,57,1,2,1.5
2652,2498,alpha coeurl,67,3,17,1,3,2.5
2653,2499,territorial sandworm,238,3,68,1,1,0.8
2654,2500,alpha morbol,145,3,37,1,1,1.4
2655,2501,territorial morbol,145,3,37,1,1,0.8
2656,2502,territorial morbol seedling,328,3,111,1,1,3
2657,2503,alpha chimera,197,3,53,1,1,1.2
2658,2504,territorial vodoriga,363,3,141,1,1,1.2
2659,2422,territorial cobra,235,3,65,2,1,1.2
2660,2314,banestool,616,3,185,1,1,0.8
2661,2374,improved blasting device,480,0,0,0,1,1
2662,2403,territorial bat,353,3,131,1,1,1
2663,2550,Leviathan,305,3,97,1,1,4.5
2664,958,clever hedgemole,17,2,1015,1,1,2
2665,2334,manor claviger,18,2,1016,1,1,1.2
2666,883,Milleuda the Slitter,306,3,98,1,1,1.5
2667,681,even bigger chigoe,484,5,0,0,1,1
2668,951,,249,3,72,1,1,1
2669,886,Simurgh,307,3,99,1,1,1
2670,1608,butting buffalo,304,3,96,1,1,1
2671,965,plainstrider,306,3,98,1,1,1.5
2672,2534,surfscale Sahagin,303,3,95,1,1,2
2673,1611,snowstorm goobbue,513,3,156,1,7,1
2674,2601,yarzon lacerator,614,3,156,1,10,1
2675,2536,drowned demolisher,55,3,12,1,1,1
2676,2527,Sapsa elbst,237,3,67,1,1,1
2681,964,,241,3,68,1,4,1.5
2682,2273,hecatoncheir rocksplitter,12,2,1009,1,5,1
2683,2295,waymaker bomb,480,0,0,0,1,1
2684,2564,Diabolos,333,3,115,1,1,1.5
2685,2309,Flamefang lancer,3,2,1001,1,1,1.2
2686,2307,Flamefang archer,3,2,1001,1,1,1.2
2687,2313,sylpheed chuckle,7,2,1005,1,1,1
2688,2556,decaying gourmand,640,3,54,4,1,1.5
2689,2557,voracious maw,651,5,0,0,1,1
2690,2536,drowned demolisher,51,3,10,1,2,2
2691,2552,wavetooth Sahagin,9,2,1007,1,1,1.5
2692,2553,wavespine Sahagin,9,2,1007,1,1,1.5
2693,2554,gyre spume,676,3,156,1,12,1
2694,2551,Leviathan's tail,642,3,190,1,1,4.5
2695,2550,Leviathan,305,3,97,1,1,4.5
2696,2550,Leviathan,480,0,0,0,1,1
2697,2548,Illuminati commander,648,3,197,1,1,1
2698,2549,magitek vangob G-III,650,3,156,2,1,1
2699,2567,gravity orb,649,3,156,1,11,1.5
2700,2580,wamouracampa,29,3,3,1,2,1.5
2701,2560,Arioch,653,3,64,2,1,2
2702,2561,ranch wamoura,646,3,195,1,1,0.5
2703,2562,ranch wamouracampa,645,3,194,1,1,1
2704,2572,gremlin,646,3,195,1,1,1
2705,2572,gremlin,396,3,158,1,1,2
2706,2573,baalzephon,717,2,1014,4,1,1.5
2707,2574,hecteyes,690,3,55,2,1,1.5
2708,2575,ruins dross,51,3,10,1,2,2
2709,2576,demonstool,29,3,3,1,2,1.5
2710,2577,madmite,22,3,1,3,1,2.2
2711,2578,gadfly,654,3,198,1,1,1.5
2712,2579,wamoura,646,3,195,1,1,0.7
2713,2580,wamouracampa,645,3,194,1,1,1
2714,2581,allotaur,365,3,143,1,1,1
2715,2582,dastardly devilet,691,3,16,1,4,1
2716,2583,dirty eye,171,3,43,1,5,1.5
2717,2566,mimic,648,3,197,1,1,1
2726,2609,rafflesia,655,3,5,2,1,2.3
2727,2619,dark matter bulb,656,3,135,1,2,2.5
2728,2620,dark matter hornet,657,3,137,1,2,2.3
2729,2621,acidic honey,293,3,87,1,2,1.6
2730,2622,dark matter slug,698,3,10,1,4,2
2731,2621,acidic honey,480,0,0,0,1,1
2732,2610,Melusine,16,2,1014,1,1,2
2733,2624,lamia deathdancer,16,2,1014,1,1,1.4
2734,2625,lamia fatedealer,16,2,1014,1,1,1.4
2735,2626,lamia prosector,16,2,1014,1,1,1.7
2736,2627,Renaud,219,3,58,1,1,0.8
2737,2610,Melusine,480,0,0,0,1,1
2738,2611,the Avatar,658,3,27,3,1,1.5
2739,1478,clockwork dreadnaught,361,3,139,1,1,1
2740,2660,Illuminati soldier,6,2,1004,1,1,1
2741,2611,the Avatar,480,0,0,0,1,1
2742,2612,Nael deus Darnus,647,3,196,1,1,1.5
2743,2628,Nael Geminus,647,3,196,1,1,1.5
2744,2629,the ghost of Meracydia,659,3,60,1,3,1
2745,2630,Firehorn,664,3,163,1,4,0.8
2746,2631,Iceclaw,403,3,163,1,3,0.8
2747,2632,Thunderwing,662,3,163,1,1,0.8
2748,2634,Dalamud spawn,661,3,21,1,8,1.5
2749,2608,elemental converter,661,3,21,1,8,3
2750,2617,garrote,629,3,106,1,1,1.2
2751,2636,astral debris,666,3,106,1,2,1.2
2752,2637,umbral debris,667,3,106,1,3,1.2
2753,2638,Dalamud fragment,668,3,106,1,4,1.2
2754,2423,territorial puk,669,3,9995,1,8,4
2755,2612,Nael deus Darnus,480,0,0,0,1,1
2756,2623,bee swarm,60,3,14,1,3,1.5
2757,2597,Pyracmon,674,3,58,2,1,1
2758,2625,lamia fatedealer,223,3,59,1,3,1.5
2759,2639,lunar curtain,221,3,59,1,1,1.5
2760,2590,mammet admirer #022A,222,3,59,1,2,1.5
2761,2598,catoblepas,563,3,171,1,1,2
2762,2632,Thunderwing,37,3,6,1,2,1.5
2763,2643,Allagan cobra,75,3,19,1,1,1.5
2764,2603,Narasimha,603,3,183,1,1,1.5
2765,2505,Leviathan,480,0,0,0,1,1
2766,2651,Illuminati driver,680,5,0,0,1,1
2767,2599,tainted eye,680,5,0,0,1,1
2768,2636,astral debris,120,3,28,3,1,6
2769,2660,Illuminati soldier,115,3,28,2,1,2
2770,2483,territorial mandragora ,116,3,28,2,2,2
2771,2632,Thunderwing,117,3,28,2,3,2
2772,2625,lamia fatedealer,118,3,28,2,4,2
2773,2626,lamia prosector,119,3,28,2,5,2
2774,2642,proto-chimera,120,3,28,3,1,3
2775,2660,Illuminati soldier,6,2,1004,1,1,1
2776,2659,eoraptor,96,3,24,1,1,1.2
2777,1289,painted colibri,360,3,138,1,1,1.2
2778,2547,gobmachine G-VI,641,3,189,1,1,1
2779,1288,raveled raincatcher,34,3,5,1,1,1
2780,1287,gully galago,31,3,4,1,1,1.2
2781,1300,Brayflox Alltalks,6,2,1004,1,1,1
2782,108,,6,2,1004,1,1,1
2783,2661,Illuminati marksman,6,2,1004,1,1,1
2784,2656,Illuminati glider,6,2,1004,1,1,1
2785,1297,deep jungle coeurl,65,3,17,1,1,1.5
2786,2658,deep jungle torama,67,3,17,1,3,2
2787,2662,Illuminati footman,6,2,1004,1,1,1.2
2788,2663,gobbie beak,156,3,40,1,3,0.8
2789,1300,Brayflox Alltalks,6,2,1004,1,1,1
2790,2653,Stopklox Grislyfist,6,2,1004,1,1,1
2791,2548,Illuminati commander,6,2,1004,1,1,2
2792,2654,Illuminati sniper,6,2,1004,1,1,1
2793,2549,magitek vangob G-III,673,3,56,2,1,2.5
2794,2656,Illuminati glider,6,2,1004,1,1,1
2795,2660,Illuminati soldier,6,2,1004,1,1,1
2796,2547,gobmachine G-VI,641,3,189,1,1,1
2797,2654,Illuminati sniper,6,2,1004,1,1,1
2798,1385,bomb,670,3,199,1,1,2
2799,2650,giant bomb,671,3,199,3,1,8
2800,2655,hot cross bomb,672,3,199,2,1,2
2801,2660,Illuminati soldier,677,4,5571,0,1,1
2802,2550,Leviathan,305,3,97,1,1,4.5
2803,2551,Leviathan's tail,642,3,190,1,1,4.5
2804,2550,Leviathan,305,3,97,1,1,4.5
2805,2550,Leviathan,480,0,0,0,1,1
2806,2673,rampant cobra,305,3,97,1,1,4.5
2807,2552,wavetooth Sahagin,9,2,1007,1,1,1.5
2808,2553,wavespine Sahagin,9,2,1007,1,1,1.5
2809,2554,gyre spume,676,3,156,1,12,1
2810,2555,wave spume,390,3,156,1,2,1
2811,2652,Illuminati gunner,6,2,1004,1,1,1
2812,2651,Illuminati driver,6,2,1004,1,1,1.3
2813,2591,mammet heckler #022H,223,3,59,1,3,1.5
2814,2589,mammet supporter #022S,221,3,59,1,1,1.5
2815,2682,drowned swordsman,222,3,59,1,2,1.5
2816,2584,Halatali bat,99,3,25,1,2,2
2817,2585,pit wolf,163,3,41,3,1,1.5
2818,2750,pit coeurl pup,69,3,17,2,1,1.5
2819,2593,gold bear,574,3,176,1,1,1.5
2820,2586,pit basilisk,135,3,34,1,1,1
2821,2587,Coliseum lemur,32,3,4,1,2,1.2
2822,2588,fighting vulture,40,3,7,1,2,1.5
2823,2665,Gilgamesh,636,3,131,1,2,2
2824,2666,Enkidu,652,3,191,1,1,2
2825,2667,bomb,670,3,199,1,1,2
2826,2668,crossing bateleur,41,3,7,1,3,1.5
2827,2669,crossing hippocerf,133,3,33,1,1,1.5
2828,2516,59th Order Roundsman Ge Ga,5,2,1003,1,1,2
2829,1528,Balidet,216,3,57,1,1,2
2830,374,kobold deacon,5,2,1003,1,1,1.5
2831,1343,flame scout,389,3,156,1,1,1
2832,2538,surf elbst,182,3,46,3,1,1
2833,2528,bomb incubator,678,3,200,1,1,1
2834,2529,prototype bomb incubator,678,3,200,1,1,1
2835,2530,whelk ballista,679,3,201,1,1,1
2836,2531,fresh whelk ballista,679,3,201,1,1,1
2837,2532,reinforced whelk ballista,679,3,201,1,1,1.3
2838,2522,U'Ghamaro golem,81,3,21,1,1,1.2
2839,2725,surftooth sentry,9,2,1007,1,1,1
2840,2698,shrapnel,102,3,26,1,3,2
2841,2706,shard doblyn,178,3,45,1,3,0.8
2842,2722,hungry snipper,149,3,38,1,2,0.8
2845,2746,advanced smart bomb,100,3,26,1,1,2
2846,2709,13th Order patrolman,5,2,1003,1,1,1.8
2847,2725,surftooth sentry,9,2,1007,1,1,1
2848,2672,wandering eye,168,3,43,1,2,1.5
2849,2710,U'Ghamaro guardian,81,3,21,1,1,1.2
2854,2684,13th Order roundsman,5,2,1003,1,1,1.5
2855,2685,13th Order quarryman,5,2,1003,1,1,1.5
2856,2702,13th Order watchman,5,2,1003,1,1,1.5
2857,2719,Coral Sahagin,9,2,1007,1,1,1
2858,2680,shelfspine guard,9,2,1007,1,1,1
2859,2681,shelftooth guard,9,2,1007,1,1,1
2860,2719,Coral Sahagin,102,3,26,1,3,2
2864,2686,kobold outlaw,5,2,1003,1,1,1.5
2865,2686,kobold outlaw,5,2,1003,1,1,1.5
2866,2686,kobold outlaw,5,2,1003,1,1,1.5
2867,2716,Halfstone shoalscale,9,2,1007,1,1,1
2868,2717,Halfstone shoalclaw,9,2,1007,1,1,1
2869,2718,Halfstone shoalspine,9,2,1007,1,1,1
2870,2715,U'Ghamaro patrolman,5,2,1003,1,1,1.5
2871,2702,13th Order watchman,5,2,1003,1,1,1.5
2872,2749,Mark II limpet bomb,100,3,26,1,1,2
2873,2741,drowned seaman 1st class,9,2,1007,1,1,1
2874,2723,Moonshade uragnite,364,3,142,1,1,0.6
2881,2687,kobold overseer,5,2,1003,1,1,1.8
2882,2708,dazzling bomb,100,3,26,1,1,4
2883,2699,big shrapnel,102,3,26,1,3,4
2884,2713,greater doblyn,178,3,45,1,3,2
2885,2714,Number 132,81,3,21,1,1,2
2886,2735,shelfclaw chief,9,2,1007,1,1,1
2887,2734,shelfscale chief,9,2,1007,1,1,1
2888,2736,shelftooth chief,9,2,1007,1,1,1
2889,2727,big flipper,182,3,46,3,1,2
2890,2678,shelfscale guard,9,2,1007,1,1,1
2891,2679,shelfclaw guard,9,2,1007,1,1,1
2892,2680,shelfspine guard,9,2,1007,1,1,1
2893,2678,shelfscale guard,9,2,1007,1,1,1
2894,2679,shelfclaw guard,9,2,1007,1,1,1
2895,2681,shelftooth guard,9,2,1007,1,1,1
2896,2680,shelfspine guard,9,2,1007,1,1,1
2897,2681,shelftooth guard,9,2,1007,1,1,1
2899,2695,warm grenade,101,3,26,1,2,2
2900,2695,warm grenade,101,3,26,1,2,2
2901,2696,hot grenade,101,3,26,1,2,2
2902,2719,Coral Sahagin,9,2,1007,1,1,1
2903,2726,Sahagin infiltrator,9,2,1007,1,1,1
2904,2681,shelftooth guard,9,2,1007,1,1,1
2905,2679,shelfclaw guard,9,2,1007,1,1,1
2906,2680,shelfspine guard,9,2,1007,1,1,1
2907,2678,shelfscale guard,9,2,1007,1,1,1
2908,2679,shelfclaw guard,9,2,1007,1,1,1
2909,2680,shelfspine guard,9,2,1007,1,1,1
2911,539,lunar golem,82,3,21,1,2,2
2912,2640,dark matter roselet,695,3,9,1,3,3
2913,2742,dark matter cluster,476,3,9994,1,1,1
2914,2742,dark matter cluster,476,3,9994,1,1,1
2915,2641,maintenance module,321,3,105,2,5,0.5
2916,2642,proto-chimera,197,3,53,1,1,1
2917,2643,Allagan cobra,559,3,65,1,2,1.5
2918,2174,dreadguard,379,3,151,1,2,1
2919,2644,lamia dancer,16,2,1014,1,1,1
2920,2645,lamia bowyer,16,2,1014,1,1,1
2921,2646,surveillance module,316,3,105,1,1,1
2922,1474,clockwork bug,508,3,136,1,1,1
2923,2647,clockwork footman,387,3,154,1,1,2
2924,2648,clockwork warrior,388,3,155,1,1,2
2925,2649,shaper-rook,380,3,152,1,1,1
2926,2570,tainted mold,697,4,5310,0,1,1
2927,2569,mold colony,480,0,0,0,1,1
2928,2571,white magestone,480,0,0,0,1,1
2929,2505,Leviathan,480,0,0,0,1,1
2930,2665,Gilgamesh,681,3,9995,1,7,1
2931,2793,Unei's clone,480,0,0,0,1,1
2932,108,,480,0,0,0,1,1
2933,2632,Thunderwing,480,0,0,0,1,1
2934,2592,pit coeurl,65,3,17,1,1,1.5
2935,2751,pit torama,67,3,17,1,3,1.5
2938,2686,kobold outlaw,305,3,97,1,1,4.5
2939,2685,13th Order quarryman,9,2,1007,1,1,1.5
2940,2787,dragonfly hunter,9,2,1007,1,1,1.5
2941,2787,dragonfly hunter,676,3,156,1,12,1
2942,2687,kobold overseer,642,3,190,1,1,4.5
2943,2811,Bluck,305,3,97,1,1,4.5
2944,2689,596th Order scout,480,0,0,0,1,1
2945,2787,dragonfly hunter,480,0,0,0,1,1
2946,725,Good King Moggle Mog XII,480,0,0,0,1,1
2947,108,,480,0,0,0,1,1
2948,2568,diabolic gate,480,0,0,0,1,1
2949,4050,baited jagil,356,3,134,1,1,1.3
2950,2827,Onion Prince,757,3,88,2,1,1
2951,2828,Eggplant Knight,758,3,88,3,1,1
2952,2829,Garlic Jester,759,3,88,4,1,1
2953,2830,Tomato King,760,3,88,5,1,1
2954,2831,Mandragora Queen,761,3,88,6,1,1
2955,2887,Cieldalaes mantis,374,3,148,1,1,1
2956,2888,Cieldalaes hornet,359,3,137,1,1,1
2957,2889,sifaka,32,3,4,1,2,1.2
2958,2890,harpeia,727,3,141,2,1,1
2959,2892,zuzeca,235,3,65,2,1,1
2960,2655,hot cross bomb,741,3,209,1,1,1
2961,2894,ninki nanka,728,3,39,3,1,1.2
2962,2895,nanka,740,3,208,1,1,1
2963,2896,treasure coffer,648,3,197,1,1,1
2964,2897,sallet crab,722,2,1010,1,1,0.45
2965,2898,Cieldalaes crawler,75,3,19,1,1,1.2
2966,2899,cyclomedusa,280,3,84,2,1,1.5
2967,2900,seawater sprite,385,3,153,1,5,1
2968,2901,sasquatch,735,3,183,3,1,1.5
2969,2902,smallfoot sifaka,32,3,4,1,2,1.2
2970,2904,kraken,329,3,112,1,1,1.5
2971,2906,tentacle,726,3,206,1,1,0.5
2972,2905,kraken's arm,725,3,205,1,1,0.6
2973,2993,waterspout,736,3,9995,1,9,1
2974,2790,shield dragon,739,3,207,1,1,2
2975,2788,storm biast,180,3,46,1,2,1.5
2976,2789,tursus,182,3,46,3,1,1.5
2977,2787,dragonfly hunter,362,3,140,1,1,1
2978,2786,jura aevis,782,3,150,1,2,1
2979,2786,jura aevis,782,3,150,1,2,1
2984,2781,watch wyvern,224,3,60,1,1,1
2985,2780,Gowrow,403,3,163,1,3,1.4
2986,108,,518,3,167,1,1,1
2987,2832,Ramuh,345,3,123,1,1,1.2
2988,2832,Ramuh,480,0,0,0,1,1
2989,2833,grey arbiter,418,3,7006,1,1,1
2990,2832,Ramuh,345,3,123,1,1,1.2
2991,2832,Ramuh,480,0,0,0,1,1
2992,2833,grey arbiter,418,3,7006,1,1,1
2993,2891,iron leg trap,723,3,202,1,1,1.25
2994,2903,Sjoorm,239,3,68,1,2,1
2995,2916,nykk,737,3,156,1,13,1
2996,2168,Bertha,518,3,167,1,1,0.6
2997,2833,grey arbiter,418,3,7006,1,1,1
2998,2778,Gorynich,731,3,146,2,1,1
2999,2779,Vigil heir,739,3,207,1,1,2
3000,2775,Cuca Fera,732,3,23,3,1,1.25
3001,2776,paleoaevis,782,3,150,1,2,0.8
3002,2777,sordes,131,3,32,1,2,2
3007,2774,giruveganaus,730,3,183,2,1,1.7
3008,2774,giruveganaus,730,3,183,2,1,1.7
3009,2809,Scylla,348,3,126,1,1,1.5
3010,2808,Staff of Eldering,768,3,212,1,1,1
3011,2801,Dark General,770,3,29,1,7,1.5
3012,2806,shivering soul,784,3,156,1,15,1
3013,2805,smoldering soul,783,3,156,1,14,1
3014,2804,shuddering soul,785,3,156,1,16,1
3015,2800,Oceanus,772,3,173,1,2,1.5
3018,2801,Dark General,770,3,29,1,7,1.5
3019,2800,Oceanus,772,3,173,1,2,1.5
3020,2799,yellow dragon,229,3,63,1,1,1.4
3021,2796,Gomory,776,3,43,2,2,1
3022,2795,Acheron,780,3,73,1,2,2.5
3023,2798,green dragon,230,3,63,1,2,1.4
3025,2797,red dragon,664,3,163,1,4,1.4
3026,2797,red dragon,660,3,63,1,4,1.4
3027,2792,Azer,778,3,49,1,2,1.2
3028,2807,abaia,781,3,141,1,2,1
3029,2791,Haokah,773,2,1008,1,2,1
3031,2815,Glasya Labolas,347,3,125,1,1,4
3032,2814,Moonring Blade,790,3,9994,1,5,1
3033,2813,clockwork wright,775,3,12,1,2,1
3034,2812,clockwork squire,388,3,155,1,1,2
3035,2824,Xande,349,3,127,1,1,4
3036,2823,starfall circle,769,3,213,1,1,1
3037,2822,stonefall circle,819,3,213,1,2,1
3038,108,,815,3,91,2,2,1
3039,2825,aetherial mine,791,3,9995,1,10,1
3040,2821,Amon,251,3,74,1,1,4
3041,2820,ice cage,779,3,72,1,2,1
3042,2819,dimensional compression,786,3,156,1,17,1
3043,2818,experimental by-product #33,292,3,87,1,1,1
3044,2817,experimental by-product #66,293,3,87,1,2,1
3045,2816,experimental by-product #99,294,3,87,1,3,1
3046,2826,Kichiknebik,235,3,65,2,1,2
3047,2886,Kum Kum,774,2,1014,5,1,2
3048,2970,bridesmaid,548,1,0,1,1,1
3049,2851,best man,597,1,101,1,1,1
3051,2854,nameless spirit,789,3,156,1,20,1
3052,2853,nameless soul,789,3,156,1,20,2
3053,2855,spare body,605,3,29,1,6,1
3055,2830,Tomato King,548,1,0,1,1,1
3056,2857,groom-to-be,597,1,101,1,1,1
3057,2858,best gargoyle,216,3,57,1,1,1
3058,2859,best vodoriga,363,3,141,1,1,1
3059,2860,Avere Bravearm,734,3,43,3,1,2
3061,2756,rabid mongrel,387,3,154,1,1,2
3062,2758,dire gargoyle,216,3,57,1,1,1
3063,2759,gelid eye,167,3,43,1,1,1.5
3064,2760,Slipjaw ogre,187,3,49,1,1,1.2
3065,2761,monocular biclops,219,3,58,1,1,1
3066,2762,peapuk,130,3,32,1,1,0.8
3067,2763,woken drake,179,3,46,1,1,1.5
3068,2764,woken biast,180,3,46,1,2,1.5
3069,2765,morbol menace,145,3,37,1,1,1
3070,2766,mythril golem,81,3,21,1,1,2
3071,2767,fox fire,101,3,26,1,2,2
3072,2768,woad back,154,3,40,1,1,1.2
3073,2769,gold back,155,3,40,1,2,1.2
3074,2770,wine back,156,3,40,1,3,1.2
3075,2772,concubinus,363,3,141,1,1,1
3076,2771,virago,18,2,1016,1,1,1.4
3077,2773,bombast,100,3,26,1,1,2
3078,2810,spanner-rook,380,3,152,1,1,1
3079,2834,Tam-Tara miteling,20,3,1,1,1,1
3080,2836,Tam-Tara diremite,21,3,1,2,1,1.5
3081,2835,Tam-Tara banemite,22,3,1,3,1,1.5
3082,2837,demon pawn,19,2,1017,1,1,1
3083,2743,smart bomb,567,3,172,1,1,1
3084,2839,piscodemon,74,3,18,1,4,1
3085,2840,spare will,264,3,80,1,1,2
3086,2841,spare soul,265,3,80,1,2,2
3087,2842,spare lung,294,3,87,1,3,1
3088,2843,discarded eye,690,3,55,2,1,1.5
3089,2844,demonswake,53,3,11,1,1,2
3090,2845,discarded body,125,3,29,1,5,2
3091,2846,Dantalion,717,2,1014,4,1,1.5
3092,2847,phantom knight,717,2,1014,4,1,1
3093,2848,phantom soldier,601,3,182,1,1,1
3094,2849,soulmate,787,3,156,1,18,1
3095,2850,flyblown failure,548,1,0,1,1,1
3096,2884,interceptor node,4447,3,210,2,1,1.2
3097,2885,interceptor drone,766,3,211,1,1,1
3098,2823,starfall circle,597,1,101,1,1,1
3099,2168,Bertha,480,0,0,0,1,1
3100,2994,Shiva,312,3,101,1,1,1
3103,3218,ice boulder,835,3,72,1,3,1.2
3104,2995,ice soldier,825,2,1009,9,1,1
3105,2994,Shiva,480,0,0,0,1,1
3106,2994,Shiva,480,0,0,0,1,1
3107,2994,Shiva,480,0,0,0,1,1
3108,2189,bright balloon,526,3,9995,1,1,1.7
3109,3354,codpiece clipper,100,3,26,1,1,2
3110,2754,champion archer,393,3,157,1,1,1
3111,2911,Bombard blank,142,3,36,1,2,3
3113,3045,icicle,7,2,1005,1,1,1
3118,2905,kraken's arm,44,3,8,1,1,1.5
3123,2971,ruffled dodo,81,3,21,1,1,2
3124,3022,Duskwight outlaw,81,3,21,1,1,2
3125,3034,chary harrier,82,3,21,1,2,2.5
3126,2914,gargoyle usher,638,3,57,1,6,1
3127,2915,vodoriga usher,363,3,141,1,1,1
3128,2704,13th Order scholar,345,3,123,1,1,1.2
3129,2894,ninki nanka,480,0,0,0,1,1
3130,2971,ruffled dodo,418,3,7006,1,1,1
3131,2609,rafflesia,655,3,5,2,1,2.3
3132,2619,dark matter bulb,656,3,135,1,2,2.5
3133,2620,dark matter hornet,657,3,137,1,2,2.3
3134,2621,acidic honey,293,3,87,1,2,1.6
3135,2622,dark matter slug,698,3,10,1,4,2
3136,2623,bee swarm,60,3,14,1,3,1.5
3137,2621,acidic honey,480,0,0,0,1,1
3138,2610,Melusine,16,2,1014,1,1,2
3139,2624,lamia deathdancer,16,2,1014,1,1,1.4
3140,2625,lamia fatedealer,16,2,1014,1,1,1.4
3141,2626,lamia prosector,16,2,1014,1,1,1.7
3142,2627,Renaud,219,3,58,1,1,0.8
3143,2610,Melusine,480,0,0,0,1,1
3144,2611,the Avatar,658,3,27,3,1,1.5
3145,1478,clockwork dreadnaught,361,3,139,1,1,1
3146,2611,the Avatar,480,0,0,0,1,1
3147,2612,Nael deus Darnus,647,3,196,1,1,1.5
3148,2628,Nael Geminus,647,3,196,1,1,1.5
3149,2629,the ghost of Meracydia,659,3,60,1,3,1
3150,2630,Firehorn,664,3,163,1,4,0.8
3151,2631,Iceclaw,403,3,163,1,3,0.8
3152,2632,Thunderwing,662,3,163,1,1,0.8
3153,2634,Dalamud spawn,661,3,21,1,8,1.5
3154,2635,debris,629,3,106,1,1,1.2
3155,2636,astral debris,666,3,106,1,2,1.2
3156,2637,umbral debris,667,3,106,1,3,1.2
3157,2638,Dalamud fragment,668,3,106,1,4,1.2
3158,2612,Nael deus Darnus,480,0,0,0,1,1
3159,2632,Thunderwing,480,0,0,0,1,1
3160,539,lunar golem,82,3,21,1,2,2
3161,2640,dark matter roselet,695,3,9,1,3,3
3162,2742,dark matter cluster,476,3,9994,1,1,1
3163,2742,dark matter cluster,476,3,9994,1,1,1
3164,2641,maintenance module,321,3,105,2,5,0.5
3165,2642,proto-chimera,197,3,53,1,1,1
3166,2643,Allagan cobra,559,3,65,1,2,1.5
3167,2174,dreadguard,379,3,151,1,2,1
3168,2644,lamia dancer,16,2,1014,1,1,1
3169,2645,lamia bowyer,16,2,1014,1,1,1
3170,2646,surveillance module,316,3,105,1,1,1
3171,1474,clockwork bug,508,3,136,1,1,1
3172,2647,clockwork footman,387,3,154,1,1,2
3173,2648,clockwork warrior,388,3,155,1,1,2
3174,2649,shaper-rook,380,3,152,1,1,1
3175,2919,White Joker,27,3,2,2,3,4
3176,2920,Stinging Sophie,359,3,137,1,1,3
3177,2921,Monarch Ogrefly,654,3,198,1,1,1.5
3178,2922,Phecda,574,3,176,1,1,1.5
3179,2923,Sewer Syrup,292,3,87,1,1,2
3180,2924,Ovjang,221,3,59,1,1,3
3181,2925,Gatling,283,3,85,2,1,2.4
3183,2927,Flame Sergeant Dalvag,717,2,1014,4,1,1.5
3184,2928,Skogs Fru,57,3,13,1,2,5
3185,2929,Barbastelle,98,3,25,1,1,6
3186,2930,Bloody Mary,190,3,50,1,1,2.5
3187,2931,Dark Helmet,722,2,1010,1,1,2
3188,2932,Myradrosh,360,3,138,1,1,2
3189,2933,Vuokho,39,3,7,1,1,2
3190,2934,Naul,224,3,60,1,1,1
3191,2935,Leech King,600,3,181,1,1,2.5
3192,2936,Forneus,19,2,1017,1,1,2
3193,2937,Melt,690,3,55,2,1,2.5
3194,2938,Ghede Ti Malice,396,3,158,1,1,6
3195,2939,Girtab,22,3,1,3,1,4
3196,2940,Alectryon,154,3,40,1,1,2
3197,2941,Sabotender Bailarina,143,3,36,1,3,8
3198,2942,Maahes,66,3,17,1,2,3
3199,2943,Zanig'oh,826,3,46,2,3,3
3200,2944,Dalvag's Final Flame,601,3,182,1,1,3
3201,2945,Vogaal Ja,10,2,1008,1,1,2.5
3202,2946,Unktehi,570,3,173,1,1,2
3203,2947,Hellsclaw,331,3,114,1,1,3
3204,2948,Nahn,150,3,38,1,3,2.5
3205,2949,Marberry,93,3,22,3,1,5
3206,2950,Cornu,604,3,60,3,1,1.2
3207,2951,Marraco,371,3,146,1,1,1.2
3208,2952,Kurrea,151,3,39,1,1,2.2
3209,2953,Laideronnette,235,3,65,2,1,3
3210,2954,Wulgaru,106,3,27,1,5,2
3211,2955,mindflayer,73,3,18,1,3,2.5
3212,2956,Thousand-cast Theda,34,3,5,1,1,4
3213,2957,Zona Seeker,233,3,64,1,1,3
3214,2958,Brontes,220,3,58,1,2,1.5
3215,2959,Lampalagua,247,3,70,1,4,2
3216,2960,Nunyunuwi,81,3,21,1,1,5
3217,2961,Minhocao,242,3,68,1,6,3
3218,2962,Croque-mitaine,198,3,54,1,1,2.5
3219,2963,Croakadile,126,3,30,1,1,3
3220,2964,the Garlok,603,3,183,1,1,3
3221,2965,Bonnacon,140,3,35,2,1,2
3222,2966,Nandi,564,3,171,1,2,5
3223,2967,Chernobog,365,3,143,1,1,4
3224,2968,Safat,230,3,63,1,2,2
3225,2969,Agrippa the Mighty,255,3,76,1,3,4.5
3226,3330,Vishap,313,3,102,1,1,2
3227,2866,holed mole,282,3,85,1,1,1.5
3228,2972,alpha zu,604,3,60,3,1,1
3229,2973,territorial zu cockerel,595,3,180,1,1,2
3230,2974,territorial zu pullet,596,3,180,1,2,2
3231,2975,alpha manticore,603,3,183,1,1,1.5
3232,2976,sombre mimic,648,3,197,1,1,1
3233,2977,alpha spriggolem,88,3,21,2,1,2
3234,2978,territorial spriggan,110,3,28,1,4,3
3235,2979,territorial spriggan,109,3,28,1,3,3
3236,2980,alpha wamoura,646,3,195,1,1,0.7
3237,2981,territorial wamouracampa,645,3,194,1,1,1
3238,3018,captain's leech,297,3,88,1,1,1.8
3239,2984,salivating simian,31,3,4,1,1,1.5
3240,2988,shale golem,81,3,21,1,1,2.5
3241,2992,St. Daniffen's fire,79,3,20,1,2,1.2
3242,3050,Belah'dian knight,862,2,1015,2,1,1.5
3243,3051,temple mummy,344,3,122,1,1,1.2
3244,3052,cracked Qarn facer,367,3,145,1,1,0.7
3245,3053,temple fox,98,3,25,1,1,2
3246,3054,temple mite,22,3,1,3,1,1.5
3247,3055,desert viper,235,3,65,2,1,0.8
3248,3330,Vishap,480,0,0,0,1,1
3249,5763,minobi,78,3,20,1,1,3
3252,3058,Qarn guardian,81,3,21,1,1,2
3253,3059,camptotaur,365,3,143,1,1,1.5
3254,3060,death sickle,376,3,148,2,1,1.2
3255,3061,Belah'dian soul,265,3,80,1,2,1.5
3256,3666,rook autoturret,1027,3,7101,1,1,1
3257,3022,Duskwight outlaw,1028,3,7101,2,1,1
3258,3014,Karlabos,824,3,215,2,1,1.6
3259,3015,Captain Madison,845,3,76,2,1,2
3263,3019,captain's slave,597,1,101,1,1,1
3264,2904,kraken,329,3,112,1,1,1.5
3265,2906,tentacle,726,3,206,1,1,0.5
3266,2905,kraken's arm,725,3,205,1,1,0.6
3267,2997,dripping sallet,722,2,1010,1,1,0.45
3268,2998,spelaean slug,51,3,10,1,2,2
3269,2999,Sastasha pugil,861,3,134,1,3,1
3274,3004,drowned powder monkey,548,1,0,1,1,1
3275,3005,drowned boatswain,548,1,0,1,1,1.7
3276,3006,Reaver parrot,360,3,138,1,1,0.7
3277,3007,beryl crab,148,3,38,1,1,1.5
3278,3008,cave crab,149,3,38,1,2,1.5
3279,3009,grotto piranu,741,3,209,1,1,1
3280,3010,brine,931,3,156,1,24,0.6
3281,3011,drowned wench,16,2,1014,1,1,1.5
3282,3012,drowned courtesan,16,2,1014,1,1,1.2
3284,3065,damaged adjudicator,909,3,144,1,2,0.9
3285,3192,Imdugud,833,3,17,4,1,2.4
3286,3193,daughter of Imdugud,846,3,17,4,2,1.25
3287,3194,son of Imdugud,847,3,17,4,3,1.25
3288,3192,Imdugud,480,0,0,0,1,1
3289,3197,Kaliya,822,3,70,2,1,1.25
3290,3198,security node,766,3,211,1,1,1
3291,3199,weapons node,316,3,105,1,1,1
3292,3200,gravity node,829,3,105,3,1,1
3293,3201,electric node,830,3,105,4,1,0.7
3294,3201,electric node,480,0,0,0,1,1
3295,3204,Phoenix,337,3,118,1,1,2
3296,3205,blackfire,848,3,220,1,1,2
3297,3206,redfire,850,3,156,1,21,1.5
3298,3207,fountain of fire,849,3,220,1,2,2
3299,3208,Phoenix-Egi,854,3,118,1,2,0.7
3300,3209,bennu,851,3,60,3,2,0.3
3301,3209,bennu,852,3,60,3,3,0.5
3302,3209,bennu,853,3,60,3,4,0.75
3303,3204,Phoenix,480,0,0,0,1,1
3304,3210,Bahamut Prime,336,3,117,1,2,0.7
3305,3211,dark aether,960,3,156,1,25,1
3306,3212,the shadow of Meracydia,858,3,60,1,4,0.8
3307,3213,the storm of Meracydia,226,3,60,2,1,1.2
3308,3116,7th Cohort colossus,402,3,162,1,1,1
3309,3214,the pain of Meracydia,855,3,183,2,2,1.5
3310,3215,the blood of Meracydia,856,3,146,1,2,1
3311,3216,the sin of Meracydia,859,3,63,2,2,1.2
3312,3217,the gust of Meracydia,857,3,140,1,2,1.25
3313,3210,Bahamut Prime,480,0,0,0,1,1
3314,261,clockwork spider,633,3,187,1,1,1
3315,267,Allagan naga,733,3,43,2,1,2
3316,3190,lamia bellydancer,16,2,1014,1,1,1
3317,3191,lamia sharper,16,2,1014,1,1,1
3318,1467,dark matter slime,296,3,87,1,5,1
3319,3196,Valiant,361,3,139,1,1,1
3320,3195,scouting node,323,3,105,2,7,0.5
3321,2810,spanner-rook,380,3,152,1,1,1
3322,3240,Cloud of Darkness,352,3,130,1,1,2
3323,3242,shadowlurker,315,3,104,1,1,1
3324,3069,sand sphere,910,3,156,1,22,1
3325,3070,ruins crawler,75,3,19,1,1,1
3326,3062,vicegerent's head,860,3,145,2,1,1.2
3327,3063,vicegerent's right hand,843,3,114,2,1,1.5
3328,3064,vicegerent's left hand,844,3,114,3,1,1.5
3329,2994,Shiva,312,3,101,1,1,1
3330,3218,ice boulder,835,3,72,1,3,1.2
3331,2995,ice soldier,825,2,1009,9,1,1
3332,2994,Shiva,480,0,0,0,1,1
3333,2994,Shiva,480,0,0,0,1,1
3334,2994,Shiva,480,0,0,0,1,1
3335,3038,Wandil,825,2,1009,9,1,1.7
3336,3014,Karlabos,480,0,0,0,1,1
3337,3039,frost bomb,864,3,26,1,5,3
3338,3040,yeti,767,3,54,5,1,2
3339,3041,frostbound,189,3,49,2,2,1.3
3340,3043,spriggan icecutter,865,3,28,1,9,2
3341,3042,snowball,867,3,222,1,1,1
3342,3044,Fenrir,248,3,71,1,1,1.3
3343,3044,Fenrir,480,0,0,0,1,1
3344,3045,icicle,764,3,204,1,1,2.5
3345,3072,sabotender soldado,874,3,36,3,1,4
3346,3073,sabotender campeador,874,3,36,3,1,7
3347,3074,sabotender guardia,875,3,36,3,2,6
3348,3071,sabotender emperatriz,873,3,36,2,1,5
3349,3075,vicegerent to the Warden,876,3,57,2,1,2
3350,3066,head of the adjudicator,938,5,0,0,1,1
3351,3067,arm of the adjudicator,939,5,0,0,1,1
3352,3068,tail of the adjudicator,940,5,0,0,1,1
3353,3028,white bear,870,3,176,1,3,1
3354,3288,grey wolf,159,3,41,1,1,1.5
3355,3030,Snowcloak goobbue,199,3,54,1,2,1
3356,3032,snowclops,220,3,58,1,2,1
3357,3037,spriggan tumbler,865,3,28,1,9,3
3358,114,ice sprite,382,3,153,1,2,1
3359,3031,hrimthurs,189,3,49,2,2,1.3
3360,3027,ibex,863,3,15,1,2,1
3362,3035,dove aevis,782,3,150,1,2,1
3363,3219,Snowcloak wolf,161,3,41,1,3,1
3364,3029,ice bomb,864,3,26,1,5,3
3365,4739,Flame General Aldynn,480,0,0,0,1,1
3366,3046,Typhon,261,3,78,1,1,2.5
3367,3047,Ultros,354,3,132,1,1,1.7
3368,3046,Typhon,480,0,0,0,1,1
3369,3047,Ultros,480,0,0,0,1,1
3370,3048,tentacle,871,3,205,3,1,0.6
3371,3046,Typhon,906,3,9994,1,6,1
3372,3046,Typhon,907,3,9995,1,11,1.5
3373,3047,Ultros,908,3,9995,4,1,1
3374,3038,Wandil,480,0,0,0,1,1
3376,3033,hybrid gator,373,3,147,1,2,2
3377,3220,northern bateleur,40,3,7,1,2,1.5
3378,5892,guardian beast,480,0,0,0,1,1
3382,1858,Gungnir,941,3,159,1,2,2
3383,1858,Gungnir,941,3,159,1,2,2
3384,887,Odin,480,0,0,0,1,1
3385,3026,glacier sprite,382,3,153,1,2,0.4
3386,3076,mummy flamen,344,3,122,1,1,1.3
3391,3163,ogama,126,3,30,1,1,1.5
3392,3162,onibi,79,3,20,1,2,1
3397,3045,icicle,764,3,204,1,1,2
3412,3142,game fowl,175,3,44,1,3,1.5
3423,3149,the Growler,69,3,17,2,1,0.8
3424,3272,Anchag,956,3,237,1,1,1.8
3425,3273,foreboding statue,935,3,231,1,1,0.9
3426,3274,boogyman,795,2,1003,5,1,3
3427,3275,boogyman,795,2,1003,5,1,3
3428,3276,luminescence,928,3,156,1,23,1
3429,3277,bloodmoon sacrifice,548,1,0,1,1,1.5
3430,3174,Chi,548,1,0,1,1,1.5
3431,3279,bloodmoon martyr,548,1,0,1,1,1.5
3432,3280,Ferdiad,912,3,196,2,1,1.5
3433,3281,abyssal scythe,620,3,9994,3,1,1
3434,3282,abyssal lance,619,3,9994,2,1,1
3435,3283,wicked jester,64,3,16,1,2,3
3436,3284,suppuration,294,3,87,1,3,1.2
3437,3285,cankerous gobbet,294,3,87,1,3,1.75
3438,3286,troubadour,774,2,1014,5,1,2
3439,1695,bloodlapper,54,3,11,1,2,3.25
3440,3248,Thor,61,3,15,1,1,1.2
3441,3255,circling condor,40,3,7,1,2,1.5
3442,3256,megalotragus,927,3,47,3,1,2
3443,3257,lordstool,29,3,3,1,2,1.5
3444,3258,demonic rose,145,3,37,1,1,1.3
3445,3259,ruins wamoura,646,3,195,1,1,0.7
3446,3260,hedgerow ochu,34,3,5,1,1,1.5
3447,3261,leafminer,59,3,14,1,2,1
3448,3262,knotty treant,104,3,27,1,1,1
3449,3263,ruins wamouracampa,645,3,194,1,1,1
3450,3264,foxglove,49,3,9,1,2,5
3451,3265,strangulating ivy,872,3,205,2,1,0.35
3452,3266,vodoriga slicer,363,3,141,1,1,1.5
3453,3267,gneissic gargoyle,216,3,57,1,1,2
3454,3268,void syrup,294,3,87,1,3,1
3455,3269,faultfinder,63,3,16,1,1,2
3456,3270,skainsmate,18,2,1016,1,1,2
3457,3271,demon wall,256,3,77,1,1,4
3460,3152,security mammet,223,3,59,1,3,1.5
3470,3160,detonator,1287,4,9598,0,1,1
3478,3170,shadow bat,99,3,25,1,2,2
3484,3243,garm,968,3,53,1,2,1
3485,3244,two-headed dragon,1005,3,70,1,5,1
3488,3247,Queen Scylla,969,3,126,1,2,1.3
3489,3248,Thor,967,2,1008,1,3,1
3490,3249,Jormungand,572,3,173,1,3,1
3491,3250,Xande's clone,1004,3,127,1,2,3
3492,3381,moaning Atomos,970,3,61,1,2,2
3493,3252,sacrificed soldier,971,3,125,1,2,3
3508,3118,7th Cohort vanguard,213,3,56,1,1,2
3509,3115,7th Cohort death claw,331,3,114,1,1,2
3510,3116,7th Cohort colossus,253,3,76,1,1,2
3515,3221,magicked trap,480,0,0,0,1,1
3516,3152,security mammet,222,3,59,1,2,1.5
3517,3161,black sarcophagus,480,0,0,0,1,1
3521,3170,shadow bat,99,3,25,1,2,2
3522,3172,Gekkai the Blind,480,0,0,0,1,1
3523,3172,Gekkai the Blind,480,0,0,0,1,1
3525,3210,Bahamut Prime,336,3,117,1,2,1.5
3526,3213,the storm of Meracydia,226,3,60,2,1,1.1
3527,3172,Gekkai the Blind,480,0,0,0,1,1
3528,3172,Gekkai the Blind,480,0,0,0,1,1
3529,3171,medium circle,961,4,7110,0,1,1
3530,3091,Frumious Koheel Ja,838,3,218,1,1,1.2
3531,3092,sacred spear,947,3,159,2,1,1
3532,3093,Slithy Zolool Ja,10,2,1008,1,1,1.8
3533,3810,cryodragon,480,0,0,0,1,1
3534,3095,Manxome Molaa Ja Ja,837,3,217,1,1,1.8
3535,3096,sacred standard,936,3,232,1,1,1.4
3536,3097,sacred idol,937,3,232,2,1,1
3537,3098,Silverscales zenist,10,2,1008,1,1,1
3538,3077,Silverscales lurker,10,2,1008,1,1,1
3539,3078,Silverscales warder,10,2,1008,1,1,1
3540,3079,bronze pugil,356,3,134,1,1,1
3541,3080,pteroc pointer,131,3,32,1,2,1
3542,3081,pack ziz,157,3,40,1,4,1
3543,108,,89,3,22,1,1,1
3544,3083,Silverscales stabler,10,2,1008,1,1,1
3545,3084,combat wivre,948,3,235,1,1,1
3546,3085,Silverscales sophist,10,2,1008,1,1,1
3547,3086,sacred standard,936,3,232,1,1,1
3548,3087,wivre fodder,128,3,30,1,3,1
3549,3088,purulent abscess,292,3,87,1,1,3
3550,3089,purulent pustule,292,3,87,1,1,1
3551,3090,bavaroid waste,206,3,55,1,6,1
3552,3100,leaping lemur,32,3,4,1,2,1.2
3553,3100,leaping lemur,32,3,4,1,2,1.2
3554,3104,Amalj'aa inculcator,3,2,1001,1,1,1.2
3555,3104,Amalj'aa inculcator,3,2,1001,1,1,1.2
3556,3102,Ixali strongbeak,4,2,1002,1,1,1.2
3557,3103,Ixali strongwing,4,2,1002,1,1,1.2
3559,3107,Mamool Ja bounder,10,2,1008,1,1,1
3560,3108,Mamool Ja savant,10,2,1008,1,1,1
3564,2039,deepvoid scamp,331,3,114,1,1,1
3566,3179,6th Cohort vanguard,214,3,56,1,2,2
3567,3183,Qiqirn plucker,14,2,1012,1,1,1
3568,3184,Qiqirn roostkeep,14,2,1012,1,1,1
3574,3234,Cerberus,350,3,128,1,1,1.8
3575,3235,unknown,1032,3,55,2,2,1.5
3576,3236,wolfsbane,1033,3,9,1,5,2
3577,3237,gastric juice,786,3,156,1,17,1
3578,3238,stomach wall,480,0,0,0,1,1
3579,3239,electron,1008,3,156,1,27,1
3580,3227,five-headed dragon,244,3,70,1,1,2
3581,3228,prominence,1007,3,156,1,26,1
3582,3229,dragonfire fly,972,3,140,1,3,1
3583,3230,poison slime,292,3,87,1,1,1
3584,3231,Angra Mainyu,351,3,129,1,1,0.8
3585,3232,Grim Reaper,774,2,1014,5,1,2
3586,3233,final hourglass,480,0,0,0,1,1
3587,3241,hypercharged cloud,1009,3,156,1,28,1
3588,3263,ruins wamouracampa,917,3,226,1,1,0.7
3589,108,,145,3,37,1,1,1.8
3590,108,,63,3,16,1,1,1.8
3591,108,,1018,3,88,1,1,1.8
3592,108,,280,3,84,2,1,1.8
3593,108,,190,3,50,1,1,1.8
3594,108,,198,3,54,1,1,1.8
3595,108,,176,3,45,1,1,1.5
3596,108,,142,3,36,1,2,3
3597,108,,137,3,34,2,2,1.5
3598,3454,blackened statue,480,0,0,0,1,1
3599,8395,Sophrosyne,480,0,0,0,1,1
3600,2993,waterspout,736,3,9995,1,9,1
3601,8395,Sophrosyne,480,0,0,0,1,1
3602,3077,Silverscales lurker,10,2,1008,1,1,1
3603,3222,head of fire,483,5,0,0,1,1
3604,3223,head of ice,483,5,0,0,1,1
3605,3224,head of thunder,483,5,0,0,1,1
3606,3225,head of poison,483,5,0,0,1,1
3607,3301,toxic slime,292,3,87,1,1,3
3608,3345,Senor Sabotender,1031,1,0,1,1,1.2
3609,3345,Senor Sabotender,1031,1,0,1,1,1.2
3610,3345,Senor Sabotender,1031,1,0,1,1,1.2
3611,3082,sane tonberry,89,3,22,1,1,1
3612,3302,dark cloud,1025,3,156,1,30,1
3613,3303,dark storm,1009,3,156,1,28,2
3614,3261,leafminer,765,3,210,1,1,1.2
3615,3269,faultfinder,766,3,211,1,1,1
3616,3522,6th Legion imaginifer,316,3,105,1,1,1
3617,126,giant slug,829,3,105,3,1,1
3618,3354,codpiece clipper,830,3,105,4,1,1
3619,3078,Silverscales warder,10,2,1008,1,1,1
3620,2665,Gilgamesh,636,3,131,1,2,2
3621,2665,Gilgamesh,353,3,131,1,1,2
3622,3304,Enkidu,763,3,115,2,1,1.5
3623,3307,woken wind,681,3,9995,1,7,1
3624,3305,dragon's head,480,0,0,0,1,1
3625,3304,Enkidu,480,0,0,0,1,1
3626,3305,dragon's head,1001,3,253,1,1,1.5
3627,3306,iron chain,1010,3,256,1,1,1
3628,3321,Horde wyvern,659,3,60,1,3,1
3629,3322,Horde shield dragon,371,3,146,1,1,1
3630,3323,Horde dragonfly,362,3,140,1,1,1
3631,3324,Horde armored dragon,732,3,23,3,1,1.25
3632,3280,Ferdiad,179,3,46,1,1,1.5
3633,3325,Horde dragon,230,3,63,1,2,1.4
3634,3326,Horde aevis,377,3,150,1,1,1
3635,3371,auxiliary ceruleum tank,730,3,183,2,1,1.7
3636,3329,Horde biast,180,3,46,1,2,1.5
3637,2168,Bertha,518,3,167,1,1,1
3638,3331,snare,1002,3,254,1,1,2
3639,3314,dragonkiller,480,0,0,0,1,1
3640,3330,Vishap,1003,3,255,1,1,1
3647,3311,fourth ward,480,0,0,0,1,1
3648,3267,gneissic gargoyle,480,0,0,0,1,1
3649,3287,Nabriales,547,1,101,1,1,2
3650,3386,electrogenetic force,1015,3,156,1,29,1
3651,3289,dark aether isten,512,3,156,1,6,1
3652,3290,dark aether sina,511,3,156,1,5,1
3653,3291,dark aether salas,649,3,156,1,11,1
3654,3292,shadow sprite,1006,3,153,1,7,1
3655,3294,extension,536,4,4012,0,1,2
3656,3293,aetherial tear,480,0,0,0,1,1
3658,3337,Horde commander,371,3,146,1,1,0.8
3659,3339,assault wyvern,224,3,60,1,1,1
3660,3340,morgawr,772,3,173,1,2,1.5
3661,3200,gravity node,168,3,43,1,2,1.5
3662,3300,Angra Mainyu's daewa,171,3,43,1,5,2
3663,3046,Typhon,261,3,78,1,1,2.78
3664,108,,480,0,0,0,1,1
3666,3355,lake pugil,356,3,134,1,1,1
3667,3354,codpiece clipper,148,3,38,1,1,1.6
3668,3353,harness snipper,149,3,38,1,2,1.6
3669,3368,loyal dragonfly,362,3,140,1,1,1
3670,3367,loyal biast,180,3,46,1,2,1.5
3671,3366,loyal wyvern,224,3,60,1,1,1
3672,3365,silver falcon,39,3,7,1,1,1
3673,3358,6th Cohort colossus,253,3,76,1,1,2.5
3674,3357,6th Cohort vanguard,213,3,56,1,1,2
3675,3322,Horde shield dragon,55,3,12,1,1,1
3681,3529,vuk'loii Vundu,331,3,114,1,1,1
3682,3352,lake nanka,729,3,39,4,1,1.2
3683,3351,hull nix,128,3,30,1,3,1.5
3684,3350,cermet coblyn,176,3,45,1,1,1
3685,3349,son of the keeper,570,3,173,1,1,1.5
3686,3369,Einhander,974,3,64,5,1,1.3
3687,3370,astraea,996,3,64,6,1,1
3688,3373,magitek gunship,930,3,230,1,1,1
3689,3357,6th Cohort vanguard,213,3,56,1,1,2
3690,3374,Midgardsormr,1020,3,226,1,3,0.7
3691,3375,mirage dragon,994,3,63,1,5,1
3692,3375,mirage dragon,995,3,63,1,6,1
3693,3312,Arc of the Worthy,362,3,140,1,1,1
3694,3251,Atomos Prime,1000,3,252,1,1,1
3699,3298,forbidden gate,480,0,0,0,1,1
3700,3298,forbidden gate,480,0,0,0,1,1
3701,3378,magitek field generator,999,3,251,1,1,1.4
3702,3372,main ceruleum tank,997,3,249,1,1,2
3703,3371,auxiliary ceruleum tank,998,3,250,1,1,1
3704,3095,Manxome Molaa Ja Ja,480,0,0,0,1,1
3706,108,,89,3,22,1,1,1
3707,3374,Midgardsormr,480,0,0,0,1,1
3708,3370,astraea,996,3,64,6,1,1
3709,2665,Gilgamesh,353,3,131,1,1,2
3710,3370,astraea,480,0,0,0,1,1
3711,108,,1030,3,230,1,2,1
3712,3402,icetrap,1021,3,105,5,1,1
3713,4685,medical supplies,88,3,21,2,1,2
3714,3923,demon tome,986,3,248,1,1,2.8
3715,3925,Byblos,831,3,183,4,1,1.5
3716,3930,the Everliving Bibliotaph,925,3,227,1,1,1.5
3717,3931,biblioklept,1094,3,172,1,4,1.5
3718,3932,bibliomancer,72,3,18,1,2,1.3
3719,3933,bibliophile,63,3,16,1,1,1.5
3720,3789,Coeurlregina,236,3,66,1,1,2.3
3721,3405,towering oliphant,984,3,246,1,1,2
3722,3406,Ser Yuhelmeric,862,2,1015,2,1,1.8
3723,3407,frozen knight,862,2,1015,2,1,1.4
3724,3408,frozen chirurgeon,862,2,1015,2,1,1.4
3725,3409,Opinicus,955,3,236,1,1,2
3726,3410,rubble,1266,3,274,1,1,1
3727,3791,Raskovnik,1072,3,5,2,3,2.3
3728,3487,inland tursus,293,3,87,1,2,1.6
3729,3793,Myath,943,3,233,2,1,1.4
3730,3794,chyme of the mountain,292,3,87,1,1,3
3731,3620,archaeosaur,294,3,87,1,3,1.6
3732,3796,rheum of the mountain,1078,3,87,1,8,1.6
3733,3797,blood of the mountain,1079,3,87,1,9,1.6
3734,3798,Tioman,977,3,245,1,1,1.8
3735,3818,Regula van Hydrus,3827,1,501,1,1,1.1
3736,3819,magitek turret I,1236,3,12,1,5,1
3737,3820,magitek turret II,1235,3,12,3,1,1
3738,3821,Harmachis,954,3,146,3,1,1
3739,2143,Lahabrea,547,1,101,1,1,2
3740,3822,Igeyorhm,547,1,101,1,1,2
3741,4383,blizzardsphere,784,3,156,1,15,1
3742,4384,firesphere,783,3,156,1,14,1
3743,3823,Ascian prime,1047,3,103,2,1,3.8
3744,4382,chaosphere,511,3,156,1,5,1.5
3745,4383,blizzardsphere,784,3,156,1,15,2
3746,4384,firesphere,783,3,156,1,14,2
3747,3293,aetherial tear,1208,3,273,1,1,1
3748,3930,the Everliving Bibliotaph,480,0,0,0,1,1
3749,2343,abyssal lance,619,3,9994,2,1,1
3750,3452,Rangda,1307,3,234,1,3,1.4
3751,3453,leyak,224,3,60,1,1,1
3752,3454,blackened statue,1192,3,268,1,1,1.4
3753,3455,Gyascutus,950,3,34,3,1,1.8
3754,3456,mustard gas,102,3,26,1,3,2
3755,3457,malady,1199,3,271,1,5,1.5
3756,3458,Nidhogg,338,3,119,1,1,1
3757,3459,the Scarlet Price,1200,3,271,1,6,1
3758,3460,the Sable Price,1201,3,271,1,7,1
3759,3461,liegetail,180,3,46,1,2,1.3
3760,3462,Ahleh,660,3,63,1,4,1
3761,3463,Oskh,231,3,63,1,3,1
3762,3464,liegedrake,224,3,60,1,1,1
3764,3660,Ravana,976,3,244,1,1,0.7
3765,3660,Ravana,976,3,244,1,1,0.7
3766,3661,moon gana,1096,3,265,1,1,0.5
3767,3661,moon gana,1096,3,265,1,1,0.5
3768,3662,spirit gana,1097,3,265,1,2,0.3
3769,3662,spirit gana,1097,3,265,1,2,0.3
3770,3663,Ravana's will,1198,3,271,1,4,1
3771,3663,Ravana's will,1198,3,271,1,4,1
3772,3664,Chandrahas,1105,3,266,1,1,0.7
3773,3664,Chandrahas,1105,3,266,1,1,0.7
3774,3745,Faust,978,2,1007,6,1,2
3775,3746,sturm doll,978,2,1007,6,1,1.2
3776,3747,oppressor,962,3,240,1,1,0.9
3777,3748,oppressor 0.5,1084,3,240,1,2,0.9
3778,3749,alarum,1081,3,187,1,2,1.3
3779,3748,oppressor 0.5,480,0,0,0,1,1
3780,4492,thunder picket,1008,3,156,1,27,1
3781,4420,voidsphere,511,3,156,1,5,1
3782,1385,bomb,670,3,199,1,1,2
3784,3735,Canu Vanu's totem,1054,3,145,3,1,0.5
3785,3921,speedreader,171,3,43,1,5,1.5
3786,3918,tomeshifter imp,64,3,16,1,2,1.5
3787,3910,Gubal falcon,39,3,7,1,1,1.5
3788,3922,skatene,904,3,225,1,1,1
3789,3913,sentient tome,877,3,197,2,1,1
3790,3912,sentient inkhorn,1240,3,279,1,1,1.5
3791,3915,page 64,918,3,55,3,1,1
3792,3916,spine duster,1075,3,89,1,1,1
3793,3911,marolith,1088,3,247,1,2,1.5
3794,3917,spandule,396,3,158,1,1,2
3795,3920,logos,121,3,29,1,1,3
3796,3909,meganeura,654,3,198,1,1,1.5
3797,3914,pseudo sprite,383,3,153,1,3,1
3798,3923,demon tome,480,0,0,0,1,1
3799,3460,the Sable Price,480,0,0,0,1,1
3800,243,iron tortoise,480,0,0,0,1,1
3801,3351,hull nix,828,3,80,2,1,1.5
3802,3388,stronghold mylodon,957,3,238,1,1,1.5
3803,3389,snoll,864,3,26,1,5,3
3804,3390,nestless falcon,43,3,7,1,5,1.5
3805,3391,muddy zoblyn,1039,3,45,1,4,1.2
3806,3392,frostbitten war hound,1037,3,41,1,5,1.2
3810,3396,frostbitten officer,548,1,0,1,1,1.1
3811,3397,frostbitten conscript,548,1,0,1,1,0.9
3812,3398,frostbitten sentry,597,1,101,1,1,1
3813,3399,fading soul,79,3,20,1,2,1
3814,3400,hailstorm sprite,382,3,153,1,2,1.2
3815,3401,dusk wolf,161,3,41,1,3,3
3816,3402,icetrap,1035,3,9,1,4,2
3817,3403,muddy zoblyn larva,1039,3,45,1,4,0.7
3818,3404,stronghold tursus,777,3,46,3,2,1.6
3819,3409,Opinicus,955,3,236,1,1,2
3820,3649,Bismarck,975,3,243,1,1,10
3821,3649,Bismarck,480,0,0,0,1,1
3822,4606,hydrosphere,1202,3,271,1,8,1.6
3823,108,,1359,3,301,1,1,1
3824,3650,vapor bubble,1204,3,271,1,10,1.2
3825,3651,nat'maii Vundu,1101,2,1001,6,1,2
3826,3652,lan'maii Vundu,1101,2,1001,6,1,1.5
3827,3653,vuk'maii Vundu,1101,2,1001,6,1,1.3
3828,3654,so'sanuwa,1188,3,234,2,3,1
3829,3655,ul'sanuwa,1189,3,234,2,4,1
3830,3658,funnel cloud,478,3,9995,1,2,1
3831,3568,melia,672,3,199,2,1,6
3832,3649,Bismarck,975,3,243,1,1,10
3833,3649,Bismarck,480,0,0,0,1,1
3834,3650,vapor bubble,1204,3,271,1,10,1.2
3835,8144,painted sapling,358,3,135,1,1,3
3836,3652,lan'maii Vundu,1101,2,1001,6,1,1.5
3837,3653,vuk'maii Vundu,1101,2,1001,6,1,1.3
3838,3654,so'sanuwa,1188,3,234,2,3,1
3839,3658,funnel cloud,478,3,9995,1,2,1
3840,3655,ul'sanuwa,1189,3,234,2,4,1
3841,3754,Gordian hardhelm,6,2,1004,1,1,2
3842,3755,Gordian hardmind,6,2,1004,1,1,2
3844,4490,ball of fire,783,3,156,1,14,1
3845,1300,Brayflox Alltalks,6,2,1004,1,1,1
3846,3753,Gordian sniper,6,2,1004,1,1,1.5
3847,3757,Gordian soldier,6,2,1004,1,1,1
3848,8145,painted root,2657,3,351,1,2,0.2
3849,3758,boomtype magitek gobwalker G-VII,1239,3,257,2,1,2.8
3850,3759,jagd doll,978,2,1007,6,1,2
3851,3760,magitek gobwidow G-IX,979,3,1,4,1,8
3852,3761,king gobtank G-IV,1082,3,189,1,2,1
3853,2667,bomb,670,3,199,1,1,4
3854,8650,Crystal Exarch,671,3,199,3,1,8
3855,3758,boomtype magitek gobwalker G-VII,1011,3,257,1,1,2.8
3856,3754,Gordian hardhelm,6,2,1004,1,1,2
3857,3755,Gordian hardmind,6,2,1004,1,1,2
3858,3753,Gordian sniper,6,2,1004,1,1,1.5
3859,3757,Gordian soldier,6,2,1004,1,1,1
3860,8146,"Aenc Thon, Lord of the Lengthsome Gait",2477,3,74,3,1,2.5
3861,3758,boomtype magitek gobwalker G-VII,1239,3,257,2,1,2.8
3862,3759,jagd doll,978,2,1007,6,1,2
3863,3760,magitek gobwidow G-IX,979,3,1,4,1,8
3864,3761,king gobtank G-IV,1082,3,189,1,2,1
3865,2667,bomb,670,3,199,1,1,4
3866,3546,6th Legion hoplomachus,671,3,199,3,1,8
3868,3818,Regula van Hydrus,542,1,501,1,1,1.1
3869,3799,blooming ochu,35,3,5,1,2,1
3870,3800,flying killer,827,3,25,2,1,5
3871,3801,Abalathian vulture,39,3,7,1,1,1
3872,3802,pollen cluster,1194,3,270,1,1,1
3873,3803,drakespur,480,0,0,0,1,1
3874,3804,Abalathian fox,98,3,25,1,1,2
3875,3577,miacid,176,3,45,1,1,1
3876,3805,overgrown difflugia,364,3,142,1,1,1
3877,3807,sacred drake,179,3,46,1,1,1
3878,3808,Abalathian tursus,182,3,46,3,1,1
3879,3815,wounded pyrodragon,664,3,163,1,4,1
3880,3809,pyrodragon,660,3,63,1,4,1
3881,3816,wounded cryodragon,403,3,163,1,3,1
3882,3810,cryodragon,231,3,63,1,3,1
3883,3811,ergodragon,229,3,63,1,1,1
3884,3812,ice boulder,1193,3,269,1,1,1
3885,3026,glacier sprite,382,3,153,1,2,0.4
3886,3813,deep-mountain gallimimus,1073,3,24,1,3,1
3887,3814,deep-mountain wyvern,1042,3,60,4,1,1
3888,3806,sacred biast,180,3,46,1,2,1
3889,3815,wounded pyrodragon,660,3,63,1,4,1
3890,3816,wounded cryodragon,231,3,63,1,3,1
3891,4101,Serpent Reaver bluetail,480,0,0,0,1,1
3892,3772,the Manipulator,963,3,241,1,1,0.9
3893,3772,the Manipulator,480,0,0,0,1,1
3894,3773,steam bit,1098,3,12,2,1,1
3895,3778,steam gasket,1203,3,271,1,9,1
3896,3779,steam pump,614,3,156,1,10,1
3897,3774,panzer doll,978,2,1007,6,1,1
3898,3775,straf doll,978,2,1007,6,1,2
3899,3759,jagd doll,978,2,1007,6,1,0.8
3900,3776,steam regulator A,1244,3,271,1,11,1
3901,3777,steam regulator B,1245,3,271,1,12,1
3902,3772,the Manipulator,963,3,241,1,1,0.9
3903,3772,the Manipulator,480,0,0,0,1,1
3904,3773,steam bit,1098,3,12,2,1,1
3905,3778,steam gasket,1203,3,271,1,9,1
3906,3774,panzer doll,978,2,1007,6,1,1
3907,3759,jagd doll,978,2,1007,6,1,0.8
3908,6305,Seed of Conviction,619,3,9994,2,1,1
3911,3824,clockwork repurposer,633,3,187,1,1,1
3912,3825,clockwork hunter,1283,1,101,1,1,2.5
3913,3826,clockwork avenger,1283,1,101,1,1,3
3917,3830,bioculture node,316,3,105,1,1,1
3918,3831,precultured biomass,294,3,87,1,3,1
3919,3832,cultured dancer,16,2,1014,1,1,1
3920,3833,cultured empuse,916,3,148,3,1,1
3921,3834,cultured reptoid,842,2,1021,1,1,1
3922,4336,critical bug,508,3,136,1,1,1
3923,3835,biohazard,1076,3,55,2,3,1.5
3924,3836,facility dreadnaught,361,3,139,1,1,1
3925,3837,monitoring drone,766,3,211,1,1,1.2
3928,3840,cultured shabti,1092,3,161,1,2,2
3929,4340,scrambled engineer,387,3,154,1,1,1.75
3930,4339,scrambled paladin,388,3,155,1,1,1.75
3931,3818,Regula van Hydrus,1090,1,501,1,1,1.1
3932,3825,clockwork hunter,1283,1,101,1,1,2.5
3933,4489,Terminus Est,1209,3,273,1,2,1
3934,3765,living liquid,1061,3,260,1,1,3.5
3935,4018,imperial speculator,1030,3,230,1,2,0.5
3936,3378,magitek field generator,999,3,251,1,1,1
3937,3766,liquid limb,1063,3,261,2,1,1.6
3938,3766,liquid limb,1062,3,261,1,1,1.9
3939,8958,liar's lyre,2751,5,0,0,1,1
3940,3767,liquid rage,1300,3,287,1,1,2.4
3941,3770,gear lubricant,1014,3,87,1,7,1
3942,3769,piston lubricant,1013,3,55,1,14,1.2
3943,3771,embolus,1202,3,271,1,8,1
3944,3768,hydrate core,1060,3,259,1,1,0.8
3945,3765,living liquid,480,0,0,0,1,1
3947,3726,Nunyenunc,953,3,118,2,1,2
3948,3372,main ceruleum tank,997,3,249,1,1,2
3949,2751,pit torama,480,0,0,0,1,1
3955,4138,acerbic jam,292,3,87,1,1,1
3956,3721,Neverreap toco toco,1155,3,138,1,2,1
3957,3723,Neverreap wamoura,646,3,195,1,1,1
3958,3724,divine sordes,131,3,32,1,2,1
3959,3722,blue buzzard,39,3,7,1,1,1
3960,3731,Vundu bright totem,1054,3,145,3,1,0.5
3961,3732,divine vespa,359,3,137,1,1,1
3962,3733,grandfather treant,104,3,27,1,1,1
3963,3736,divine wasp,280,3,84,2,1,1
3964,3737,hakulaq,182,3,46,3,1,1
3965,108,,453,3,8028,1,1,2
3966,3739,divine dhalmel,1064,3,262,1,1,1
3967,3278,nat'zoii Vundu,1101,2,1001,6,1,1
3968,3727,Nunyenunc's shadow,1181,3,118,2,2,2
3969,3728,Nunyenunc's feather,1195,3,93,1,6,1
3970,3734,Canu Vanu,1101,2,1001,6,1,1.6
3971,3740,waukkeon,946,3,234,2,1,1.25
3972,3741,divine wind,478,3,9995,1,2,1
3973,3742,divine mist,385,3,153,1,5,1
3976,4139,humming atomizer,480,0,0,0,1,1
3977,4140,iron cell,480,0,0,0,1,1
3986,3489,grand archaeornis,944,3,233,3,1,0.5
3987,3573,Gnath firedrone,957,3,238,1,1,1
3988,3479,wooly yak,951,3,35,3,1,1
3989,3575,Gnath cultivator,841,3,88,7,1,1
3990,3488,sleet trap,1035,3,9,1,4,2
3991,3492,ice zoblyn,1039,3,45,1,4,1.5
3992,3483,lone yeti,767,3,54,5,1,1.3
3993,3485,polar bear,870,3,176,1,3,1
3994,3584,Gnath irondrone,863,3,15,1,2,1.2
3995,3893,icicle sprite,864,3,26,1,5,2
3996,3484,ice commander,825,2,1009,9,1,1
3997,3487,inland tursus,777,3,46,3,2,1
3998,3486,ice dragon,231,3,63,1,3,1
3999,3670,tyrannosaur tyrant,942,3,233,1,1,0.7
4000,3900,marching steeldrone,832,2,1020,1,1,1
4001,4049,firedrone exterminator,832,2,1020,1,1,1
4002,3901,marching cultivator,832,2,1020,1,1,1
4003,4337,scrambled iron giant,609,3,76,1,4,2.3
4004,4338,scrambled iron claw,332,3,114,1,2,1.5
4005,4390,enforcement droid 210,1089,2,2,2,1,1.5
4006,3581,vinegaroon,1012,3,233,4,1,0.7
4007,3577,miacid,914,3,176,3,1,1
4008,3688,bounding bandersnatch,913,3,177,2,1,1
4009,3691,deepgrey hippocerf,133,3,33,1,1,1.5
4010,3585,Gnath forager,575,3,177,1,1,1
4011,3564,wild chocobo,1,2,1,1,1,1
4012,3696,giant loaghtan,185,3,47,2,1,1.2
4013,3693,hotfooted gallimimus,1073,3,24,1,3,1
4014,3580,lesser hydra,245,3,70,1,2,0.7
4015,4284,wrothful melia,1036,3,27,1,3,1
4016,4070,flat-footed opken,834,3,49,3,1,1.2
4017,3597,narbrooi,724,3,84,3,1,1.5
4018,3715,scorpion hawk,949,3,11,2,1,1.8
4019,3945,Illuminati revenger,6,2,1004,1,1,1
4020,3712,ragged ratel,1055,3,176,3,2,1
4021,3611,sun leech,1056,3,181,1,2,1.5
4022,3605,great morbol,1057,3,215,2,2,1
4023,3612,bifericeras,1053,3,142,1,2,1
4024,3714,aroma crawler,839,3,219,1,1,1
4025,3710,pondless poroggo,1075,3,89,1,1,2
4026,3610,okeanis,570,3,173,1,1,1
4027,3713,greater morbol,146,3,37,1,2,1
4028,3711,wilde wildebeest,563,3,171,1,1,1.1
4029,3606,sun bear,574,3,176,1,1,1
4030,3599,goblin tinkerer,6,2,1004,1,1,1
4031,3707,lawless goblin sharpshooter,6,2,1004,1,1,1
4032,3708,lawless goblin glider,6,2,1004,1,1,1
4033,3709,findertype magitek vangob G-III,673,3,56,2,1,1.5
4034,56,water sprite,385,3,153,1,5,1
4035,3609,cockatrice,175,3,44,1,3,1.5
4036,3977,opulent syricta,915,3,49,4,1,0.8
4037,4045,vengeful wyvern,952,3,64,4,1,1.2
4038,3613,sankchinni,1045,3,84,3,2,1.5
4039,4277,sea beggar,1040,3,49,3,2,1.2
4040,3559,Meracydian amphiptere,1160,3,267,1,2,0.7
4041,3700,tireless tulihand,1052,3,140,1,4,1
4042,3701,patina dragon,230,3,63,1,2,1
4043,3630,blood dragon,1088,3,247,1,2,1.5
4044,4294,Rookery diresaur,730,3,183,2,1,1.2
4045,4291,vinegaroon ambusher,943,3,233,2,1,0.7
4046,3542,corpse flower,1034,3,5,2,2,0.9
4047,117,lightning sprite,384,3,153,1,4,1
4048,3526,griffin,955,3,236,1,1,1.25
4049,3703,pouting paissa,905,3,225,2,1,0.7
4050,3512,groundskeeper,985,3,247,1,1,1.5
4051,3501,lan'laii Gundu,1101,2,1001,6,1,1.2
4052,4061,nat'noii Vundu,1101,2,1001,6,1,1.2
4053,3503,vuk'laii Gundu,1101,2,1001,6,1,1.2
4054,3705,skygazer,794,3,64,3,1,1
4055,4059,gastornis tercel,1038,3,44,1,4,1.5
4056,4071,stray gaelicat,827,3,25,2,1,5
4057,3674,killer korrigan,1046,3,88,1,2,1
4058,3672,lost sanuwa,1058,3,234,2,2,0.5
4059,3509,Window wamoura,646,3,195,1,1,0.8
4060,4288,burrowing wamouracampa,645,3,194,1,1,0.8
4061,4283,expecting damselfly,654,3,198,1,1,0.9
4062,3611,sun leech,600,3,181,1,1,1.5
4063,3673,musky wisent,140,3,35,2,1,1
4064,4293,thirstful anzu,604,3,60,3,1,0.7
4065,3654,so'sanuwa,572,3,173,1,3,1
4066,3702,cloudtop tsanahale,727,3,141,2,1,1
4067,3649,Bismarck,239,3,68,1,2,1
4068,3513,Vundu totem,1054,3,145,3,1,1
4069,3675,bull dhalmel,1064,3,262,1,1,1.2
4070,3525,toco toco,1155,3,138,1,2,1
4071,3544,reptoid,842,2,1021,1,1,0.8
4072,3541,empuse,916,3,148,3,1,1
4073,3660,Ravana,954,3,146,3,1,1
4074,3633,Ser Zephirin,1083,3,219,1,2,1
4075,3554,Meracydian falak,1306,3,234,1,2,0.7
4076,3698,starkshadow amphiptere,1106,3,267,1,1,0.7
4077,3651,nat'maii Vundu,1072,3,5,2,3,0.9
4078,3623,dragonet,983,3,239,1,1,0.9
4079,3555,syricta,1210,3,49,4,2,0.8
4080,3556,Meracydian vouivre,1044,3,64,4,2,1.2
4081,3537,enforcement droid,1089,2,2,2,1,1
4083,3552,adamantite claw,331,3,114,1,1,1
4084,4399,6th Legion bit,55,3,12,1,1,1.2
4085,3538,lamia thelytoke,16,2,1014,1,1,1
4086,3539,lamia cybrid,16,2,1014,1,1,1
4087,3543,proto-naga,733,3,43,2,1,1.5
4088,3561,warspite,361,3,139,1,1,0.8
4089,3551,clockwork bit,775,3,12,1,2,1.2
4090,3534,clockwork engineer,387,3,154,1,1,2
4091,3535,clockwork paladin,388,3,155,1,1,2
4092,3536,clockwork harvestman,508,3,136,1,1,1
4093,3532,snapper-rook,380,3,152,1,1,1
4094,3631,cloud aevis,232,3,63,2,1,1
4095,3557,Meracydian brobinyak,950,3,34,3,1,1
4096,4128,lan'laii Gundu,1101,2,1001,6,1,1
4097,3502,nat'laii Gundu,1101,2,1001,6,1,1
4098,3503,vuk'laii Gundu,1101,2,1001,6,1,1
4102,108,,480,0,0,0,1,1
4103,4346,right foreleg,1179,5,0,0,1,5
4104,4347,left foreleg,1179,5,0,0,1,5
4105,4348,right hindleg,1179,5,0,0,1,5
4106,4349,left hindleg,1179,5,0,0,1,5
4107,4346,right foreleg,1179,5,0,0,1,5
4108,4347,left foreleg,1179,5,0,0,1,5
4109,4348,right hindleg,1179,5,0,0,1,5
4110,4349,left hindleg,1179,5,0,0,1,5
4114,3428,phantom ray,1095,3,264,1,1,2
4115,3429,minotaur,1041,3,58,3,1,1
4116,3430,flawed shabti,1093,3,161,2,1,1
4117,3431,continuum conservator,16,2,1014,1,1,1
4118,3432,urstrix,378,3,151,1,1,1
4119,3433,flawed naga,733,3,43,2,1,1.5
4120,3434,the Curator,1100,2,1021,2,1,1.5
4121,3435,clockwork alarum,633,3,187,1,1,1.5
4122,3436,aetherochemical mine,1207,3,272,1,3,1
4126,3414,immortalized clockwork soldier,387,3,154,1,1,1.75
4127,3415,immortalized clockwork knight,388,3,155,1,1,1.75
4128,3416,immortalized clockwork dreadnaught,361,3,139,1,1,1
4129,3417,flawless empuse,916,3,148,3,1,1
4130,3418,shabti,1093,3,161,2,1,1
4131,3419,flawless naga,733,3,43,2,1,1.5
4132,3420,flawless chimera,197,3,53,1,1,1
4133,3421,iksalion,1099,3,141,3,1,1
4134,3422,immortalized interceptor drone,766,3,211,1,1,1
4135,3423,clockwork reservoir,775,3,12,1,2,1
4136,3424,immortalized colossus,609,3,76,1,4,3
4137,3425,retooled enforcement droid,1089,2,2,2,1,1.75
4138,3426,immortalized death claw,332,3,114,1,2,1.5
4139,3427,clockwork predator,1283,1,101,1,1,1.5
4140,4132,Ishgardian steel chain,1010,3,256,1,1,1
4141,3540,Allagan chimera,197,3,53,1,1,1
4142,3586,thunder dragon,229,3,63,1,1,1
4143,3600,goblin sharpshooter,39,3,7,1,1,1.5
4144,3817,eruca,1083,3,219,1,2,1
4145,4154,Makara,1158,3,215,2,3,1.6
4146,4154,Makara,480,0,0,0,1,1
4151,4145,6th Legion gunship,930,3,230,1,1,1
4152,4158,floorspine Sahagin,9,2,1007,1,1,1
4153,4159,floorclaw Sahagin,9,2,1007,1,1,1
4154,4160,floorscale Sahagin,9,2,1007,1,1,1
4155,4161,floortooth Sahagin,9,2,1007,1,1,1
4156,4162,Zell the Adamantine,9,2,1007,1,1,2
4157,1392,inner fury,79,3,20,1,2,1.2
4165,4179,barghest,968,3,53,1,2,1
4166,3690,feather flea,38,3,6,1,3,2
4177,3634,Ser Adelphel,1250,2,1025,1,1,2.2
4178,4385,brightsphere,1246,3,271,1,1,1
4180,3639,Ser Grinnaux,1250,2,1025,1,1,2.2
4181,3293,aetherial tear,1208,3,273,1,1,2
4182,3642,Ser Charibert,1250,2,1025,1,1,2.2
4183,3851,dawn knight,982,3,172,2,1,2
4184,3852,dusk knight,1080,3,172,2,2,2
4185,4400,holy flame,850,3,156,1,21,1.5
4198,3845,white knight,982,3,172,2,1,2
4199,3846,black knight,1080,3,172,2,2,2
4200,3847,cathedral gargoyle,1156,3,141,1,3,1
4201,3848,face of the hero,124,3,29,2,1,2.2
4205,4146,unarmed Vanu Vanu,1101,2,1001,6,1,1.2
4206,2098,Lostkin Kazagg Chah,3,2,1001,1,1,1.2
4207,2099,Dozol Meloc the Yea-sayer,4,2,1002,1,1,1.2
4208,1453,269th Order Mendicant Da Za,5,2,1003,1,1,1.5
4211,3632,King Thordan,1067,2,1024,1,1,3.8
4212,3633,Ser Zephirin,1250,2,1025,1,1,2.2
4213,3634,Ser Adelphel,1250,2,1025,1,1,2.2
4214,3635,Ser Janlenoux,1250,2,1025,1,1,2.2
4215,3636,Ser Vellguine,1250,2,1025,1,1,2.2
4216,3637,Ser Paulecrain,1250,2,1025,1,1,2.2
4217,3638,Ser Ignasse,1250,2,1025,1,1,2.2
4218,3639,Ser Grinnaux,1250,2,1025,1,1,2.2
4219,3640,Ser Hermenost,1250,2,1025,1,1,2.2
4220,3641,Ser Guerrique,1250,2,1025,1,1,2.2
4221,3642,Ser Charibert,1250,2,1025,1,1,2.2
4222,3643,Ser Haumeric,1250,2,1025,1,1,2.2
4223,3644,Ser Noudenet,1250,2,1025,1,1,2.2
4224,3645,Ascalon,1232,3,275,1,1,3.8
4225,4385,brightsphere,1246,3,271,1,1,1
4226,4386,Meteor circle,769,3,213,1,1,1
4227,4387,Comet circle,819,3,213,1,2,1
4228,3641,Ser Guerrique,480,0,0,0,1,1
4229,3223,head of ice,1177,5,0,0,1,1
4230,3224,head of thunder,1177,5,0,0,1,1
4231,1848,cacophony,389,3,156,1,1,1
4234,2347,planar fissure,536,4,4012,0,1,1
4235,4180,deepvoid devilet,63,3,16,1,1,1.5
4236,4185,zombie dragon,232,3,63,2,1,1
4238,4186,stagnant aether,1284,4,9421,0,1,1
4239,4187,soulless knight,17,2,1015,1,1,2
4240,3438,Aery wyvern,225,3,60,1,2,0.8
4241,3439,dran Sorn Gahr,377,3,150,1,1,1
4242,3440,Aery biast,180,3,46,1,2,1
4243,3441,nehd Sorn Gahr,915,3,49,4,1,1
4244,3442,thunderbolt sprite,384,3,153,1,4,1
4245,3443,cloud chaser,362,3,140,1,1,1
4246,3445,smoldering dragon,229,3,63,1,1,1
4247,3446,slumbering dragon,660,3,63,1,4,1
4248,3447,Nidhogg broodling,983,3,239,1,1,1
4249,3448,Aery drake,179,3,46,1,1,1
4250,3449,lesser Aery dragon,371,3,146,1,1,1
4251,3450,Aery diresaur,730,3,183,2,1,1.5
4252,3451,Aery vouivre,952,3,64,4,1,1.2
4253,3445,smoldering dragon,662,3,163,1,1,1.4
4254,4188,soulless page,548,1,0,1,1,1
4257,3665,iron gate,476,3,9994,1,1,7
4258,3665,iron gate,476,3,9994,1,1,7
4259,4381,whirling gaol,1205,3,272,1,1,1
4260,4163,Bitoso,840,3,143,2,1,1
4264,4167,Surito Carito the Strategist,92,3,22,2,1,1
4265,4168,tonberry marine,89,3,22,1,1,1
4266,4109,Bitoso adherent,63,3,16,1,1,1.5
4267,4169,plague pus,690,3,55,2,1,1.5
4268,4170,voidsent discarnate,787,3,156,1,18,1
4269,4171,plague purge,1324,3,10,1,5,0.5
4270,4172,Battleseeker Halga Tolga,1228,3,22,5,1,1
4271,4426,cultured bowyer,16,2,1014,1,1,1
4272,4342,cultured naga,733,3,43,2,1,1
4273,4343,cultured cobra,234,3,65,1,1,1
4274,4344,cultured mirrorknight,378,3,151,1,1,1
4275,4345,cultured chimera,197,3,53,1,1,1
4276,4388,the Left Wing of Tragedy,1178,5,0,0,1,1
4277,4389,the Right Wing of Injury,1178,5,0,0,1,1
4278,3919,vodoriga biblioclast,1296,3,141,1,4,1.2
4279,3915,page 64,918,3,55,3,1,1
4280,3864,suspicious astrologian,48,3,9,1,1,2
4281,4190,Graoully,1185,3,63,1,7,1.4
4282,4190,Graoully,1278,3,163,1,5,1.4
4284,3045,icicle,764,3,204,1,1,2.5
4287,365,basalt golem,81,3,21,1,1,2
4288,398,highland condor,40,3,7,1,2,1.5
4289,106,coeurl,65,3,17,1,1,1.5
4290,117,lightning sprite,384,3,153,1,4,1
4291,4194,training incendiary,100,3,26,1,1,2
4292,3929,whale oil,1196,3,271,1,2,2
4293,3928,tomewind,1197,3,271,1,3,1
4294,4195,docile miacid,914,3,176,3,1,1
4295,4196,docile tiger,575,3,177,1,1,1
4296,407,ringtail,32,3,4,1,2,1.2
4297,171,lesser kalong,99,3,25,1,2,2
4298,45,will-o'-the-wisp,79,3,20,1,2,1
4299,170,deepvoid deathmouse,27,3,2,2,3,2
4300,24,treant,104,3,27,1,1,1
4309,3862,deepvoid eye,841,3,88,7,1,1
4310,3863,arcanima marionette,985,3,247,1,1,1
4311,114,ice sprite,382,3,153,1,2,1
4312,3476,frost grenade,864,3,26,1,5,1
4313,3475,icetrap,1035,3,9,1,4,1
4314,3478,slush zoblyn,1039,3,45,1,4,1
4315,3743,divine gale,383,3,153,1,3,1
4320,4197,Big Bertha West,518,3,167,1,1,1
4321,4200,unstoppable wyvern,224,3,60,1,1,1
4322,4201,unstoppable aevis,377,3,150,1,1,1
4323,4202,unstoppable dragonfly,362,3,140,1,1,1
4324,1440,Svara,229,3,63,1,1,1.3
4329,4000,Oonu Vali,480,0,0,0,1,1
4331,4107,guardian of Nym,82,3,21,1,2,3
4334,2096,planar fissure,535,4,4007,0,1,1
4335,4175,deepvoid sludge,202,3,55,1,2,1.5
4336,4176,deepvoid planebreaker,363,3,141,1,1,1
4338,1392,inner fury,79,3,20,1,2,1.2
4339,3812,ice boulder,80,3,20,1,3,2
4340,1393,inner rage,80,3,20,1,3,2
4343,4181,foaming wolf,161,3,41,1,3,1.5
4344,4182,foaming croc,373,3,147,1,2,1
4345,4183,foaming goobbue,199,3,54,1,2,1.5
4346,445,stagnant water sprite,1006,3,153,1,7,1
4348,3338,Horde runner,362,3,140,1,1,1
4349,3326,Horde aevis,377,3,150,1,1,1
4350,3339,assault wyvern,659,3,60,1,3,1.5
4352,4205,rank box,488,4,2220,0,1,1
4353,4206,peckish snipper,149,3,38,1,2,1.2
4354,4207,peckish bell,280,3,84,2,1,1.5
4355,4208,Thing from the Deep,772,3,173,1,2,1.5
4357,4220,assault aevis,377,3,150,1,1,1
4358,4221,assault biast,180,3,46,1,2,1.5
4359,4222,assault dragon,371,3,146,1,1,1
4364,4393,steeldrone ambusher,832,2,1020,1,1,1
4365,3902,marching firedrone,832,2,1020,1,1,1
4366,3901,marching cultivator,832,2,1020,1,1,1
4367,3900,marching steeldrone,832,2,1020,1,1,1
4368,3901,marching cultivator,832,2,1020,1,1,1
4369,3902,marching firedrone,832,2,1020,1,1,1
4370,3901,marching cultivator,832,2,1020,1,1,1
4371,4109,Bitoso adherent,63,3,16,1,1,1.5
4372,3571,loaghtan,185,3,47,2,1,1.2
4373,4100,Whilom grizzly,574,3,176,1,1,1.5
4374,4112,hulk dweller,944,3,233,3,1,1
4375,3908,poroggo mouthtrap,1075,3,89,1,1,1
4376,3893,icicle sprite,382,3,153,1,2,1
4380,3896,lan'noii Gundu,1101,2,1001,6,1,1
4381,3895,nat'noii Gundu,1101,2,1001,6,1,1
4382,3897,vuk'noii Gundu,1101,2,1001,6,1,1
4383,3898,tamed warbear,870,3,176,1,3,1
4384,3899,tamed polar bear,870,3,176,1,3,0.5
4385,3900,marching steeldrone,832,2,1020,1,1,1
4386,3901,marching cultivator,832,2,1020,1,1,1
4387,3901,marching cultivator,832,2,1020,1,1,1
4388,3900,marching steeldrone,832,2,1020,1,1,1
4389,3900,marching steeldrone,832,2,1020,1,1,1
4390,3902,marching firedrone,832,2,1020,1,1,1
4399,4107,guardian of Nym,81,3,21,1,1,1
4400,4110,Silverscales sabreur,10,2,1008,1,1,1
4401,4111,Silverscales pontificator,10,2,1008,1,1,1
4403,4104,Reaver coeurl,67,3,17,1,3,1
4404,4105,179th Order fugleman,5,2,1003,1,1,1
4405,4106,179th Order prelate,5,2,1003,1,1,1
4406,3729,lan'zoii Vundu,1101,2,1001,6,1,1
4407,3730,vuk'zoii Vundu,1101,2,1001,6,1,1
4408,3562,sphinx,1157,3,146,3,2,1
4419,4402,dark cloud,480,0,0,0,1,1
4420,108,,480,0,0,0,1,1
4421,3656,chitin carapace,1180,5,0,0,1,10
4422,3657,corona,1180,5,0,0,1,10
4423,3656,chitin carapace,1180,5,0,0,1,10
4424,3657,corona,1180,5,0,0,1,10
4429,4271,dark sprite,1006,3,153,1,7,1
4430,4272,dark plasma,511,3,156,1,5,1.5
4432,3763,ogrebon,741,3,209,1,1,0.8
4433,3762,echioceras,1053,3,142,1,2,1.4
4434,3764,clay claw,1057,3,215,2,2,1.6
4441,4224,Veri Selen,952,3,64,4,1,2.4
4442,3339,assault wyvern,224,3,60,1,1,0.8
4443,4225,assault dragonfly,362,3,140,1,1,1
4444,4220,assault aevis,377,3,150,1,1,1
4445,4149,Ruby Carbuncle,410,3,7002,1,2,1
4446,4392,Obsidian Carbuncle,414,3,7002,1,6,1
4447,9374,Resistance fighter,480,0,0,0,1,1
4448,3745,Faust,978,2,1007,6,1,1.5
4449,3746,sturm doll,978,2,1007,6,1,1
4450,3747,oppressor,962,3,240,1,1,0.9
4451,3748,oppressor 0.5,1084,3,240,1,2,0.9
4452,3749,alarum,1081,3,187,1,2,1.3
4453,3748,oppressor 0.5,480,0,0,0,1,1
4454,3493,vindthurs,189,3,49,2,2,1.2
4455,3761,king gobtank G-IV,1229,3,189,1,3,1
4456,2667,bomb,670,3,199,1,1,2
4457,4612,hydrocore,671,3,199,3,1,8
4458,3602,espertype magitek vangob G-III,673,3,56,2,1,1
4459,3599,goblin tinkerer,6,2,1004,1,1,1
4460,3600,goblin sharpshooter,6,2,1004,1,1,1
4461,3601,goblin glider,6,2,1004,1,1,1
4464,4408,white rheum,295,3,87,1,4,1
4465,3694,seven-spot ninki nanka,728,3,39,3,1,1.2
4466,3695,seven-spot nanka,729,3,39,4,1,1.2
4467,3570,clearwater nanka,740,3,208,1,1,2
4468,657,thrustaevis,782,3,150,1,2,1
4469,3630,blood dragon,660,3,63,1,4,1
4470,4043,vengeful wadjet,137,3,34,2,2,1
4476,4113,jungle midge cloud,58,3,14,1,1,1
4477,4113,jungle midge cloud,58,3,14,1,1,1
4478,4085,Horde outflyer,224,3,60,1,1,1
4479,3907,amphiptere in waiting,1160,3,267,1,2,0.7
4480,4287,burrowing wamoura,646,3,195,1,1,0.7
4481,3906,shield dragon in waiting,371,3,146,1,1,0.8
4482,4089,hoarfrosted aevis,377,3,150,1,1,1
4483,4078,alert archaeosaur,942,3,233,1,1,0.7
4484,4062,lan'noii Vundu,1101,2,1001,6,1,1.2
4485,4280,dragonfoot hropken,1040,3,49,3,2,1.2
4486,4087,Horde skirmisher captain,231,3,63,1,3,1.4
4487,4076,marked ice dragon,231,3,63,1,3,1
4488,3904,ice dragon in waiting,231,3,63,1,3,1
4489,3617,moss dragon,230,3,63,1,2,1.4
4490,3905,moss dragon in waiting,230,3,63,1,2,1
4491,3905,moss dragon in waiting,230,3,63,1,2,1
4492,4047,wild draught chocobo,1,2,1,1,1,1.2
4493,4073,merdragon,952,3,64,4,1,1.2
4494,3623,dragonet,1190,3,239,1,2,0.7
4495,3623,dragonet,1190,3,239,1,2,0.9
4496,3623,dragonet,1190,3,239,1,2,1.1
4497,4302,great morbol seedling,328,3,111,1,1,2
4498,4279,swarming tarantula hawk,949,3,11,2,1,1.8
4499,4281,mating tarantula hawk,949,3,11,2,1,1.8
4500,4063,e'sanuwa Vundu,1058,3,234,2,2,0.5
4501,4304,mammet #077SH,221,3,59,1,1,1.5
4502,4303,mammet #076SH,223,3,59,1,3,1.5
4503,4072,enforcement droid 208,1089,2,2,2,1,1
4504,4086,Horde skirmisher,224,3,60,1,1,0.8
4505,4295,Rookery master,730,3,183,2,1,1.2
4506,4298,Illuminati bighand,6,2,1004,1,1,1
4507,4299,Illuminati smallhand,6,2,1004,1,1,1
4510,4238,Mogta Mogsong,8,2,1006,1,1,1.5
4511,4239,Ligeia,1305,3,69,1,2,1
4512,4324,unmoving moogle,8,2,1006,1,1,3
4513,4325,malcontent moogle,8,2,1006,1,1,3
4514,4326,matted moogle,8,2,1006,1,1,3
4515,4327,mordacious moogle,8,2,1006,1,1,3
4516,4328,melodramatic moogle,8,2,1006,1,1,3
4517,4329,merry moogle,8,2,1006,1,1,3
4518,4330,one-minded moogle,8,2,1006,1,1,3
4522,4234,sworn shield,480,0,0,0,1,1
4523,3508,Abalathian kite,42,3,7,1,4,1.5
4524,3558,Meracydian dragonet,1191,3,239,1,3,0.9
4525,3751,magitek gobwalker G-VII,1011,3,257,1,1,2.8
4526,3469,down wyvern,659,3,60,1,3,0.6
4527,4350,Alteci,1225,3,238,1,2,1.5
4528,4351,Kreutzet,944,3,233,3,1,1
4529,4352,Gnath cometdrone,832,2,1020,1,1,2
4530,4353,Thextera,1226,3,177,2,2,1.5
4531,4354,Pterygotus,1158,3,215,2,3,1.4
4532,4355,false gigantopithecus,735,3,183,3,1,1.5
4533,4356,Scitalis,952,3,64,4,1,1.8
4534,4357,the Scarecrow,1227,3,233,2,2,1
4535,4358,Squonk,905,3,225,2,1,1.4
4536,4359,Sanu Vali of Dancing Wings,1101,2,1001,6,1,1.7
4537,4360,Lycidas,842,2,1021,1,1,1.3
4538,4361,Omni,1283,1,101,1,1,2.2
4539,4362,Mirka,1219,3,54,5,2,1.7
4540,4363,Lyuba,984,3,246,1,1,1.6
4541,4364,Pylraster,1220,3,233,1,2,1.6
4542,4365,Lord of the Wyverns,1042,3,60,4,1,1.2
4543,4366,Slipkinx Steeljoints,6,2,1004,1,1,4
4544,4367,Stolas,904,3,225,1,1,2.2
4545,4368,Bune,1221,3,49,4,3,1.8
4546,4369,Agathos,1222,3,267,1,3,1.3
4547,4370,Enkelados,985,3,247,1,1,2
4548,4371,Sisiutl,1189,3,234,2,4,1.2
4549,4372,Campacti,1223,3,34,3,2,1.6
4550,4373,stench blossom,1224,3,5,2,4,2.1
4551,4374,kaiser behemoth,166,3,42,2,1,1.8
4552,4375,Senmurv,1214,3,236,1,3,3.8
4553,4376,the Pale Rider,1215,3,237,1,2,2.8
4554,4377,Gandarewa,1216,3,183,2,3,3
4555,4378,Bird of Paradise,1217,3,118,2,3,2.6
4556,4380,Leucrotta,1218,3,17,4,4,3.8
4562,2145,unholy grimoire,541,4,4084,0,1,1
4563,4099,manipulated gaze,233,3,64,1,1,1
4567,2204,spirit pulse,389,3,156,1,1,1
4571,108,,480,0,0,0,1,1
4572,4316,Gnath low patron,832,2,1020,1,1,1
4573,4317,patronguard steeldrone,832,2,1020,1,1,1
4574,4318,patronguard firedrone,832,2,1020,1,1,1
4575,4319,reinforcement steeldrone,832,2,1020,1,1,1
4576,6697,aetherochemical explosive,832,2,1020,1,1,1
4580,3171,medium circle,961,4,7110,0,1,1
4581,3170,shadow bat,99,3,25,1,2,2
4588,3863,arcanima marionette,985,3,247,1,1,1
4596,4255,gruntamulous dindergrabble,913,3,177,2,1,1.4
4603,794,redhorn ogre,187,3,49,1,1,1.2
4604,1849,downy aevis,377,3,150,1,1,1
4605,108,,480,0,0,0,1,1
4609,3660,Ravana,976,3,244,1,1,0.7
4610,3660,Ravana,976,3,244,1,1,0.7
4613,3717,Mighty Mackerel,79,3,20,1,2,1
4614,4029,glowing chimera,197,3,53,1,1,1
4615,4093,lightning sprite,384,3,153,1,4,1
4616,4090,Qiqirn nogbeater,14,2,1012,1,1,1
4617,4335,vuk'gaii Vundu,1101,2,1001,6,1,1.2
4618,4041,sanuwa Gundu,1058,3,234,2,2,0.5
4620,4038,blackblood zu,604,3,60,3,1,0.7
4621,4056,ajattara,231,3,63,1,3,1
4622,3661,moon gana,79,3,20,1,2,1
4623,4029,glowing chimera,197,3,53,1,1,1
4625,4037,lan'loii Gundu,1101,2,1001,6,1,1.2
4626,4039,nat'loii Gundu,1101,2,1001,6,1,1.2
4627,4095,battle-scarred vindthurs,189,3,49,2,2,1.2
4628,108,,480,0,0,0,1,1
4629,3725,fierce wind,478,3,9995,1,2,1
4630,3553,Mark III magitek colossus,253,3,76,1,1,2.5
4631,3669,starkshadow wyvern,1042,3,60,4,1,0.7
4632,4455,alpha yak,659,3,60,1,3,0.7
4641,3171,medium circle,961,4,7110,0,1,1
4642,3170,shadow bat,99,3,25,1,2,2
4643,4256,darkness,848,3,220,1,1,1
4644,4257,dark flame,79,3,20,1,2,10
4651,2204,spirit pulse,389,3,156,1,1,1
4652,4229,shadow spirit pulse,511,3,156,1,5,1.5
4657,4379,soul crystal,510,5,0,0,1,1
4661,4210,black standard,1248,4,9193,0,1,1
4662,4211,crimson standard,1247,4,9191,0,1,1
4668,3697,lower starkshadow skylord,371,3,146,1,1,0.8
4675,4312,bedazzled tulihand,1052,3,140,1,4,1
4676,4582,hunting archaeornis,944,3,233,3,1,0.5
4677,4081,cracked ice sprite,382,3,153,1,2,1
4678,4394,giant codcarrier,11,2,1009,1,1,1
4679,4395,giant rockslave,11,2,1009,1,1,1
4680,4075,longhair yak,951,3,35,3,1,1
4681,4077,alert sankchinni,1045,3,84,3,2,1.5
4682,4077,alert sankchinni,1045,3,84,3,2,1.5
4683,4080,the Mailed Man,121,3,29,1,1,1.5
4684,4074,balanos,106,3,27,1,5,1
4685,4311,bothered bee cloud,60,3,14,1,3,1
4686,4096,fog basilisk,135,3,34,1,1,1.2
4688,4099,manipulated gaze,233,3,64,1,1,1
4689,4081,cracked ice sprite,382,3,153,1,2,1
4691,4083,eroded earth sprite,386,3,153,2,1,1
4692,4084,whispering wind sprite,383,3,153,1,3,1
4693,4119,cragbite peiste,137,3,34,2,2,1
4694,4120,silver axe beak,157,3,40,1,4,1.2
4695,4121,golden axe beak,155,3,40,1,2,1.2
4696,787,giant reader,11,2,1009,1,1,1.2
4712,3875,fire arcanum,480,0,0,0,1,1
4713,3876,water arcanum,480,0,0,0,1,1
4714,3877,wind arcanum,480,0,0,0,1,1
4715,3878,earth arcanum,480,0,0,0,1,1
4716,3879,lightning arcanum,480,0,0,0,1,1
4717,3880,ice arcanum,480,0,0,0,1,1
4718,1724,Gore Horde lancer,3,2,1001,1,1,1.2
4719,4260,Gore Horde thaumaturge,3,2,1001,1,1,1.2
4720,4261,Bloodshower Atabb Chah,3,2,1001,1,1,1.2
4721,4262,Gore Horde battle drake,179,3,46,1,1,1.5
4724,108,,480,0,0,0,1,1
4725,4265,Qiqirn eggcandler,14,2,1012,1,1,1
4726,4266,Qiqirn yolkshaker,14,2,1012,1,1,1
4727,4267,Yoyoroon Softhands,14,2,1012,1,1,2
4734,108,,480,0,0,0,1,1
4750,3773,steam bit,1183,3,12,2,2,1
4751,3959,modish moogle,8,2,1006,1,1,1
4752,3960,Glycon,915,3,49,4,1,1.1
4753,3738,mythrite shell,1040,3,49,3,2,1.6
4754,4577,large bomb incubator,1045,3,84,3,2,5
4755,3957,Abelisk,942,3,233,1,1,1.1
4756,3956,Waugyl,1052,3,140,1,4,3
4757,3955,Cuelebre,371,3,146,1,1,1.4
4758,4412,dragon maiden,782,3,150,1,2,1.4
4759,3949,Galar,231,3,63,1,3,1.2
4760,3953,Minaruja,952,3,64,4,1,1.7
4761,3711,wilde wildebeest,730,3,183,2,1,1.7
4762,4417,Kucedre,660,3,63,1,4,1.5
4763,3950,Mogoosh the Misbehaving,8,2,1006,1,1,1.2
4764,3948,Zenith dragonling,1190,3,239,1,2,1.2
4765,3952,mouthing-off moogle,8,2,1006,1,1,1.2
4770,1400,Topaz Carbuncle,412,3,7002,1,4,1
4777,4313,Amalj'aa liberator,3,2,1001,1,1,1.2
4778,4313,Amalj'aa liberator,3,2,1001,1,1,1.2
4779,4300,Illuminati dirtyhand,6,2,1004,1,1,1
4780,5533,the scorpion's tail,1680,3,1,6,1,1.5
4781,4314,spriggan flametender,108,3,28,1,2,3
4782,4055,vengeful archaeornis,944,3,233,3,1,0.5
4783,4066,invasive miteling,20,3,1,1,1,1
4784,4065,invasive banemite,22,3,1,3,1,2
4785,4051,full-grown loaghtan,183,3,47,1,1,1.5
4786,4315,fire silver coblyn,176,3,45,1,1,1.5
4788,1402,Ifrit-Egi,415,3,7003,1,1,1
4789,3887,Zundu watch,1101,2,1001,6,1,1.2
4790,3892,Vath gate guard,832,2,1020,1,1,1
4793,3965,Dzu-Teh,767,3,54,5,1,2.5
4794,3964,Tarasque,732,3,23,3,1,2.5
4795,3983,Darkscale,1277,3,63,1,8,2.5
4796,3962,groundseater,985,3,247,1,1,4
4797,3946,jangletype magitek vangob G-III,673,3,56,2,1,5
4798,3783,Noctilucale,655,3,5,2,1,3
4799,4455,alpha yak,16,2,1014,1,1,3
4800,3902,marching firedrone,658,3,27,3,1,2
4801,114,ice sprite,382,3,153,1,2,1
4802,3474,upland mylodon,957,3,238,1,1,1
4803,3684,bloodshot deepeye,841,3,88,7,1,1
4804,3488,sleet trap,1035,3,9,1,4,2
4805,3685,melting zoblyn,1039,3,45,1,4,1.5
4806,3470,steinbock,863,3,15,1,2,1
4807,3476,frost grenade,864,3,26,1,5,2
4808,3477,coldwind bateleur,41,3,7,1,3,1.5
4809,3472,bergthurs,189,3,49,2,2,1.2
4810,3682,bony wolf,161,3,41,1,3,1.5
4811,4406,panicked paissa,905,3,225,2,1,0.7
4812,4011,nesting gastornis,1038,3,44,1,4,1.5
4813,3494,gaelicat,827,3,25,2,1,5
4814,3497,obdella,600,3,181,1,1,1.5
4815,3496,conodont,572,3,173,1,3,1
4816,3498,cloudworm,239,3,68,1,2,1
4817,56,water sprite,385,3,153,1,5,1
4818,3481,archaeornis,384,3,153,1,4,1
4819,4012,Idyllshire goblin,6,2,1004,1,1,1
4820,3944,Epaphus,563,3,171,1,1,2
4821,3943,Ruginis,724,3,84,3,1,5
4822,3495,gastornis,6,2,1004,1,1,1
4823,3942,Moundrinx Eightclinks,6,2,1004,1,1,2
4824,3941,Dobharch,1055,3,176,3,2,1.5
4825,3940,Melancholic Moira,146,3,37,1,2,1.5
4826,3939,Dubhe,574,3,176,1,1,1.5
4827,3824,clockwork repurposer,1230,3,8068,1,2,1
4828,3938,Maro Roggo,1211,3,89,1,2,2
4829,3936,Bero Roggo,1075,3,89,1,1,4
4830,3935,oplo opken,834,3,49,3,1,1.6
4831,3934,Habetrot,839,3,219,1,1,2
4834,3882,Ascian of the Twelfth Chalice,547,1,101,1,1,1.2
4838,3886,doomsday comet,629,3,106,1,1,1.2
4839,4192,Rostnsthal the Reborn,1265,1,0,1,1,1
4840,3477,coldwind bateleur,41,3,7,1,3,1.5
4841,3474,upland mylodon,957,3,238,1,1,1
4842,3952,mouthing-off moogle,8,2,1006,1,1,1.2
4843,3659,dragonkiller,1071,3,283,1,1,1
4844,4377,Gandarewa,1182,3,12,1,4,1
4845,3781,aether collector,1237,3,91,1,2,1
4846,3410,rubble,1267,3,274,1,2,1
4847,3410,rubble,1268,3,274,1,3,1
4848,3945,Illuminati revenger,480,0,0,0,1,1
4849,4444,territorial toco toco,480,0,0,0,1,1
4850,3982,Thuban,950,3,34,3,1,1.7
4851,3981,Rastaban,945,3,234,1,1,1.1
4852,3980,Etamin,730,3,183,2,1,1.6
4853,3984,Vedrfolnir,1238,3,60,2,3,2
4854,3984,Vedrfolnir,1238,3,60,2,3,2
4855,3979,wild ratel,1055,3,176,3,2,1
4856,3978,curved-beak cockatrice,175,3,44,1,3,1.5
4857,3975,Peluda,957,3,238,1,1,1.6
4858,3974,yetitrap,1035,3,9,1,4,5
4859,3522,6th Legion imaginifer,777,3,46,3,2,2.5
4860,3973,White Truffle,295,3,87,1,4,3
4861,3972,the Beholder,841,3,88,7,1,3
4862,3971,Tartufo,202,3,55,1,2,2.5
4863,3970,Picolaton,944,3,233,3,1,1.1
4864,3969,Heidrun,863,3,15,1,2,2.25
4867,108,,1070,3,281,1,1,1
4870,538,tempered sylph,480,0,0,0,1,1
4871,4009,Diatryma,1038,3,44,1,4,3
4872,4008,anzu pullet,596,3,180,1,2,2
4873,4006,Apotamkin,905,3,225,2,1,1.2
4874,3971,Tartufo,1101,2,1001,6,1,1.6
4875,4002,two-winged Zundu,1101,2,1001,6,1,1.2
4876,4003,Zundu fugitive,1101,2,1001,6,1,1.2
4878,4000,Oonu Vali,1101,2,1001,6,1,1.6
4879,3999,Kena Vanu,1101,2,1001,6,1,2
4880,3998,lan'laii Kena Vanu,1101,2,1001,6,1,1.3
4881,3997,Skvader,1058,3,234,2,2,0.9
4882,4405,Podarge,727,3,141,2,1,1.7
4883,4404,Akhekhu,955,3,236,1,1,2
4884,4403,Yehl,1155,3,138,1,2,2
4885,3996,bull chocobo,1,2,1,1,1,1.5
4886,3564,wild chocobo,1,2,1,1,1,1
4887,3993,Yowie,1012,3,233,4,1,1.2
4888,3992,Glawackus,913,3,177,2,1,1.5
4889,3990,Vath hunter,832,2,1020,1,1,1
4891,3988,Truthspeaker Huibairten,377,3,150,1,1,1.4
4892,3987,Svarog,224,3,60,1,1,1.4
4893,3986,Migas,728,3,39,3,1,2
4894,3985,bognarious bandersnatch,913,3,177,2,1,1
4897,3882,Ascian of the Twelfth Chalice,547,1,101,1,1,1.2
4898,1402,Ifrit-Egi,415,3,7003,1,1,1
4899,1403,Titan-Egi,416,3,7004,1,1,1
4900,1404,Garuda-Egi,417,3,7005,1,1,1
4901,1402,Ifrit-Egi,415,3,7003,1,1,1
4902,1403,Titan-Egi,416,3,7004,1,1,1
4903,1404,Garuda-Egi,417,3,7005,1,1,1
4904,3882,Ascian of the Twelfth Chalice,539,4,3719,0,1,1
4905,3789,Coeurlregina,1187,3,66,1,2,2.3
4906,3780,Proto Ultima,980,3,99,2,1,1
4907,108,,480,0,0,0,1,1
4908,3780,Proto Ultima,480,0,0,0,1,1
4909,3765,living liquid,1061,3,260,1,1,3.5
4910,3766,liquid limb,1063,3,261,2,1,1.6
4911,3770,gear lubricant,1014,3,87,1,7,1
4912,3769,piston lubricant,1013,3,55,1,14,1.2
4913,3768,hydrate core,1060,3,259,1,1,0.8
4914,3765,living liquid,480,0,0,0,1,1
4915,108,,480,0,0,0,1,1
4916,108,,480,0,0,0,1,1
4917,3660,Ravana,1087,3,244,1,4,0.7
4918,3660,Ravana,1087,3,244,1,4,0.7
4919,3753,Gordian sniper,6,2,1004,1,1,1
4920,3752,Gordian footman,6,2,1004,1,1,1
4921,3758,boomtype magitek gobwalker G-VII,1239,3,257,2,1,2.8
4922,115,wind sprite,383,3,153,1,3,1
4923,3604,Orn kite,1101,2,1001,6,1,1.2
4924,3607,poroggo,832,2,1020,1,1,1
4925,3716,Zaghnal,957,3,238,1,1,1.3
4926,3717,Mighty Mackerel,1055,3,176,3,2,1.3
4927,3718,the Scarlet Lector,660,3,63,1,4,1.2
4928,3719,Xexeu,604,3,60,3,1,0.9
4929,3720,Tcaridyi,570,3,173,1,1,1.3
4930,3679,the Last Yak,951,3,35,3,1,1
4931,3679,the Last Yak,951,3,35,3,1,1
4932,3686,unbound persona,717,2,1014,4,1,1.5
4933,3686,unbound persona,717,2,1014,4,1,1.5
4934,3689,acorn bear,574,3,176,1,1,1
4935,3687,thievish imp,63,3,16,1,1,1.5
4936,3692,lost chocobo,1,2,1,1,1,1
4937,3692,lost chocobo,1,2,1,1,1,1
4938,3701,patina dragon,230,3,63,1,2,1
4939,3709,findertype magitek vangob G-III,673,3,56,2,1,1.5
4940,2838,arch demon,567,3,172,1,1,1.3
4941,3773,steam bit,1183,3,12,2,2,1
4942,3853,glowing empuse,916,3,148,3,1,1
4943,3853,glowing empuse,916,3,148,3,1,1
4944,4341,6th Legion magitek vanguard H-1,213,3,56,1,1,2
4945,4398,dark levin crystal,1290,4,9449,0,1,1
4946,4428,territorial sprite,382,3,153,1,2,1
4947,4429,territorial sprite,386,3,153,2,1,1
4948,4430,territorial sprite,383,3,153,1,3,1
4949,4431,territorial sprite,381,3,153,1,1,1
4950,4432,territorial sprite,384,3,153,1,4,1
4951,4433,territorial steinbock,863,3,15,1,2,1.2
4952,4434,alpha bandersnatch,913,3,177,2,1,1
4953,4435,alpha archaeornis,944,3,233,3,1,0.5
4954,4436,territorial falcon,43,3,7,1,5,1.5
4955,4437,alpha ninki nanka,728,3,39,3,1,1.2
4956,4438,territorial nanka,740,3,208,1,1,2
4957,4439,territorial deepeye,841,3,88,7,1,1
4958,4440,territorial zoblyn,1039,3,45,1,4,1.5
4959,4441,territorial narbrooi,724,3,84,3,1,1.5
4960,4442,territorial sankchinni,1045,3,84,3,2,1.5
4961,4443,alpha tarantula hawk,949,3,11,2,1,1.8
4962,4444,territorial toco toco,1155,3,138,1,2,1
4963,4445,territorial gaelicat,827,3,25,2,1,5
4964,4446,territorial paissa,905,3,225,2,1,0.7
4965,4447,territorial gelato,202,3,55,1,2,1.5
4966,4448,territorial silver wolf,161,3,41,1,3,1.5
4967,4449,beta opken,834,3,49,3,1,1.2
4968,4450,alpha hropken,1040,3,49,3,2,1.2
4969,4451,territorial bifericeras,1053,3,142,1,2,1
4970,4452,beta groundskeeper,1088,3,247,1,2,1.5
4971,4453,alpha groundskeeper,985,3,247,1,1,1.5
4972,4454,territorial spriggan,109,3,28,1,3,2
4973,4455,alpha yak,951,3,35,3,1,1
4974,4456,territorial tiger,575,3,177,1,1,1
4975,4457,territorial miacid,914,3,176,3,1,1
4976,4458,territorial ratel,1055,3,176,3,2,1
4977,4459,territorial sun bear,574,3,176,1,1,1
4978,4460,territorial griffin,955,3,236,1,1,1.25
4979,4461,territorial buzzard,42,3,7,1,4,1.5
4980,4462,alpha tursus,777,3,46,3,2,1
4981,4463,territorial yetitrap,1035,3,9,1,4,2
4982,4464,territorial gallimimus,1073,3,24,1,3,1
4983,4465,alpha archaeosaur,942,3,233,1,1,0.7
4984,4466,alpha vinegaroon,1012,3,233,4,1,0.7
4985,4467,territorial korrigan,1046,3,88,1,2,1
4986,4468,territorial mandragora,297,3,88,1,1,1
4987,4469,alpha ice commander,825,2,1009,9,1,1
4988,4470,territorial frost grenade,864,3,26,1,5,2
4989,4471,territorial wyvern,1042,3,60,4,1,0.7
4990,4472,territorial vouivre,952,3,64,4,1,1.2
4991,4473,territorial amphiptere,1106,3,267,1,1,0.7
4992,4474,territorial sanguiptere,1160,3,267,1,2,0.7
4993,4475,territorial harpeia,727,3,141,2,1,1
4994,4476,alpha anzu,604,3,60,3,1,0.7
4995,4477,alpha endymion,794,3,64,3,1,1
4996,4478,territorial polar bear,870,3,176,1,3,1
4997,4479,territorial mylodon,957,3,238,1,1,1
4998,4480,territorial yeti,767,3,54,5,1,1.3
4999,4481,territorial syricta,915,3,49,4,1,0.8
5000,4482,territorial elder syricta,1210,3,49,4,2,0.8
5001,4483,territorial diresaur,730,3,183,2,1,1.2
5002,4484,vuk'poii totem,1054,3,145,3,1,1
5003,4485,lan'poii Vundu,1101,2,1001,6,1,1.2
5004,4486,nat'poii Vundu,1101,2,1001,6,1,1.2
5005,4487,vuk'poii Vundu,1101,2,1001,6,1,1.2
5006,4488,lan'poii sanuwa,1058,3,234,2,2,0.5
5007,4897,Calofisteri,480,0,0,0,1,1
5010,4026,Bloodbearer Robairlain,1210,3,49,4,2,1.1
5011,4025,verification node,1111,3,278,1,5,1
5012,4024,clockwork carnifex,387,3,154,1,1,2.5
5013,4023,clockwork overlord,388,3,155,1,1,2.5
5014,4022,chimera brain,197,3,53,1,1,1.5
5015,4021,Muchalinda,733,3,43,2,1,3
5016,4020,mutated corpse flower,655,3,5,2,1,1.2
5017,4019,magitek vanguard L-1,214,3,56,1,2,1.5
5019,4016,magitek vanguard S-1,213,3,56,1,1,3
5020,4015,Goryshche,245,3,70,1,2,1.5
5021,4014,Stheno,16,2,1014,1,1,3
5022,4013,spinner-rick,380,3,152,1,1,1.8
5023,4243,Redway the Relinquished,480,0,0,0,1,1
5024,4243,Redway the Relinquished,480,0,0,0,1,1
5025,4243,Redway the Relinquished,480,0,0,0,1,1
5026,4243,Redway the Relinquished,480,0,0,0,1,1
5027,4010,gastornis nest,1291,4,9569,0,1,1
5028,4397,catmint crate,1292,4,9406,0,1,1
5029,114,ice sprite,382,3,153,1,2,1
5030,795,ornery karakul,291,3,86,1,8,1.5
5031,3410,rubble,1266,3,274,1,1,1
5032,3410,rubble,1267,3,274,1,2,1
5033,3410,rubble,1268,3,274,1,3,1
5034,4239,Ligeia,1305,3,69,1,2,1
5035,108,,480,0,0,0,1,1
5036,3789,Coeurlregina,480,0,0,0,1,1
5037,731,comet,629,3,106,1,1,1.2
5038,3790,coeurl of the royal clowder,65,3,17,1,1,1.5
5052,4282,thoughtless dragon,371,3,146,1,1,0.8
5053,4027,bull archaeosaur,942,3,233,1,1,0.7
5054,4028,amphiptere straggler,1106,3,267,1,1,0.85
5055,3738,mythrite shell,355,3,133,1,1,1
5056,4415,Rhei End,1190,3,239,1,2,1.2
5057,3949,Galar,480,0,0,0,1,1
5058,3444,Dravanian hornet,359,3,137,1,1,1
5059,3655,ul'sanuwa,480,0,0,0,1,1
5060,4414,Stihi,231,3,63,1,3,1.5
5061,4413,strutting gastornis,1038,3,44,1,4,1.5
5062,3743,divine gale,219,3,58,1,1,0.8
5063,3784,hybrot hornet,657,3,137,1,2,2.3
5064,303,sandskin peiste,361,3,139,1,1,1
5065,4411,anzu crone,604,3,60,3,1,0.7
5066,4007,lan'leii Gundu,1101,2,1001,6,1,1.2
5067,3750,3000-tonze missile,202,3,55,1,2,1.5
5068,4261,Bloodshower Atabb Chah,295,3,87,1,4,1
5069,3676,everwinter bear,870,3,176,1,3,1
5070,3677,wailing yeti,767,3,54,5,1,1.3
5071,3678,ice warrior,825,2,1009,9,1,1
5072,3681,coldwater tursus,777,3,46,3,2,1
5073,3683,aggressive archaeornis,944,3,233,3,1,0.5
5074,3660,Ravana,480,0,0,0,1,1
5075,3660,Ravana,480,0,0,0,1,1
5076,108,,480,0,0,0,1,1
5077,3987,Svarog,975,3,243,1,1,10
5078,4560,coral doblyn,480,0,0,0,1,1
5079,4561,Construct 8,1180,5,0,0,1,10
5080,4562,time bomb,1180,5,0,0,1,10
5081,274,myotragus nanny,1204,3,271,1,10,1.2
5082,3667,bishop autoturret,1101,2,1001,6,1,1.5
5083,3915,page 64,1101,2,1001,6,1,1.3
5084,4347,left foreleg,1188,3,234,2,3,1
5085,4567,ghrah luminary,1189,3,234,2,4,1
5086,4568,corruption,478,3,9995,1,2,1
5087,2901,sasquatch,735,3,183,3,1,1.5
5088,4179,barghest,976,3,244,1,1,0.7
5089,3831,precultured biomass,1096,3,265,1,1,0.5
5090,4200,unstoppable wyvern,1097,3,265,1,2,0.3
5091,284,yarzon feeder,1198,3,271,1,4,1
5092,4202,unstoppable dragonfly,1105,3,266,1,1,0.7
5093,4084,whispering wind sprite,476,3,9994,1,1,7
5094,4576,Progenitor,976,3,244,1,1,0.7
5095,4577,large bomb incubator,1087,3,244,1,4,0.7
5096,4189,Heustienne Truethrust,480,0,0,0,1,1
5097,3983,Darkscale,1277,3,63,1,8,2.5
5098,116,fire sprite,381,3,153,1,1,1
5099,113,earth sprite,386,3,153,2,1,1
5100,114,ice sprite,382,3,153,1,2,1
5101,3961,unpalatable sprite,383,3,153,1,3,1
5102,4409,white gelato,202,3,55,1,2,1.5
5103,4624,sawtooth,1275,3,70,3,1,1.5
5104,4624,sawtooth,1341,3,294,1,1,1.5
5105,4623,Irminsul,1340,3,293,1,1,1
5106,4625,Ark ked,1415,3,11,1,3,2.5
5107,4631,Echidna,1272,3,284,1,1,1
5108,4632,Echidna,1342,2,1026,1,1,2.4
5109,4633,Sinister,1312,3,65,3,1,2
5110,4635,bloodguard,1273,3,285,1,1,2
5111,4613,Cetus,1346,3,296,1,1,2
5112,4609,hybodus,1271,3,282,2,1,1.1
5113,4610,hybodus pup,1271,3,282,2,1,0.65
5114,4612,hydrocore,385,3,153,1,5,3
5115,4613,Cetus,480,0,0,0,1,1
5116,3494,gaelicat,42,3,7,1,4,1.75
5117,4607,Ark anzu,604,3,60,3,1,0.8
5118,4608,cloudlarker,955,3,236,1,1,1.4
5119,4609,hybodus,1271,3,282,2,1,1.1
5120,4611,hydrosprite,385,3,153,1,5,1.5
5121,108,,1346,3,296,1,1,2
5122,4551,corrupted wolf,606,3,41,1,4,1.5
5123,4552,corrupted slime,610,3,87,1,6,1
5124,4553,corrupted flan,608,3,55,1,13,2
5125,4554,corrupted sprite,612,3,153,1,6,2
5126,4568,corruption,1349,3,291,1,2,1
5127,4555,corrupted aether,1373,3,271,1,14,1
5128,4556,8th Order roundsman,5,2,1003,1,1,1.5
5129,4557,8th Order pickman,5,2,1003,1,1,1.5
5130,4558,8th Order alchemist,5,2,1003,1,1,1.5
5131,4559,8th Order bedesman,5,2,1003,1,1,1.5
5132,4560,coral doblyn,178,3,45,1,3,1.5
5133,4561,Construct 8,1304,3,58,4,1,0.8
5134,4562,time bomb,100,3,26,1,1,0.8
5135,4563,simple bomb incubator,678,3,200,1,1,1.5
5136,4564,living rock,1294,3,42,5,2,1
5137,4565,time grenade,101,3,26,1,2,2
5138,4566,pharos wall,480,0,0,0,1,1
5139,4626,Cuchulainn,1234,3,277,1,1,1.25
5140,4627,gyrtower,1374,3,309,1,1,1
5141,4630,black phlegm,1372,3,271,1,13,1.5
5142,4628,planar fissure,1208,3,273,1,1,2
5143,4629,foobar,1311,3,55,1,15,2
5144,4626,Cuchulainn,480,0,0,0,1,1
5145,2564,Diabolos,1351,3,115,1,1,1.5
5146,4622,Blackguard,1273,3,285,1,1,2
5147,4620,hellhound,1276,3,71,2,1,1.3
5148,4621,sepulture gargoyle,216,3,57,1,1,1.3
5150,4636,southern seas colibri,360,3,138,1,1,1
5151,4637,malboro terra,146,3,37,1,2,1
5152,4638,korpokkur,1315,3,289,1,1,1
5153,4639,blooming ochu,34,3,5,1,1,1
5154,4640,Thavnairian tortoise,95,3,23,1,2,1
5155,4641,velveteen ant,192,3,51,1,1,1.3
5156,4642,soldier hawk,1416,3,11,2,3,0.9
5157,4643,Arboretum crawler,839,3,219,1,1,1
5158,4644,garden bee cloud,60,3,14,1,3,1
5159,4645,Orn hornet,359,3,137,1,1,1
5160,4646,honeycomb,481,0,0,0,1,1
5161,4646,honeycomb,481,0,0,0,1,1
5162,4647,tangled narbrooi,1045,3,84,3,2,1.5
5163,4648,grizzly host,1297,3,176,4,1,1
5164,4649,biloko,1301,2,1009,10,1,1.5
5165,4650,royal oak,104,3,27,1,1,1
5166,4651,withered melia,1036,3,27,1,3,0.6
5167,4653,Rose Garden,1281,3,37,2,1,1.65
5168,4654,rose bud,1367,3,111,2,1,3
5169,4655,rose hip,1362,3,304,1,1,1.5
5170,4656,queen hawk,1274,3,11,3,1,4
5171,4657,knight hawk,1381,3,11,2,2,1.8
5172,4658,Belladonna,1270,3,280,1,1,1
5173,4659,bloated bulb,1378,3,135,1,3,2.5
5174,4660,Lily of the Saint,49,3,9,1,2,2.5
5175,4665,advent mochi,14,2,1012,1,1,2
5176,4666,Iroha,572,3,173,1,3,1.3
5177,4667,robber crab,10,2,1008,1,1,1.2
5178,4568,corruption,1347,3,291,1,2,1
5179,4568,corruption,1348,3,291,1,2,1
5180,4567,ghrah luminary,1369,3,291,1,1,2.3
5181,4568,corruption,1350,3,291,1,2,1
5182,4568,corruption,1349,3,291,1,2,1
5183,4569,spider,1371,3,187,2,1,1
5184,4570,Sirius screamer,41,3,7,1,3,1
5185,4571,8th Order Patriarch Be Gu,5,2,1003,1,1,2.5
5186,4451,territorial bifericeras,612,3,153,1,6,1
5187,4572,alchemy engine,1361,3,303,1,1,1
5188,4573,8th Order furnaceman,5,2,1003,1,1,1.5
5189,4574,corrupted gel,610,3,87,1,6,1
5190,4570,Sirius screamer,41,3,7,1,3,1
5191,4575,Progenitrix,1298,3,286,1,1,2.5
5192,4576,Progenitor,1299,3,286,1,2,2.5
5193,4577,large bomb incubator,1368,3,200,1,2,2
5194,4578,grey bomb,1308,3,26,1,6,2
5195,4579,remedy bomb,1309,3,26,1,7,3
5196,4580,lava bomb,100,3,26,1,1,3
5197,108,,5,2,1003,1,1,1
5198,4614,the Pagan's Knot,1360,3,302,1,1,1.5
5199,4616,the Pagan's Vine,1339,3,205,4,1,0.35
5200,4619,Ark morbol,145,3,37,1,1,1.5
5201,4617,teredo moth,646,3,195,1,1,0.8
5202,4618,teredo worm,645,3,194,1,1,1
5203,3632,King Thordan,1067,2,1024,1,1,3.8
5204,3633,Ser Zephirin,1250,2,1025,1,1,2.2
5205,3634,Ser Adelphel,1250,2,1025,1,1,2.2
5206,3635,Ser Janlenoux,1250,2,1025,1,1,2.2
5207,3636,Ser Vellguine,1250,2,1025,1,1,2.2
5208,3637,Ser Paulecrain,1250,2,1025,1,1,2.2
5209,3638,Ser Ignasse,1250,2,1025,1,1,2.2
5210,3639,Ser Grinnaux,1250,2,1025,1,1,2.2
5211,3640,Ser Hermenost,1250,2,1025,1,1,2.2
5212,3641,Ser Guerrique,1250,2,1025,1,1,2.2
5213,3642,Ser Charibert,1250,2,1025,1,1,2.2
5214,3643,Ser Haumeric,1250,2,1025,1,1,2.2
5215,3644,Ser Noudenet,1250,2,1025,1,1,2.2
5216,3645,Ascalon,1232,3,275,1,1,3.8
5217,4386,Meteor circle,769,3,213,1,1,1
5218,4387,Comet circle,819,3,213,1,2,1
5219,3645,Ascalon,480,0,0,0,1,1
5220,4634,Dexter,1328,3,65,3,2,2
5221,4601,unruffled refugee,1303,3,288,1,1,1.4
5222,4217,House Dzemael archer,1310,3,39,5,1,1.2
5223,4610,hybodus pup,1338,3,64,7,1,1.4
5224,4084,whispering wind sprite,1302,3,235,2,1,1
5230,4652,worker hawk,949,3,11,2,1,1.8
5232,4583,lan'gaii Gundu,1101,2,1001,6,1,1.2
5233,4584,vuk'gaii Gundu,1101,2,1001,6,1,1.2
5234,4585,plump cloudworm,239,3,68,1,2,1
5235,4587,nat'gaii Vundu,1101,2,1001,6,1,1.2
5236,4586,lan'puii Vundu,1101,2,1001,6,1,1.2
5237,4603,anzu hen,604,3,60,3,1,0.7
5238,4588,breeding wamouracampa,645,3,194,1,1,0.8
5239,4589,prickly paissa,905,3,225,2,1,0.7
5240,4590,healthy tsanahale,727,3,141,2,1,1
5241,4591,groundsreaper,985,3,247,1,1,1.5
5242,4682,crazed dhalmel,1064,3,262,1,1,1.2
5243,4593,6th Legion death claw,331,3,114,1,1,1
5244,4594,Ok' Gundu totem,1054,3,145,3,1,0.5
5245,4562,time bomb,100,3,26,1,1,0.8
5246,4581,pharate wamouracampa,645,3,194,1,1,0.8
5247,4563,simple bomb incubator,678,3,200,1,1,1.5
5248,262,star marmot,1410,3,58,5,1,1.5
5249,4556,8th Order roundsman,295,3,87,1,4,1
5250,4739,Flame General Aldynn,31,3,4,1,1,1.2
5251,265,sandtoad,31,3,4,1,1,1.2
5253,4671,Serket,1158,3,215,2,3,2.5
5254,4672,Spotter,167,3,43,1,1,2.5
5255,4673,dread dragon,228,3,62,1,1,2.5
5266,4598,diurnal knight,982,3,172,2,1,2
5267,4599,nocturnal knight,1080,3,172,2,2,2
5273,4670,gore demon,19,2,1017,1,1,1.3
5274,292,antling soldier,942,3,233,1,1,1.65
5275,4607,Ark anzu,946,3,234,2,1,1.25
5276,4593,6th Legion death claw,794,3,64,3,1,1.3
5277,4139,humming atomizer,154,3,40,1,1,2
5278,4594,Ok' Gundu totem,182,3,46,3,1,2
5279,297,magitek colossus,145,3,37,1,1,2
5280,4587,nat'gaii Vundu,1421,3,60,3,5,1.5
5281,3659,dragonkiller,655,3,5,2,1,3
5282,4801,Sharlayan mimic,1188,3,234,2,3,1.8
5283,4807,chirp,985,3,247,1,1,2
5284,4808,Ziggy,919,3,173,1,5,2.5
5285,3698,starkshadow amphiptere,1420,3,35,2,2,2
5286,304,basilisk,241,3,68,1,4,3.75
5287,4604,pure white crystal,566,3,171,1,4,5
5288,4785,staff-waving training partner,239,3,68,1,2,1
5289,4605,pure black crystal,128,3,30,1,3,2
5290,4788,tamed dodo,735,3,183,3,1,1.8
5291,4307,guildless pugilist,193,3,51,1,2,2.25
5292,4646,honeycomb,572,3,173,1,3,1.6
5293,4682,crazed dhalmel,355,3,133,1,1,4
5294,4646,honeycomb,149,3,38,1,2,3
5295,4682,crazed dhalmel,280,3,84,2,1,5
5296,4682,crazed dhalmel,104,3,27,1,1,2
5297,4683,offensive supplies,724,3,84,3,1,5
5298,4684,defensive supplies,49,3,9,1,2,5
5299,4685,medical supplies,35,3,5,1,2,3
5300,4686,adrenaline,1038,3,44,1,4,3
5301,4686,adrenaline,1155,3,138,1,2,2
5302,4687,Ratfinx Twinkledinks,905,3,225,2,1,1.4
5303,4688,gobbledygroper,131,3,32,1,2,6
5304,4684,defensive supplies,96,3,24,1,1,1.75
5305,4612,hydrocore,22,3,1,3,1,4
5306,4690,glassy-eyed cobra,21,3,1,2,1,2.5
5307,4691,boomtype magitek gobwalker G-VII,37,3,6,1,2,5
5308,4660,Lily of the Saint,949,3,11,2,1,2.25
5309,4693,engine oil,839,3,219,1,1,2.5
5316,3694,seven-spot ninki nanka,480,0,0,0,1,1
5317,4653,Rose Garden,480,0,0,0,1,1
5318,4654,rose bud,480,0,0,0,1,1
5320,108,,480,0,0,0,1,1
5321,4578,grey bomb,1308,3,26,1,6,3
5322,108,,480,0,0,0,1,1
5323,4610,hybodus pup,480,0,0,0,1,1.5
5324,4631,Echidna,480,0,0,0,1,1.5
5325,4812,Brina,480,0,0,0,1,1.5
5326,4813,Calcabrina,480,0,0,0,1,1.5
5327,4744,Achamoth,1405,3,195,2,1,1.8
5328,4839,toxic squama,1199,3,271,1,5,1.5
5329,4745,winged lion,1409,3,146,4,1,1.4
5330,4746,Amdapori gargoyle,1518,3,338,2,1,1.2
5331,4747,Kuribu,1403,3,285,2,1,2.7
5332,4748,high putto,1156,3,141,1,3,1
5333,4749,low putto,363,3,141,1,1,1
5334,4750,magicked crawler,1489,3,219,1,3,1
5335,4751,magicked wamoura,1314,3,265,1,3,1
5336,4752,Ranting Ranks gremlin,397,3,158,1,2,2
5337,4753,scarab beetle,1316,3,290,1,1,2.5
5338,4754,Amdapori corpse,1518,3,338,2,1,1.2
5339,4755,Mhachi corpse,1517,3,338,1,1,1.2
5340,4756,rift dragon,1510,3,63,2,3,1
5341,4757,dusty eye,1521,3,43,1,8,1.5
5342,4758,void monk,1522,3,314,2,2,1.3
5343,4759,clay effigy,1293,3,42,5,1,1
5344,4760,mana idol,1451,3,247,2,1,1.5
5345,4761,mana pot,1449,3,322,1,1,1
5346,4776,Sephirot,1345,3,295,1,1,1
5347,4776,Sephirot,1382,3,311,1,1,5
5348,4777,Cochma,1430,3,7007,1,1,1.5
5349,4778,Binah,1430,3,7007,1,1,0.75
5350,4779,Storm of Words,1432,3,271,1,15,1
5351,4780,coronal wind,1433,3,272,1,4,1
5352,4776,Sephirot,480,0,0,0,1,1
5353,4687,Ratfinx Twinkledinks,6,2,1004,1,1,2
5354,3646,smartbomb,671,3,199,3,1,8
5355,4791,unfortunate eggs,480,0,0,0,1,1
5356,4791,unfortunate eggs,480,0,0,0,1,1
5357,4688,gobbledygroper,1414,3,53,2,1,1
5358,345,shelfclaw Reaver,1093,3,161,2,1,2
5359,4690,glassy-eyed cobra,235,3,65,2,1,1
5360,4762,light sprite,1452,3,153,1,8,1
5361,4794,poroggo rivertamer,1075,3,89,1,1,2
5362,4798,massive marolith,1428,3,247,1,3,1.5
5363,4799,eroding marolith,1428,3,247,1,3,1
5364,4800,spriggan doorkeeper,110,3,28,1,4,3
5365,4795,tamed leech,1056,3,181,1,2,1.5
5366,4801,Sharlayan mimic,648,3,197,1,1,1
5367,736,fire homunculus,381,3,153,1,1,2
5368,4802,wind-up viking,1431,2,1027,1,1,2
5369,4803,wind-up magus,1431,2,1027,1,1,2
5370,4804,centaur,1457,2,1021,3,1,1.3
5371,4796,tamed bifericeras,1053,3,142,1,2,1
5372,4805,Zuro Roggo,1445,3,320,1,1,6
5373,4806,poroggo choirtoad,1075,3,89,1,1,3
5374,4807,chirp,1501,3,271,1,16,2
5375,4808,Ziggy,1426,3,316,1,1,0.9
5376,4810,stardust,1450,3,323,1,1,1
5377,4809,spriggan gemcutter,110,3,28,1,4,2
5378,4813,Calcabrina,1375,3,310,1,1,1.5
5379,4811,Calca,1376,3,310,2,1,0.6
5380,4812,Brina,1377,3,310,2,2,0.6
5381,3376,Quickthinx Allthoughts,1344,3,257,3,1,5
5382,4692,lumbertype magitek vangob G-III,673,3,56,2,1,1.5
5383,4775,Shanoa,1499,3,331,1,1,2
5384,4694,true heart,1448,3,321,1,1,1
5385,3749,alarum,1081,3,187,1,2,1
5386,3774,panzer doll,978,2,1007,6,1,1
5387,3746,sturm doll,978,2,1007,6,1,2.5
5388,4698,Weight of the World,1443,3,318,1,1,0.6
5389,4695,padlock,480,0,0,0,1,1
5390,3745,Faust,978,2,1007,6,1,2
5391,4709,Hummelfaust,978,2,1007,6,1,3
5393,4699,Blaster,1353,3,298,1,1,0.45
5394,4700,Blaster mirage,1471,3,298,1,3,0.45
5395,4700,Blaster mirage,1471,3,298,1,3,0.45
5396,4700,Blaster mirage,1471,3,298,1,3,0.36
5397,4773,steam bomb,1207,3,272,1,3,1
5398,4703,Brawler,1356,3,299,1,2,0.45
5399,4704,steam chakram,1425,3,315,1,1,1
5400,4818,Power Plasma alpha,1198,3,271,1,4,1
5401,4817,Power Plasma beta,614,3,156,1,10,1.5
5402,4816,Power Plasma gamma,513,3,156,1,7,1
5403,4705,Swindler,1355,3,299,1,1,0.45
5404,4769,Midan hardhelm,6,2,1004,1,1,2
5405,4770,Midan hardmind,6,2,1004,1,1,2
5406,4772,Midan soldier,6,2,1004,1,1,1
5407,4691,boomtype magitek gobwalker G-VII,1239,3,257,2,1,2.8
5408,4771,Midan gunner,6,2,1004,1,1,1.5
5409,4706,Vortexer,1354,3,298,1,2,0.45
5410,4768,gelid gaol,779,3,72,1,2,1.6
5411,4820,waterspout,1300,3,287,1,1,2
5412,4704,steam chakram,480,0,0,0,1,1
5413,4707,Onslaughter,1352,3,297,1,1,0.4
5414,3778,steam gasket,1203,3,271,1,9,1
5415,3776,steam regulator A,1244,3,271,1,11,1
5416,3777,steam regulator B,1245,3,271,1,12,1
5417,4699,Blaster,1353,3,298,1,1,0.45
5418,4700,Blaster mirage,1471,3,298,1,3,0.45
5419,4706,Vortexer,1354,3,298,1,2,0.45
5420,4705,Swindler,1355,3,299,1,1,0.45
5421,4703,Brawler,1356,3,299,1,2,0.45
5422,4704,steam chakram,1425,3,315,1,1,1
5423,4817,Power Plasma beta,614,3,156,1,10,1.5
5424,4816,Power Plasma gamma,513,3,156,1,7,1
5425,4708,Brute Justice,1357,3,300,1,1,0.45
5426,4855,6th Legion hoplomachus,779,3,72,1,2,1.6
5427,4820,waterspout,1300,3,287,1,1,2
5428,4773,steam bomb,1207,3,272,1,3,1
5429,4819,J Storm,1453,3,272,1,5,1
5430,4764,hidden mine,480,0,0,0,1,1
5431,4813,Calcabrina,480,0,0,0,1,1
5447,108,,1288,4,10748,0,1,1
5448,108,,1289,4,10750,0,1,1
5458,4743,Tizona,1487,3,326,1,1,2
5459,541,striking dummy,1502,3,332,1,1,1
5460,4765,Midan ambusher,6,2,1004,1,1,2
5461,4766,Midan brandisher,6,2,1004,1,1,2
5462,4767,Midan tinkerer,6,2,1004,1,1,1.5
5465,4957,ice sphere,1571,3,271,1,18,2
5466,4956,drachen apparition,1602,3,253,1,2,3
5467,4955,holy sprite,1452,3,153,1,8,1
5468,4952,Poqhiraj,1472,3,263,1,2,2.5
5469,4953,dark cloud,1572,3,273,1,5,1
5470,5043,prayer wall,476,3,9994,1,1,5
5471,4815,arcane sphere,1506,3,271,1,17,0.8
5472,4896,Ozma,1480,3,328,1,1,1
5473,4954,Hraesvelgr,1490,3,329,1,1,1
5474,2667,bomb,670,3,199,1,1,4
5476,541,striking dummy,1523,4,3682,0,1,1
5479,4814,training automaton,221,3,59,1,1,1
5505,4814,training automaton,221,3,59,1,1,1
5521,4787,tamed jackal,160,3,41,1,2,1.5
5522,4788,tamed dodo,173,3,44,1,1,1.5
5523,4789,tamed puk,130,3,32,1,1,2
5524,4949,Pomguard pomcrier,138,3,35,1,1,1
5525,2667,bomb,672,3,199,2,1,9
5526,4687,Ratfinx Twinkledinks,6,2,1004,1,1,2
5527,3646,smartbomb,671,3,199,3,1,8
5528,4688,gobbledygroper,1414,3,53,2,1,1
5529,4689,glassy-eyed shabti,1093,3,161,2,1,2
5530,4690,glassy-eyed cobra,235,3,65,2,1,1
5531,4797,tamed hropken,834,3,49,3,1,1.2
5532,4701,gobbledygawker,6,2,1004,1,1,2
5533,4702,glassy-eyed minotaur,1474,3,58,6,2,1
5534,4697,Yorn pig,24,3,2,1,1,2
5536,4710,gentleman yeti,767,3,54,5,1,1
5537,4711,alpha ghostwolf,161,3,41,1,3,1.8
5538,4712,ghostwolf,161,3,41,1,3,1
5539,4712,ghostwolf,161,3,41,1,3,1
5540,4713,young melia,1036,3,27,1,3,1
5541,4714,perimeter firedrone,832,2,1020,1,1,1
5542,4715,perimeter steeldrone,832,2,1020,1,1,1
5543,4716,firedrone sniper,832,2,1020,1,1,1
5544,4717,lothguard firedrone,832,2,1020,1,1,1
5545,4718,lothguard steeldrone,832,2,1020,1,1,1
5546,4719,dark brown bear,574,3,176,1,1,1
5547,4721,masterful bandersnatch,913,3,177,2,1,1
5548,4720,outloth steeldrone,832,2,1020,1,1,1
5549,4724,firedrone scout,832,2,1020,1,1,1
5550,4713,young melia,1036,3,27,1,3,1
5551,4723,grumbling hippocerf,133,3,33,1,1,1.5
5552,4722,lured ninki nanka,728,3,39,3,1,1.2
5553,3745,Faust,978,2,1007,6,1,2
5554,4709,Hummelfaust,978,2,1007,6,1,3
5555,4776,Sephirot,1345,3,295,1,1,1
5556,4776,Sephirot,1382,3,311,1,1,5
5557,4777,Cochma,1430,3,7007,1,1,1.5
5558,4778,Binah,1430,3,7007,1,1,0.75
5559,4779,Storm of Words,1432,3,271,1,15,1
5560,4780,coronal wind,1433,3,272,1,4,1
5561,4776,Sephirot,480,0,0,0,1,1
5563,4897,Calofisteri,1475,3,324,1,1,1
5564,3376,Quickthinx Allthoughts,1344,3,257,3,1,5
5565,4692,lumbertype magitek vangob G-III,673,3,56,2,1,1.5
5566,4775,Shanoa,1499,3,331,1,1,2
5567,4694,true heart,1448,3,321,1,1,1
5568,3749,alarum,1081,3,187,1,2,1
5569,3774,panzer doll,978,2,1007,6,1,1
5570,3746,sturm doll,978,2,1007,6,1,2.5
5571,4698,Weight of the World,1443,3,318,1,1,0.6
5572,4695,padlock,480,0,0,0,1,1
5573,2667,bomb,670,3,199,1,1,4
5574,4691,boomtype magitek gobwalker G-VII,1239,3,257,2,1,2.8
5575,4693,engine oil,1079,3,87,1,9,1.6
5576,3758,boomtype magitek gobwalker G-VII,1239,3,257,2,1,2.8
5577,4772,Midan soldier,6,2,1004,1,1,1
5578,4774,Midan glider,6,2,1004,1,1,1
5579,4699,Blaster,1353,3,298,1,1,0.45
5580,4700,Blaster mirage,1471,3,298,1,3,0.45
5581,4773,steam bomb,1207,3,272,1,3,1
5582,4703,Brawler,1356,3,299,1,2,0.45
5583,4705,Swindler,1355,3,299,1,1,0.45
5584,4706,Vortexer,1354,3,298,1,2,0.45
5585,4768,gelid gaol,779,3,72,1,2,1.6
5586,4820,waterspout,1300,3,287,1,1,2
5587,4706,Vortexer,480,0,0,0,1,1
5588,4707,Onslaughter,1352,3,297,1,1,0.4
5589,3778,steam gasket,1203,3,271,1,9,1
5590,3776,steam regulator A,1244,3,271,1,11,1
5591,3777,steam regulator B,1245,3,271,1,12,1
5592,4699,Blaster,1353,3,298,1,1,0.45
5593,4700,Blaster mirage,1471,3,298,1,3,0.45
5594,4706,Vortexer,1354,3,298,1,2,0.45
5595,4705,Swindler,1355,3,299,1,1,0.45
5596,1835010,,1356,3,299,1,2,0.45
5597,4708,Brute Justice,1357,3,300,1,1,0.45
5598,4773,steam bomb,1207,3,272,1,3,1
5599,4764,hidden mine,480,0,0,0,1,1
5600,4811,Calca,1376,3,310,2,1,0.6
5601,4812,Brina,1377,3,310,2,2,0.6
5602,4811,Calca,1376,3,310,2,1,0.6
5603,4812,Brina,1377,3,310,2,2,0.6
5604,4787,tamed jackal,160,3,41,1,2,1.5
5605,4788,tamed dodo,173,3,44,1,1,1.5
5606,4821,tamed goobbue,198,3,54,1,1,1.5
5607,4822,icebound tomelith A1,480,0,0,0,1,4.5
5608,4840,icebound tomelith B13,480,0,0,0,1,3
5609,3604,Orn kite,1345,3,295,1,1,1
5610,5042,trap,1382,3,311,1,1,5
5611,4731,serpent veteran,1430,3,7007,1,1,1.5
5612,4787,tamed jackal,1430,3,7007,1,1,0.75
5613,4734,flame veteran,1432,3,271,1,15,1
5614,4002,two-winged Zundu,1433,3,272,1,4,1
5615,4843,icebound tomelith B16,480,0,0,0,1,1
5616,3458,Nidhogg,1406,3,119,1,4,1
5617,3458,Nidhogg,1647,3,285,3,2,2.7
5618,4737,the Mongrel,1533,3,119,1,5,1
5619,4963,Nidhogg's fang,1600,3,357,1,1,1
5620,4962,Nidhogg's claw,1601,3,357,2,1,1
5621,3460,the Sable Price,960,3,156,1,25,1
5622,3459,the Scarlet Price,1623,3,271,1,21,1.5
5623,4960,shadow brobinyak,950,3,34,3,1,1.8
5624,4961,shadow falak,1307,3,234,1,3,1.4
5625,4959,shadow dragon,730,3,183,2,1,1.7
5626,4963,Nidhogg's fang,480,0,0,0,1,1
5627,4943,Chieftain Moglin,8,2,1006,1,1,6
5628,4944,Captain Mogsun,8,2,1006,1,1,3
5629,4945,Pomguard pomchopper,8,2,1006,1,1,3
5630,4946,Pomguard pomfluffer,8,2,1006,1,1,3
5631,4947,Pomguard pompiercer,8,2,1006,1,1,3
5632,4948,Pomguard pomfryer,8,2,1006,1,1,3
5633,4949,Pomguard pomcrier,8,2,1006,1,1,3
5634,4950,Pomguard pompincher,8,2,1006,1,1,3
5635,4951,Demoniacal Mogcane,1562,3,348,1,1,5
5636,4928,cloud gardener,1519,3,339,1,1,1
5637,4929,enchanted fan,1528,3,340,1,1,1.5
5638,4932,garden melia,1036,3,27,1,3,1
5639,4933,garden cloudtrap,48,3,9,1,1,2
5640,4931,garden sankchinni,724,3,84,3,1,1.5
5641,4930,sanctuary skipper,654,3,198,1,1,1.5
5642,4936,Sohr Khai cockerel,595,3,180,1,1,2
5643,4935,Sohr Khai anzu egg,598,3,179,1,1,2
5644,4937,Sohr Khai anzu,604,3,60,3,1,1
5645,4934,Sohr Khai buzzard,39,3,7,1,1,1.5
5646,4939,kargas,1525,3,236,1,4,1.25
5647,4938,sanctuary tsanahale,727,3,141,2,1,1
5648,4940,Hraesvelgr broodling,1524,3,239,1,4,0.9
5649,4942,blizzard dragon,231,3,63,1,3,1
5650,4954,Hraesvelgr,1490,3,329,1,1,1
5651,4941,holy wyvern,659,3,60,1,3,1
5659,4854,6th Legion magitek vanguard,213,3,56,1,1,2
5660,4853,6th Legion execution claw,331,3,114,1,1,2
5661,4852,6th Legion colossus,253,3,76,1,1,3
5662,3818,Regula van Hydrus,1090,1,501,1,1,1.1
5663,3819,magitek turret I,1236,3,12,1,5,1
5664,3820,magitek turret II,1235,3,12,3,1,1
5665,4489,Terminus Est,1209,3,273,1,2,1
5666,5045,ceruleum servant,1561,3,177,1,4,2
5671,4878,Forgall,1498,3,330,2,1,2
5672,4879,shriveled Talon,548,1,0,1,1,2
5673,4880,shriveled Talon,548,1,0,1,1,2
5674,4881,shriveled Talon,548,1,0,1,1,2
5675,4882,shriveled Talon,548,1,0,1,1,2
5676,4868,headstone,548,1,0,1,1,1.5
5677,4884,summoned succubus,18,2,1016,1,1,2.2
5678,4885,summoned dahak,228,3,62,1,1,2
5679,4886,summoned haagenti,840,3,143,2,1,2
5680,4887,poison mist,1622,3,271,1,20,1.5
5681,4878,Forgall,480,0,0,0,1,1
5682,108,,1090,1,501,1,1,1.1
5683,108,,633,3,187,1,1,1
5684,108,,1283,1,101,1,1,2.5
5685,108,,1089,2,2,2,1,1.5
5686,4942,blizzard dragon,403,3,163,1,3,1
5687,4871,Arachne Eve,1491,3,280,2,1,1.5
5690,5589,volcanic gas,476,3,9994,1,1,1
5692,4852,6th Legion colossus,1491,3,280,2,1,1.5
5693,4904,entanglement,1498,3,330,2,1,2
5697,4910,battle coeurl,65,3,17,1,1,1.2
5699,4911,Ymir,1507,3,336,1,1,1
5700,4911,Ymir,1508,3,336,1,2,1
5701,4912,icicle,835,3,72,1,3,1
5702,4913,Grand Storm Marshal Slafyrsyn,1569,1,901,1,1,1.2
5703,4914,Mistbeard,1570,1,901,1,1,1.2
5705,4916,firesand keg,1563,3,349,1,1,1.3
5706,4888,Ozmashade,1481,3,328,1,2,1
5707,4889,Ozmasphere,1573,3,271,1,19,1
5708,4890,singularity gaol,1581,3,72,2,1,1
5709,4891,singularity fragment,1519,3,339,1,1,1
5710,4892,singularity echo,1529,3,61,1,3,2
5711,4893,singularity trace,1575,3,352,1,2,1.5
5712,4894,singularity ripple,1530,3,118,2,4,1.5
5713,4958,Cait Sith,252,3,75,1,1,1
5714,2095,Amber Carbuncle,412,3,7002,1,4,1
5715,4895,meteor,629,3,106,1,1,1.2
5721,4966,battle raptor,96,3,24,1,1,1
5722,4967,waruochs,138,3,35,1,1,1
5723,4968,battle bird,173,3,44,1,1,1.5
5724,4969,training jackal,160,3,41,1,2,1.5
5725,4970,training coeurl,65,3,17,1,1,1.6
5726,4971,jungle sasquatch,735,3,183,3,1,1.2
5727,4972,jungle tiger,575,3,177,1,1,1
5728,5044,Ymir unshelled,1632,3,336,1,3,0.8
5729,4897,Calofisteri,1488,3,327,1,1,1
5730,4898,living lock,1566,3,205,5,1,0.3
5731,4899,living lock,1567,3,205,6,1,0.3
5732,4900,living lock,1568,3,205,7,1,0.3
5733,4901,bijou,1578,3,353,1,1,0.6
5734,4902,grand bijou,1578,3,353,1,1,1.3
5735,4903,lurking lock,1564,3,350,1,1,1
5736,4904,entanglement,1565,3,351,1,1,0.8
5737,4862,sarcosuchus,1509,3,39,6,1,1.8
5738,4863,first daughter,1541,3,1,3,3,3
5739,4864,Yafaemi spider,1542,3,187,2,2,1.3
5740,4865,Mhachi ghost,1575,3,352,1,2,2
5741,4866,Mhachi bhoot,602,3,182,1,2,1.8
5742,4867,black mage corpse,1517,3,338,1,1,1.2
5743,4868,headstone,1535,3,343,1,1,2.5
5744,4869,parthenope,1577,3,352,3,1,2
5745,4870,void fire,1200,3,271,1,6,0.6
5746,4872,webmaiden,1541,3,1,3,3,3
5747,4873,spitting spider,1542,3,187,2,2,2
5748,4874,skittering spider,1543,3,187,2,3,2
5749,4875,earth aether,960,3,156,1,25,1
5750,4877,keyknot,481,0,0,0,1,1
5751,4871,Arachne Eve,480,0,0,0,1,1
5752,5056,Lady Infernal,480,0,0,0,1,1
5753,4911,Ymir,480,0,0,0,1,1
5754,5057,treasure coffer,480,0,0,0,1,1
5755,4876,deep earth aether,789,3,156,1,20,2
5762,4901,bijou,1578,3,353,1,1,0.3
5763,108,,480,0,0,0,1,1
5765,4910,battle coeurl,100,3,26,1,1,2
5766,5479,palace sprite,381,3,153,1,1,1
5767,4975,palace deathmouse,24,3,2,1,1,1
5768,4976,palace antelope,61,3,15,1,1,1
5769,4977,palace bat,98,3,25,1,1,1.6
5770,4978,palace coblyn,176,3,45,1,1,1.5
5771,4979,palace hippocerf,133,3,33,1,1,1
5772,4980,palace beetle,56,3,13,1,1,2
5773,4981,palace hornet,359,3,137,1,1,1
5774,4982,palace yarzon,75,3,19,1,1,1
5775,4983,palace ziz,157,3,40,1,4,1
5776,4984,lost goblin,6,2,1004,1,1,1
5777,4985,palace dung beetle,1316,3,290,1,1,1
5778,4986,palace deathgaze,233,3,64,1,1,3
5779,4987,living whelk,600,3,181,1,1,1.5
5780,4988,palace uragnite,364,3,142,1,1,1.2
5781,4989,palace toad,126,3,30,1,1,1
5782,4990,palace slime,292,3,87,1,1,1.2
5783,4991,palace ninki nanka,728,3,39,3,1,1
5784,4992,palace nanka,740,3,208,1,1,2
5785,4993,palace ochu,35,3,5,1,2,0.8
5786,4994,palace seedling,328,3,111,1,1,2
5787,4995,palace morbol,145,3,37,1,1,0.8
5788,4996,palace pudding,205,3,55,1,5,1
5789,4997,palace cobra,235,3,65,2,1,0.9
5790,4998,palace biloko,1301,2,1009,10,1,0.8
5791,4999,Spurge,655,3,5,2,1,2.25
5792,5000,palace puk,130,3,32,1,1,2
5793,5001,palace drake,179,3,46,1,1,1
5794,5002,palace adamantoise,95,3,23,1,2,0.7
5795,5003,palace peiste,136,3,34,2,1,1
5796,5004,palace wivre,948,3,235,1,1,0.8
5797,5005,palace spriggan,107,3,28,1,1,2
5798,5006,palace centaur,1457,2,1021,3,1,1
5799,5007,palace effigy,1293,3,42,5,1,0.6
5800,5008,palace marolith,1519,3,339,1,1,0.9
5801,5009,palace dullahan,125,3,29,1,5,1.2
5802,5010,palace minotaur,1041,3,58,3,1,0.7
5803,5011,palace skatene,904,3,225,1,1,1
5804,5012,Ningishzida,244,3,70,1,1,1.2
5805,5013,nightmare bogy,264,3,80,1,1,2
5806,5014,nightmare hecteyes,690,3,55,2,1,1.2
5807,5015,nightmare ogre,187,3,49,1,1,1
5808,5016,nightmare mummy,344,3,122,1,1,1.5
5809,5017,nightmare eye,167,3,43,1,1,1.2
5810,5018,nightmare dahak,228,3,62,1,1,1
5811,5019,nightmare monk,1522,3,314,2,2,1
5812,5020,nightmare troubadour,1619,3,352,4,1,1.2
5813,5021,nightmare haagenti,840,3,143,2,1,1
5814,5022,nightmare succubus,18,2,1016,1,1,1
5815,5023,nightmare catoblepas,563,3,171,1,1,1.1
5816,5024,nightmare gourmand,640,3,54,4,1,1
5817,5025,Ixtab,1599,3,334,1,2,3.8
5818,5026,nightmare gnat,53,3,11,1,1,1.5
5819,5027,nightmare demon,19,2,1017,1,1,1.2
5820,5028,nightmare gargoyle,216,3,57,1,1,1
5821,5029,nightmare knight,862,2,1015,2,1,1.6
5822,5030,nightmare bhoot,601,3,182,1,1,1.2
5823,5031,nightmare hellhound,1276,3,71,2,1,0.6
5824,5032,nightmare persona,717,2,1014,4,1,1.2
5825,5033,nightmare bloodguard,1273,3,285,1,1,1.5
5826,5034,nightmare dragon,1510,3,63,2,3,0.8
5827,5035,nightmare manticore,603,3,183,1,1,1.1
5828,5036,nightmare wraith,1504,3,334,1,1,1.8
5829,5037,nightmare gravekeeper,1624,1,901,1,1,1.5
5830,5038,Edda Blackbosom,1503,3,333,1,1,1.5
5831,2566,mimic,648,3,197,1,1,1
5832,2566,mimic,648,3,197,1,1,1
5833,2566,mimic,648,3,197,1,1,1
5834,2566,mimic,1526,3,197,1,2,1
5835,2566,mimic,1527,3,197,1,3,1
5836,4961,shadow falak,1046,3,88,1,2,1.7
5837,5041,pygmaioi,1046,3,88,1,2,1.7
5838,5041,pygmaioi,1046,3,88,1,2,1.7
5839,5041,pygmaioi,1046,3,88,1,2,1.7
5840,5041,pygmaioi,1046,3,88,1,2,1.7
5841,5009,palace dullahan,103,3,26,1,4,15
5842,5010,palace minotaur,100,3,26,1,1,2
5843,5011,palace skatene,100,3,26,1,1,2
5852,5055,storm officer,100,3,26,1,1,8
5855,3458,Nidhogg,1406,3,119,1,4,1
5856,3458,Nidhogg,1647,3,285,3,2,2.7
5857,4013,spinner-rick,1080,3,172,2,2,2
5858,4014,Stheno,960,3,156,1,25,1
5859,3459,the Scarlet Price,1623,3,271,1,21,1.5
5860,4960,shadow brobinyak,950,3,34,3,1,1.8
5861,4961,shadow falak,1307,3,234,1,3,1.4
5862,4959,shadow dragon,730,3,183,2,1,1.7
5863,3459,the Scarlet Price,480,0,0,0,1,1
5864,5039,gargoyle steward,216,3,57,1,1,1
5865,5040,demon butler,363,3,141,1,1,1
5866,5058,goblin treasure hunter,6,2,1004,1,1,1
5867,5059,Arges,1649,3,58,2,2,1
5868,5060,polis slime,292,3,87,1,1,2
5869,5060,polis slime,293,3,87,1,2,2
5870,5060,polis slime,294,3,87,1,3,2
5871,5060,polis slime,295,3,87,1,4,2
5872,5061,polis pudding,201,3,55,1,1,1.5
5873,5061,polis pudding,202,3,55,1,2,1.5
5874,5061,polis pudding,203,3,55,1,3,1.5
5875,5061,polis pudding,204,3,55,1,4,1.5
5876,5061,polis pudding,205,3,55,1,5,1.5
5877,5061,polis pudding,206,3,55,1,6,1.5
5878,5062,polis blue back,154,3,40,1,1,1.7
5879,5063,polis gold back,155,3,40,1,2,1.7
5880,5064,polis violet back,156,3,40,1,3,1.7
5881,5065,polis sable back,157,3,40,1,4,1.7
5882,5066,polis catoblepas,563,3,171,1,1,2
5883,5066,polis catoblepas,564,3,171,1,2,2
5884,5066,polis catoblepas,565,3,171,1,3,2
5885,5066,polis catoblepas,566,3,171,1,4,2
5886,5067,polis anzu,604,3,60,3,1,1.2
5887,5068,polis cockerel,595,3,180,1,1,3
5888,5069,polis pullet,596,3,180,1,2,3
5889,5070,polis ninki nanka,728,3,39,3,1,2
5890,4987,living whelk,729,3,39,4,1,2
5891,5072,polis nanka,740,3,208,1,1,2
5892,5073,polis morbol,145,3,37,1,1,1.8
5893,5074,polis seedling,328,3,111,1,1,3
5894,5075,polis treant,104,3,27,1,1,1
5895,5076,polis bulb,358,3,135,1,1,1
5896,5077,polis corpse flower,1034,3,5,2,2,2
5897,5078,polis ochu,34,3,5,1,1,1
5898,5079,polis miteling,20,3,1,1,1,2
5899,5080,polis diremite,21,3,1,2,1,3
5900,5081,polis banemite,22,3,1,3,1,4
5901,5082,polis mandragora,297,3,88,1,1,1
5902,5083,polis korrigan,1046,3,88,1,2,1
5903,5084,polis paissa,905,3,225,2,1,0.7
5904,5085,polis spriggan,107,3,28,1,1,2
5905,5086,polis korpokkur,1315,3,289,1,1,1
5906,5087,polis cat,827,3,25,2,1,5
5907,5088,polis deepeye,841,3,88,7,1,3
5908,5089,polis poroggo,1075,3,89,1,1,2
5909,5090,polis onion,757,3,88,2,1,3
5910,5091,polis eggplant,758,3,88,3,1,3
5911,5092,polis garlic,759,3,88,4,1,3
5912,5093,polis tomato,760,3,88,5,1,3
5913,5094,polis queen,761,3,88,6,1,3
5914,5095,polis tiger,575,3,177,1,1,2
5915,5096,polis bear,574,3,176,1,1,1.5
5916,5097,polis miacid,914,3,176,3,1,1.5
5917,5098,polis wolf,159,3,41,1,1,1.5
5918,5099,polis griffin,955,3,236,1,1,2
5919,5100,polis bandersnatch,913,3,177,2,1,1
5920,5101,polis aurochs,138,3,35,1,1,1.1
5921,5102,polis megalotragus,927,3,47,3,1,1.5
5922,5103,polis sasquatch,735,3,183,3,1,2
5923,5104,polis raptor,96,3,24,1,1,1.5
5924,5105,polis archaeosaur,942,3,233,1,1,1.5
5925,5106,polis wivre,1302,3,235,2,1,1.5
5926,5107,polis pteranodon,1338,3,64,7,1,2
5927,5108,polis golem,81,3,21,1,1,2.5
5928,5109,polis effigy,1293,3,42,5,1,0.5
5929,5110,polis bomb,100,3,26,1,1,2
5930,5111,polis cactuar,142,3,36,1,2,2
5931,5112,polis skatene,904,3,225,1,1,2.5
5932,5113,polis tome,877,3,197,2,1,1
5933,5114,polis inkhorn,1240,3,279,1,1,2
5934,5115,polis hawk,949,3,11,2,1,2.5
5935,5116,polis hornet,359,3,137,1,1,2.5
5936,5117,polis gadfly,654,3,198,1,1,2.5
5937,5118,polis morpho,1314,3,265,1,3,1
5938,5119,polis wamoura,646,3,195,1,1,1.5
5939,5120,polis beetle,56,3,13,1,1,6
5940,5121,polis chigoe,36,3,6,1,1,4
5941,5122,polis crawler,839,3,219,1,1,2
5942,5123,polis wamouracampa,645,3,194,1,1,2.5
5943,5124,polis dung beetle,1316,3,290,1,1,3
5944,5125,polis ant,192,3,51,1,1,2.5
5945,5126,polis mantis,376,3,148,2,1,2
5946,5127,polis imp,63,3,16,1,1,4
5947,5128,polis gremlin,397,3,158,1,2,4
5948,5129,polis grenade,101,3,26,1,2,4
5949,5130,polis pugil,356,3,134,1,1,2
5950,5131,polis ogrebon,741,3,209,1,1,1.5
5951,5132,polis angler,268,3,82,1,1,3
5952,5133,polis hybodus,1271,3,282,2,1,2
5953,5134,polis snipper,148,3,38,1,1,3
5954,5135,polis shell,355,3,133,1,1,2
5955,5136,polis uragnite,364,3,142,1,1,1
5956,5137,polis sallet,722,2,1010,1,1,0.45
5957,5138,polis opken,834,3,49,3,1,1.8
5958,5139,polis morgawr,570,3,173,1,1,1.8
5959,5140,polis elbst,182,3,46,3,1,2
5960,5141,polis salamander,151,3,39,1,1,1.5
5961,5142,polis ripper,11,2,1009,1,1,1.6
5962,5143,polis drubber,11,2,1009,1,1,1.6
5963,5144,polis talker,11,2,1009,1,1,1.6
5964,5145,polis biloko,1301,2,1009,10,1,2
5965,5146,polis leech,600,3,181,1,1,3
5966,5147,polis aurelia,279,3,84,1,1,3
5967,5148,polis slug,50,3,10,1,1,4
5968,5149,polis hecteyes,690,3,55,2,1,2
5969,5150,polis monk,1522,3,314,2,2,1.5
5970,5151,polis kargas,955,3,236,1,1,2
5971,5152,polis archaeornis,944,3,233,3,1,0.8
5972,5153,polis dodo,173,3,44,1,1,2
5973,5154,polis roselet,48,3,9,1,1,4
5974,5155,polis sankchinni,724,3,84,3,1,3
5975,5156,polis fungus,28,3,3,1,1,3
5976,5157,polis bhoot,601,3,182,1,1,3
5977,5158,polis bogy,264,3,80,1,1,3
5978,5159,polis knight,862,2,1015,2,1,2.5
5979,5160,polis mummy,344,3,122,1,1,2.5
5980,5161,polis dullahan,125,3,29,1,5,2.5
5981,5162,polis centaur,1457,2,1021,3,1,1.5
5982,5163,polis viking,1431,2,1027,1,1,3
5983,5164,polis magus,1431,2,1027,1,1,3
5984,5165,polis idol,1451,3,247,2,1,1.5
5985,5166,polis pot,1449,3,322,1,1,1
5986,5167,polis chimera,197,3,53,1,1,1.5
5987,4981,palace hornet,359,3,137,1,1,1
5988,5030,nightmare bhoot,601,3,182,1,1,2
5989,5147,polis aurelia,125,3,29,1,5,2.5
5990,108,,476,3,9994,1,1,2
5991,5216,Demon of the Tome,1609,3,143,3,1,2.6
5992,5278,top shelf tome,1603,3,358,1,1,2.8
5993,5279,middle shelf tome,1603,3,358,1,1,2
5994,5280,unbound tome,1603,3,358,1,1,1.1
5995,5218,liquid flame,1664,3,260,1,2,3
5996,5177,gobwidow scrap,1665,3,261,1,2,2.2
5997,5178,refurbished magitek vangob G-III,1666,3,287,1,2,2.5
5998,5219,Strix,1592,3,330,3,1,1.8
5999,5220,behemoth ward,165,3,42,1,1,1.5
6000,4895,meteor,629,3,106,1,1,2
6001,5221,bibliophobe,64,3,16,1,2,1.2
6002,5222,spine breaker,363,3,141,1,1,1
6003,5223,bibliolater,228,3,62,1,1,1.5
6004,5224,bibliovore,19,2,1017,1,1,1
6005,5225,high baboulas,795,2,1003,5,1,2.5
6006,5226,baboulas,795,2,1003,5,1,1.6
6007,5227,enchanted inkhorn,1240,3,279,1,1,1.5
6008,5228,inkstain,1620,3,55,1,16,1.8
6009,5229,bibliophagist,216,3,57,1,1,1.3
6010,5230,fire homunculus,381,3,153,1,1,2
6011,5231,biblioclast,188,3,49,2,1,1.5
6012,5232,forbidden tome,877,3,197,2,1,1
6013,5233,poroggo polist,1075,3,89,1,1,2
6014,5234,poroggo pegist,1295,3,89,1,3,2.7
6015,5235,mechanoservitor,1431,2,1027,1,1,2
6016,5236,mechanoscribe,1431,2,1027,1,1,2
6017,5237,mechanomagus,1431,2,1027,1,1,2
6018,5238,apanda,1631,3,183,4,2,1.5
6019,5061,polis pudding,201,3,55,1,1,2
6020,5061,polis pudding,202,3,55,1,2,2
6021,5061,polis pudding,205,3,55,1,5,2
6022,5168,polis sasquatch cub,735,3,183,3,1,1
6023,5085,polis spriggan,108,3,28,1,2,2
6024,5085,polis spriggan,110,3,28,1,4,2
6025,5085,polis spriggan,109,3,28,1,3,2
6026,5199,Sophia,1536,3,344,1,1,1
6027,5201,Barbelo,1537,3,345,1,1,1
6028,5200,aion teleos,1607,3,344,1,2,1
6029,5202,the Second Demiurge,1727,1,201,1,1,1.5
6030,5203,the Third Demiurge,1728,1,901,1,1,1.5
6031,5204,the First Demiurge,1729,1,501,1,1,1.5
6032,4914,Mistbeard,1570,1,901,1,1,1.2
6033,5199,Sophia,1536,3,344,1,1,1
6034,5201,Barbelo,1537,3,345,1,1,1
6035,5202,the Second Demiurge,1727,1,201,1,1,1.5
6036,5203,the Third Demiurge,1728,1,901,1,1,1.5
6037,5204,the First Demiurge,1729,1,501,1,1,1.5
6038,5219,Strix,980,3,99,2,1,1
6039,5220,behemoth ward,1182,3,12,1,4,1
6040,5221,bibliophobe,1237,3,91,1,2,1
6041,5222,spine breaker,480,0,0,0,1,1
6042,5216,Demon of the Tome,480,0,0,0,1,1
6043,5265,Nuzal Hueloc,1584,3,355,1,1,1
6044,5266,Ixali stitcher,4,2,1002,1,1,1.2
6045,5267,airstone,1634,3,251,2,1,1.5
6046,5268,floating turret,1628,3,363,1,1,1
6047,5269,Dotoli Ciloc,1663,2,1002,6,1,2.2
6048,5270,whirlwind,1685,3,272,1,6,1
6050,5272,Tozol Huatotl,1582,3,127,2,1,3
6051,5259,Abalathian hornbill,1604,3,359,1,1,0.3
6052,1644,Garuda,303,3,95,1,1,1.7
6053,5186,Cruise Chaser,1606,3,361,1,1,0.85
6054,5186,Cruise Chaser,1605,3,360,1,1,0.85
6055,5187,E.D.D.,1633,3,285,4,1,2.5
6056,5188,claster,1183,3,12,2,2,1
6057,5189,lapis lazuli,1686,3,369,1,1,0.6
6058,5190,electromagnetic coil,1673,3,371,1,1,1
6059,5246,Abalathian slug,50,3,10,1,1,2
6060,5247,chasm cobra,235,3,65,2,1,1.2
6061,5251,Velodyna toad,126,3,30,1,1,1.8
6062,5252,swiftwater hakulaq,182,3,46,3,1,1.2
6063,5253,chasm harpeia,1608,3,141,2,2,1
6064,5245,Cane of Darkness,1627,3,362,1,1,1
6065,5257,Xelphatol whirltalon,4,2,1002,1,1,1.2
6066,5255,Xelphatol bravewing,4,2,1002,1,1,1.2
6067,5256,Xelphatol strongbeak,4,2,1002,1,1,1.2
6068,5258,Xelphatol fatecaller,4,2,1002,1,1,1.2
6069,5254,siege goobbue,198,3,54,1,1,1.5
6070,5260,Xelphatol watchwolf,163,3,41,3,1,1.5
6071,5259,Abalathian hornbill,1604,3,359,1,1,0.5
6072,5264,Xelphatol skycaller,4,2,1002,1,1,2
6073,5262,Xelphatol windtalon,4,2,1002,1,1,1
6074,5261,Xelphatol swiftbeak,4,2,1002,1,1,1
6075,5263,Xelphatol fogcaller,4,2,1002,1,1,1
6076,5193,Alexander Prime,1583,3,354,1,1,1
6077,5194,Arrhidaeus's lanner,1703,3,7008,1,1,0.75
6078,5195,the general's might,1706,3,7008,1,4,1.2
6079,5196,the general's time,1705,3,7008,1,3,1
6080,5197,the general's wing,1704,3,7008,1,2,1
6081,5193,Alexander Prime,1583,3,354,1,1,1
6083,5195,the general's might,1706,3,7008,1,4,1.2
6084,5196,the general's time,1705,3,7008,1,3,1
6085,5197,the general's wing,1704,3,7008,1,2,1
6086,5198,judgment crystal,1671,3,368,1,1,0.7
6087,5174,Alexander,480,0,0,0,1,1
6089,4392,Obsidian Carbuncle,414,3,7002,1,6,1
6090,5239,Alisaie,1652,1,604,1,1,0.97
6095,5244,Magus of Darkness,1653,1,501,1,1,1
6098,5279,middle shelf tome,1687,3,212,2,1,1
6099,3306,iron chain,1010,3,256,1,1,1
6100,5274,warballoon,480,0,0,0,1,1
6101,3647,plasma shield,1661,5,0,0,1,10
6102,3648,armored pauldron,1662,5,0,0,1,10
6103,5269,Dotoli Ciloc,1661,5,0,0,1,10
6104,5169,Faust Z,1642,2,1007,8,1,2.5
6105,5170,Refurbisher 0,1637,3,311,2,1,2.8
6106,5171,panzer doll scrap,1630,2,1007,6,1,1.5
6107,5172,gobtank scrap,979,3,1,4,1,3
6108,5173,vangob scrap,1741,3,56,2,1,1.7
6109,1385,bomb,670,3,199,1,1,6
6110,3749,alarum,1667,3,187,1,3,1
6111,5176,scrap,1678,3,72,1,4,1
6112,5277,full-metal faust,978,2,1007,6,1,2.5
6113,5178,refurbished magitek vangob G-III,1741,3,56,2,1,3
6114,5170,Refurbisher 0,480,0,0,0,1,1
6115,5180,Lamebrix Strikebocks,1638,2,1004,12,1,2.5
6116,5181,Lameprix Strikedocks,1656,2,1004,12,2,2.5
6117,5182,gobpress R-VI,1670,3,367,1,1,1.5
6118,5183,hedge gobknight,6,2,1004,1,1,1.5
6119,5184,goblin of fortune,6,2,1004,1,1,1
6120,5185,blizzard arrow,1672,3,370,1,1,1
6121,5182,gobpress R-VI,480,0,0,0,1,1
6122,5186,Cruise Chaser,1606,3,361,1,1,0.85
6123,5186,Cruise Chaser,1605,3,360,1,1,0.85
6124,5187,E.D.D.,1633,3,285,4,1,2.5
6125,5188,claster,1183,3,12,2,2,1
6126,5189,lapis lazuli,1686,3,369,1,1,0.6
6127,5347,palace corse,1673,3,371,1,1,1
6128,5192,plasmasphere,513,3,156,1,7,3
6129,5295,emaciated engineer,167,3,43,1,1,1.5
6130,5297,insentient inquisitor,79,3,20,1,2,1
6131,5179,power generator,1774,3,399,1,1,1
6132,5191,multifield,476,3,9994,1,1,4
6133,541,striking dummy,2449,0,0,0,1,1
6137,5181,Lameprix Strikedocks,1656,2,1004,12,2,2.5
6138,546,3rd Cohort bestiarius,361,3,139,1,1,1
6139,5207,actuator 0,1417,3,313,1,1,1
6140,5208,actuator,1610,3,313,1,2,1
6141,4691,boomtype magitek gobwalker G-VII,1239,3,257,2,1,2.8
6142,5206,Alexandrian hider,6,2,1004,1,1,2
6143,5175,Alexandrian slider,6,2,1004,1,1,2
6144,3468,Alexandrian strider,6,2,1004,1,1,1
6145,5205,Alexandrian collider,6,2,1004,1,1,1
6146,5180,Lamebrix Strikebocks,1638,2,1004,12,1,2.5
6147,5182,gobpress R-VI,1670,3,367,1,1,1.5
6148,5185,blizzard arrow,1672,3,370,1,1,1
6149,5209,buzzsaw,6,2,1004,1,1,1.5
6150,5184,goblin of fortune,6,2,1004,1,1,1
6151,5182,gobpress R-VI,480,0,0,0,1,1
6152,5356,Nybeth Obdilord,1668,3,365,1,1,2
6153,5357,giant corse,1639,2,1009,11,1,1
6154,5358,bicephalic corse,1640,2,1009,11,2,1
6155,5359,iron corse,1641,2,1009,12,1,1
6156,564,potter wasp swarm,39,3,7,1,1,1.2
6157,565,trenchtooth Sahagin,40,3,7,1,2,1.2
6158,5193,Alexander Prime,1583,3,354,1,1,1
6159,5194,Arrhidaeus's lanner,1703,3,7008,1,1,0.75
6160,5195,the general's might,1706,3,7008,1,4,1.2
6161,5197,the general's wing,1704,3,7008,1,2,1
6162,5194,Arrhidaeus's lanner,1703,3,7008,1,1,0.75
6163,5174,Alexander,480,0,0,0,1,1
6164,5309,the Black Rider,956,3,237,1,1,2.8
6165,5321,Yaquaru,919,3,173,1,5,2.5
6166,5333,Gudanna,165,3,42,1,1,2
6167,5345,the Godmother,1298,3,286,1,1,2.5
6168,5371,Alicanto,1744,3,64,2,1,3
6169,5384,Kirtimukha,1224,3,5,2,4,2.25
6170,5397,Alfard,245,3,70,1,2,1.2
6171,5410,Ah Puch,1745,3,334,1,3,3.8
6172,5424,Tisiphone,18,2,1016,1,1,2
6173,5438,Todesritter,1215,3,237,1,2,2.8
6174,5449,Yulunggu,1424,3,173,1,6,2.5
6175,5461,Dendainsonne,1752,3,42,1,2,2
6176,5471,the Godfather,1299,3,286,1,2,2.5
6177,4996,palace pudding,202,3,55,1,2,1
6178,5299,palace deepeye,841,3,88,7,1,1.5
6179,5300,palace gremlin,396,3,158,1,1,2
6180,5301,palace imp,63,3,16,1,1,1.5
6181,5302,palace Anubys,401,3,161,1,1,1
6182,5303,palace soulflayer,71,3,18,1,1,1
6183,5304,palace taurus,365,3,143,1,1,1
6184,5305,palace arch demon,567,3,172,1,1,1.5
6185,5306,palace vodoriga,363,3,141,1,1,1
6186,5307,palace idol,1451,3,247,2,1,1.3
6187,5308,palace pot,1449,3,322,1,1,0.7
6188,5311,palace raptor,96,3,24,1,1,1
6189,5312,palace tyrannosaur,942,3,233,1,1,0.7
6190,5313,palace diplocaulus,1310,3,39,5,1,1.2
6191,5004,palace wivre,948,3,235,1,1,1
6192,5314,palace triceratops,1302,3,235,2,1,1
6193,5315,palace croc,373,3,147,1,2,1
6194,5316,palace mylodon,957,3,238,1,1,1
6195,5317,palace elbst,182,3,46,3,1,1
6196,5318,palace sarcosuchus,1509,3,39,6,1,1.4
6197,5319,palace blade,943,3,233,2,1,0.7
6198,5320,palace pteranodon,1338,3,64,7,1,1
6199,5322,palace bandersnatch,913,3,177,2,1,1
6200,5323,palace aurochs,138,3,35,1,1,0.8
6201,5324,bird of the palace,953,3,118,2,1,1
6202,5325,palace cyclops,219,3,58,1,1,0.7
6203,5326,palace sasquatch,735,3,183,3,1,1
6204,5327,palace bear,574,3,176,1,1,1
6205,5328,palace coeurl,65,3,17,1,1,1.5
6206,5329,palace dhalmel,1064,3,262,1,1,1
6207,5330,palace lion,720,3,203,1,1,1
6208,5331,palace anzu,604,3,60,3,1,0.8
6209,5332,palace wolf,159,3,41,1,1,1.5
6210,5334,palace bomb,100,3,26,1,1,2
6211,5335,palace wamouracampa,645,3,194,1,1,0.8
6212,5336,palace vinegaroon,1012,3,233,4,1,0.7
6213,5337,flame dragon,660,3,63,1,4,1
6214,5338,palace worm,242,3,68,1,6,1
6215,5339,palace claw,824,3,215,2,1,1
6216,5340,palace eruca,1083,3,219,1,2,1
6217,5341,palace gallimimus,1073,3,24,1,3,1
6218,5342,palace hapalit,188,3,49,2,1,1.2
6219,5343,palace wamoura,646,3,195,1,1,0.8
6220,5344,palace chimera,197,3,53,1,1,1
6221,5346,palace mummy,344,3,122,1,1,1.5
6222,5347,palace corse,1639,2,1009,11,1,1
6223,5348,dark dragon,232,3,63,2,1,1
6224,5349,palace knight,862,2,1015,2,1,1.6
6225,5350,palace roselet,48,3,9,1,1,2
6226,5351,palace swarm,59,3,14,1,2,1
6227,4979,palace hippocerf,133,3,33,1,1,1.5
6228,5352,palace gourmand,640,3,54,4,1,1
6229,5353,palace iron corse,1641,2,1009,12,1,1
6230,5354,palace wraith,1599,3,334,1,2,1.8
6231,5355,palace gravekeeper,1624,1,901,1,1,1.5
6232,5480,deep palace sprite,386,3,153,2,1,1
6233,5360,deep palace squirrel,25,3,2,2,1,1
6234,5361,deep palace stag,62,3,15,2,1,1
6235,5362,deep palace gaelicat,827,3,25,2,1,5
6236,5363,deep palace doblyn,178,3,45,1,3,1.5
6237,5364,deep palace hippogryph,134,3,33,1,2,1
6238,5365,deep palace ladybug,57,3,13,1,2,2
6239,5366,deep palace hornet,359,3,137,1,1,1
6240,5367,deep palace yarzon,76,3,19,1,2,1
6241,5368,deep palace ziz,155,3,40,1,2,1
6242,5369,goblin adventurer,6,2,1004,1,1,1
6243,5370,deep palace dung beetle,1316,3,290,1,1,1
6244,5372,deep palace leech,1056,3,181,1,2,1.5
6245,5373,deep palace bifericeras,1053,3,142,1,2,1.2
6246,5374,deep palace gigantoad,127,3,30,1,2,1
6247,5375,deep palace slime,1079,3,87,1,9,1.2
6248,5376,deep palace nanka,729,3,39,4,1,1
6249,5377,deep palace salamander,151,3,39,1,1,2
6250,5378,deep palace ochu,34,3,5,1,1,0.8
6251,5379,deep palace seedling,1367,3,111,2,1,2
6252,5380,deep palace morbol,1281,3,37,2,1,0.8
6253,5381,deep palace pudding,204,3,55,1,4,1
6254,5382,deep palace cobra,234,3,65,1,1,0.9
6255,5383,deep palace biloko,1301,2,1009,10,1,0.8
6256,5385,deep palace pteroc,131,3,32,1,2,2
6257,5386,deep palace biast,180,3,46,1,2,1
6258,5387,deep palace adamantoise,94,3,23,1,1,0.7
6259,5388,deep palace basilisk,135,3,34,1,1,1
6260,5389,deep palace wivre,1746,3,235,1,2,0.8
6261,5390,deep palace spriggan,111,3,28,1,5,2
6262,5391,deep palace centaur,1457,2,1021,3,1,1
6263,5392,deep palace effigy,1293,3,42,5,1,0.6
6264,5393,deep palace urolith,1519,3,339,1,1,0.9
6265,5394,deep palace dullahan,122,3,29,1,2,1.2
6266,5395,deep palace minotaur,1474,3,58,6,2,0.7
6267,5396,deep palace skatene,1429,3,225,1,2,1
6268,5398,deep palace soul,265,3,80,1,2,2
6269,5399,deep palace hecteyes,1076,3,55,2,3,1.2
6270,5400,deep palace ogre,778,3,49,1,2,1
6271,5401,deep palace mummy,344,3,122,1,1,1.5
6272,5402,deep palace ahriman,168,3,43,1,2,1.2
6273,5403,deep palace dahak,228,3,62,1,1,1
6274,5404,deep palace monk,1750,3,314,2,3,1
6275,5405,deep palace troubador,1619,3,352,4,1,1.2
6276,5406,deep palace taurus,840,3,143,2,1,1
6277,5407,deep palace guard,1751,3,285,1,2,1.5
6278,5408,deep palace catoblepas,564,3,171,1,2,1.1
6279,5409,deep palace gourmand,1747,3,54,4,1,1
6280,5412,deep palace ked,54,3,11,1,2,1.5
6281,5413,deep palace demon,19,2,1017,1,1,1.2
6282,5414,deep palace gargoyle,217,3,57,1,2,1
6283,5415,deep palace knight,862,2,1015,2,1,1.6
6284,5416,deep palace bhoot,602,3,182,1,2,1.2
6285,5417,deep palace hellhound,1276,3,71,2,1,0.6
6286,5418,deep palace persona,717,2,1014,4,1,1.2
6287,5419,deep palace succubus,18,2,1016,1,1,1
6288,5420,onyx dragon,1748,3,63,2,4,0.8
6289,5421,deep palace manticore,1749,3,183,1,2,1.1
6290,5422,deep palace wraith,1599,3,334,1,2,1.8
6291,5423,deep palace keeper,1624,1,901,1,1,1.5
6292,5381,deep palace pudding,206,3,55,1,6,1
6293,5429,deep palace deepeye,841,3,88,7,1,1
6294,5430,deep palace gremlin,397,3,158,1,2,2
6295,5431,deep palace devilet,64,3,16,1,2,1.5
6296,5432,deep palace shabti,401,3,161,1,1,1
6297,5433,deep palace soulflayer,72,3,18,1,2,1
6298,5406,deep palace taurus,365,3,143,1,1,1
6299,5434,deep palace arch demon,1094,3,172,1,4,1.5
6300,5435,deep palace abaia,781,3,141,1,2,1
6301,5436,deep palace marolith,985,3,247,1,1,1.5
6302,5437,deep palace pot,1449,3,322,1,1,1
6303,5439,deep palace lindwurm,97,3,24,1,2,1
6304,5440,deep palace archaeosaur,1220,3,233,1,2,0.7
6305,5441,deep palace diplocaulus,1310,3,39,5,1,1.2
6306,5389,deep palace wivre,1746,3,235,1,2,1
6307,5442,deep palace triceratops,1302,3,235,2,1,1
6308,5443,deep palace croc,372,3,147,1,1,1
6309,5444,deep palace mylodon,1225,3,238,1,2,1
6310,5445,deep palace tursus,777,3,46,3,2,1
6311,5446,deep palace sarcosuchus,1509,3,39,6,1,1.8
6312,5447,deep palace vinegaroon,1227,3,233,2,2,0.7
6313,5448,deep palace pteranodon,1338,3,64,7,1,1.4
6314,5450,deep palace bandersnatch,1226,3,177,2,2,1
6315,5451,deep palace wisent,139,3,35,1,2,1
6316,5452,bird of the deep palace,1217,3,118,2,3,1.2
6317,5453,deep palace snowclops,220,3,58,1,2,1
6318,5454,deep palace sasquatch,735,3,183,3,1,1.8
6319,5455,deep palace bear,870,3,176,1,3,1
6320,5456,deep palace black coeurl,66,3,17,1,2,1.5
6321,5457,deep palace dhalmel,1064,3,262,1,1,1
6322,5458,deep palace lion,720,3,203,1,1,1
6323,5459,deep palace anzu,1421,3,60,3,5,1
6324,5460,deep palace wolf,161,3,41,1,3,1.5
6325,5462,deep palace grenade,864,3,26,1,5,2
6326,5463,deep palace wamouracampa,645,3,194,1,1,0.8
6327,5440,deep palace archaeosaur,944,3,233,3,1,0.7
6328,5464,flood dragon,231,3,63,1,3,1
6329,5465,deep palace worm,239,3,68,1,2,1.2
6330,5466,deep palace claw,1057,3,215,2,2,1
6331,5467,deep palace crawler,839,3,219,1,1,1
6332,5480,deep palace sprite,382,3,153,1,2,1
6333,5468,deep palace vindthurs,189,3,49,2,2,1.2
6334,5469,deep palace wamoura,646,3,195,1,1,0.8
6335,5470,deep palace garm,968,3,53,1,2,1.2
6336,5401,deep palace mummy,344,3,122,1,1,1.5
6337,5474,deep palace bicephalus,1640,2,1009,11,2,1
6338,5420,onyx dragon,1748,3,63,2,4,1
6339,5415,deep palace knight,862,2,1015,2,1,1.6
6340,5472,deep palace trap,1035,3,9,1,4,1.3
6341,5473,deep palace fachan,170,3,43,1,4,1.2
6342,5364,deep palace hippogryph,134,3,33,1,2,1.5
6343,5409,deep palace gourmand,1747,3,54,4,1,1
6344,5475,deep palace iron corse,1641,2,1009,12,1,1
6345,5422,deep palace wraith,1745,3,334,1,3,1.8
6346,5423,deep palace keeper,1624,1,901,1,1,1.5
6347,3467,Alexandrian glider,6,2,1004,1,1,1
6348,5169,Faust Z,1642,2,1007,8,1,2.5
6349,5170,Refurbisher 0,1637,3,311,2,1,2.8
6350,5171,panzer doll scrap,1630,2,1007,6,1,1.5
6351,5172,gobtank scrap,979,3,1,4,1,3
6352,5173,vangob scrap,1741,3,56,2,1,1.7
6353,5176,scrap,1678,3,72,1,4,1
6354,5277,full-metal faust,978,2,1007,6,1,2.5
6355,5179,power generator,1774,3,399,1,1,1
6356,764,,513,3,156,1,7,1.5
6357,5217,Tridecameron,1603,3,358,1,1,1.9
6358,9958,Hypertuned Dabog,480,0,0,0,1,1
6359,2566,mimic,1527,3,197,1,3,1
6360,2566,mimic,1527,3,197,1,3,1
6361,2566,mimic,1527,3,197,1,3,1
6362,2566,mimic,1527,3,197,1,3,1
6363,2566,mimic,1527,3,197,1,3,1
6364,2566,mimic,1527,3,197,1,3,1
6365,2566,mimic,1527,3,197,1,3,1
6366,2566,mimic,1527,3,197,1,3,1
6367,2566,mimic,1527,3,197,1,3,1
6368,2566,mimic,1527,3,197,1,3,1
6369,2566,mimic,1527,3,197,1,3,1
6370,2566,mimic,1527,3,197,1,3,1
6371,2566,mimic,1527,3,197,1,3,1
6372,2566,mimic,1527,3,197,1,3,1
6373,2566,mimic,1527,3,197,1,3,1
6374,5310,voidsent discarnate,787,3,156,1,18,1
6375,783,void dross,635,3,9995,1,6,1
6376,4578,grey bomb,1308,3,26,1,6,4
6377,4580,lava bomb,100,3,26,1,1,2
6378,5477,giddy bomb,864,3,26,1,5,4
6379,5425,fanatic gargoyle,216,3,57,1,1,1
6380,5426,fanatic vodoriga,363,3,141,1,1,1
6381,5427,fanatic zombie,597,1,101,1,1,1
6382,5428,fanatic succubus,18,2,1016,1,1,1
6383,4170,voidsent discarnate,787,3,156,1,18,1
6384,5461,Dendainsonne,635,3,9995,1,6,1
6385,4579,remedy bomb,1309,3,26,1,7,4
6386,4580,lava bomb,100,3,26,1,1,4
6387,5477,giddy bomb,864,3,26,1,5,2
6388,5625,level checker,480,0,0,0,1,1
6392,5297,insentient inquisitor,548,1,0,1,1,1
6393,5290,moldering merchant,548,1,0,1,1,1
6394,5291,blackening marketeer,548,1,0,1,1,1
6395,5295,emaciated engineer,548,1,0,1,1,1
6396,5283,mortifying magnate,548,1,0,1,1,1
6397,5296,putrid plutocrat,548,1,0,1,1,1
6399,5289,jaundiced tribunus,548,1,0,1,1,1
6400,5288,flyblown praefectus,548,1,0,1,1,1
6401,5286,half-cracked captain,1779,3,76,2,2,2
6402,5285,gangrenous gigant,12,2,1009,1,5,1.8
6403,5287,sunken captain,548,1,0,1,1,1.5
6404,5284,corrupted centurion,548,1,0,1,1,1
6405,5366,deep palace hornet,359,3,137,1,1,1
6406,5411,deep palace follower,601,3,182,1,1,2
6407,2564,Diabolos,333,3,115,1,1,1.5
6408,5526,Diabolos Hollow,346,3,124,1,1,2
6409,2564,Diabolos,1781,3,115,1,2,1.5
6410,5523,deathgate,1809,3,411,1,1,1
6411,2568,diabolic gate,1809,3,411,1,1,1
6412,5522,lifegate,1809,3,411,1,1,1.7
6413,5524,shadow dahak,228,3,62,1,1,2
6414,5525,night hound,1276,3,71,2,1,1.3
6415,5507,Deathgaze Hollow,1365,3,307,1,1,4
6416,5508,void sprite,1006,3,153,1,7,2.5
6417,5507,Deathgaze Hollow,480,0,0,0,1,1
6418,3725,fierce wind,478,3,9995,1,2,1
6419,5529,the Leightonward,1843,3,42,6,1,1.2
6420,5585,spore sac,1360,3,302,1,1,2
6421,5586,small spore sac,1360,3,302,1,1,1.2
6422,5530,Gowrow,1681,3,183,5,1,2.3
6423,5587,slashing wind,681,3,9995,1,7,1
6424,5531,lava scorpion,1680,3,1,6,1,3
6425,5532,the scorpion's claw,1680,3,1,6,1,1.5
6426,5534,Abalathian vulture,40,3,7,1,2,1.5
6427,5535,nesting anzu,604,3,60,3,1,0.7
6428,5536,mountaintop miacid,914,3,176,3,1,1
6429,5537,blooming chichu,1772,3,397,1,1,0.8
6430,5538,mountaintop hropken,1040,3,49,3,2,1.2
6431,5539,mountaintop opken,834,3,49,3,1,1.2
6432,3805,overgrown difflugia,364,3,142,1,1,1
6433,5540,giant netherworm,242,3,68,1,6,1.5
6434,5541,netherworm,242,3,68,1,6,0.7
6435,5542,Abalathian ogrebon,741,3,209,1,1,1
6436,5543,Abalathian clay golem,1293,3,42,5,1,1
6437,3797,blood of the mountain,1079,3,87,1,9,1.6
6438,5544,volcano anala,1737,3,352,5,1,2
6439,5545,lava crab,1733,3,38,1,4,1.6
6440,5509,Ferdiad Hollow,1731,3,196,2,2,2
6441,5510,wailing Atomos,1861,3,61,1,4,1.5
6442,5511,cursing Atomos,1780,3,61,2,1,1.5
6443,5512,aether,1841,3,271,1,22,2.5
6444,5513,aetherial chakram,1842,3,271,1,23,2.5
6445,5514,Ferdiad's fool,1795,3,16,2,1,2.5
6446,5509,Ferdiad Hollow,480,0,0,0,1,1
6447,2096,planar fissure,535,4,4007,0,1,1
6448,5567,Zurvan,1811,3,413,1,1,1.2
6449,5567,Zurvan,1539,3,347,1,1,0.85
6450,5568,Infinity,1539,3,347,1,1,0.85
6451,5569,execrated will,1756,2,1021,4,1,1.2
6452,5570,execrated wit,1756,2,1021,4,1,1
6453,5571,execrated wile,1756,2,1021,4,1,1
6454,5572,execrated thew,1756,2,1021,4,1,0.7
6455,5567,Zurvan,480,0,0,0,1,1
6456,5560,magitek predator,1669,3,366,1,1,1.4
6457,5561,sky armor reinforcement,1366,3,308,1,1,1
6458,5562,armored weapon,1679,3,1,5,1,4.5
6459,5563,magitek bit,55,3,12,1,1,1.5
6460,5554,magitek slasher,1654,3,148,4,1,0.7
6461,5564,the Griffin,1804,1,301,1,1,1
6462,5565,restraint collar,1010,3,256,1,1,1
6463,5566,Blade of the Griffin,1838,3,326,2,1,2
6470,5546,3rd Cohort canis pugnax,1732,3,8,2,1,1
6471,5553,magitek sky armor,1366,3,308,1,1,1
6472,5557,adamantite claw,331,3,114,1,1,2
6473,5554,magitek slasher,1654,3,148,4,1,0.7
6474,5555,magitek colossus,253,3,76,1,1,3
6475,5556,magitek vanguard D-1,213,3,56,1,1,2
6477,5559,magitek gunship,930,3,230,1,1,1
6478,3281,abyssal scythe,620,3,9994,3,1,1
6479,5515,Scathach,1689,3,375,1,1,1.25
6480,5516,shadow limb,1820,3,114,4,1,2
6481,5562,armored weapon,511,3,156,1,5,1.5
6482,5517,Connla,1796,3,285,6,1,2.7
6483,5519,Shadowcourt jester,64,3,16,1,2,2
6484,5518,chimera poppet,1764,3,148,5,1,1.5
6485,5521,Shadowcourt hound,968,3,53,1,2,1.2
6486,14630,,480,0,0,0,1,1.5
6487,237,morbol,480,0,0,0,1,1.5
6488,7257,hostile sky armor,480,0,0,0,1,1.5
6489,4686,adrenaline,480,0,0,0,1,1.5
6490,5476,wolf's heart,480,0,0,0,1,1.5
6493,5575,Gosetsu Everfall,1802,1,901,1,1,1
6494,5576,Grynewaht,1823,1,901,1,1,1
6495,5576,Grynewaht,480,0,0,0,1,1
6502,5583,imperial colossus,253,3,76,1,1,3
6503,3997698,,980,3,99,2,1,1
6504,3782,proto bit,1182,3,12,1,4,1
6505,3781,aether collector,1237,3,91,1,2,1
6506,3780,Proto Ultima,480,0,0,0,1,1
6507,5276,Allagan dreadnaught,361,3,139,1,1,1
6508,3780,Proto Ultima,513,3,156,1,7,1.5
6509,5515,Scathach,1803,3,375,1,1,1.25
6510,5591,axe-wielding loyalist,1301,2,1009,10,1,1.5
6511,5165,polis idol,1217,3,118,2,3,2.6
6512,7281,heavenly otokage,67,3,17,1,3,2
6513,13494,tamed vawtsaral br'aax,1065,3,263,1,1,2.5
6514,264,sundrake,534,3,168,1,1,1.5
6515,5169,Faust Z,1845,3,415,1,3,1
6516,5789,tail,1438,3,177,3,1,1
6517,7365,heavenly mukai-inu,1439,3,238,2,1,1.5
6518,5172,gobtank scrap,1427,3,246,2,1,1.5
6519,13500,invasive zaratan,654,3,198,1,1,1.5
6520,6547,Olkund dzotamer,24,3,2,1,1,2
6521,5606,binding stone,20,3,1,1,1,2
6522,6203,magitek hexadrone,328,3,111,1,1,2
6523,5798,Dotharli warrior,1303,3,288,1,1,1
6524,7293,heavenly tenaga,381,3,153,1,1,1
6525,6256,hypertuned,382,3,153,1,2,1
6526,6345,fallen Kuribu,383,3,153,1,3,1
6527,7296,heavenly tengu,386,3,153,2,1,1
6528,3805,overgrown difflugia,384,3,153,1,4,1
6529,7263,heavenly mutsu,385,3,153,1,5,1
6530,5184,goblin of fortune,612,3,153,1,6,1
6531,5640,Shinryu,1893,3,376,2,1,1
6534,5603,elementally amplified ice crystal,1846,3,415,1,1,3
6535,5604,elementally amplified lightning crystal,1437,3,177,1,3,3
6536,3656,chitin carapace,1478,3,238,3,1,3
6537,5645,Fury of the Golden Fox,1479,3,238,3,2,3
6538,7175,glory crier,1276,3,71,2,1,1.2
6539,5657,serpent conjurer,381,3,153,1,1,3
6540,2695,warm grenade,382,3,153,1,2,2
6541,5654,12th Legion signifer,384,3,153,1,4,3
6542,2746,advanced smart bomb,1006,3,153,1,7,3
6543,8143,Griaule,1535,3,343,1,1,2.5
6544,5502,void crystal,1810,3,412,1,1,1
6545,5503,Dun Scaith parthenope,1577,3,352,3,1,2
6546,5504,Dun Scaith dragon,232,3,63,2,1,1.5
6547,5505,unblinking eye,167,3,43,1,1,3
6548,8148,crimson morpho,18,2,1016,1,1,2
6549,3856,Bloodbelly thaumaturge,1311,3,55,1,15,5
6550,5567,Zurvan,1811,3,413,1,1,1.2
6551,5567,Zurvan,1539,3,347,1,1,0.85
6552,5568,Infinity,1539,3,347,1,1,0.85
6553,5569,execrated will,1756,2,1021,4,1,1.2
6554,5570,execrated wit,1756,2,1021,4,1,1
6555,2712,13th Order priest,1756,2,1021,4,1,1
6556,5572,execrated thew,1756,2,1021,4,1,0.7
6557,5567,Zurvan,480,0,0,0,1,1
6558,5657,serpent conjurer,480,0,0,0,1,1
6559,11273,Rhalgr,480,0,0,0,1,1
6560,5652,12th Legion princeps,480,0,0,0,1,1
6561,311,Amajina stonehauler,480,0,0,0,1,1
6562,3869,Serpent Reavest tail,161,3,41,1,3,1.5
6563,2768,woad back,161,3,41,1,3,1.5
6564,9856,flame arrow,453,3,8028,1,1,1
6565,2096,planar fissure,536,4,4012,0,1,2
6566,13555,crystal of light,476,3,9994,1,1,1
6567,11352,turbulence,476,3,9994,1,1,1
6571,6017,aether-starved vodoriga,781,3,141,1,2,1
6572,6018,aether-starved gargoyle,638,3,57,1,6,2
6573,6019,aether-starved imp,63,3,16,1,1,1
6574,108,,1862,3,272,1,7,5
6575,5520,shadowsphere,649,3,156,1,11,1.5
6576,108,,1413,2,2,1,5,1
6577,6353,wrothful kshatriya,1740,2,1029,1,1,1.2
6578,5690,Qalyana shudra,1740,2,1029,1,1,1.2
6579,5691,Qalyana brahmin,1740,2,1029,1,1,1.2
6580,6145,Obsidian Carbuncle,414,3,7002,1,6,1
6581,5767,Gensui dhara,1819,3,49,5,1,1
6582,5696,highland dhara,1849,3,49,5,2,1
6583,5698,dust anila,1923,3,423,1,1,1.3
6584,6429,Qiqirn meatseeker,1726,2,1012,5,1,1.2
6585,5704,ruud suud,1767,3,58,7,1,0.9
6586,5535,nesting anzu,1767,3,58,7,1,0.7
6587,337,tempered gladiator,1853,3,377,3,1,1.4
6588,5716,kaluk,2006,3,377,3,2,1.4
6589,5717,phoebad,1771,3,396,1,1,1
6590,5681,tracer antlion,1717,3,383,1,1,1.3
6591,5705,crag claw,1989,3,383,1,2,1.3
6592,5740,flying shark,1989,3,383,1,2,1.3
6593,5700,chapuli,1807,3,409,1,1,2.5
6594,5780,purbol,1807,3,409,1,1,2.5
6595,5692,gagana,1720,3,386,1,1,1.5
6596,5693,teleoceras,1720,3,386,1,1,1.5
6597,5684,skimmer,654,3,198,1,1,1.5
6598,6485,dawnborn dragonfly,1851,3,198,1,2,1.5
6599,6797,bonza yabby,1947,3,215,3,2,1.2
6600,5683,mountain grizzly,1850,3,176,1,4,1.5
6601,5674,foper,1906,3,88,7,2,2
6602,5711,true griffin,1852,3,236,1,5,1.2
6603,5705,crag claw,2058,3,215,2,4,1.4
6604,5701,bloodglider,1907,3,195,1,3,1.4
6605,5712,jhammel,1943,3,262,1,2,1.6
6606,5721,soblyn,1929,3,45,1,5,2
6607,5720,chelone,2000,3,23,1,3,1
6608,5688,sacred marid,1869,3,246,3,1,1.7
6609,5707,marble urolith,1908,3,339,1,2,1.6
6610,5722,salt dhruva,1848,3,417,1,1,1
6611,113,earth sprite,386,3,153,2,1,1
6612,115,wind sprite,383,3,153,1,3,1
6613,56,water sprite,385,3,153,1,5,1
6614,117,lightning sprite,384,3,153,1,4,1
6615,116,fire sprite,381,3,153,1,1,1
6616,5733,tatsunoko,1682,3,234,4,1,0.5
6617,108,,480,0,0,0,1,1
6618,6483,Redmost raider,1699,2,1028,1,1,1.6
6619,6483,Redmost raider,1699,2,1028,1,1,1.6
6620,6489,Katabira's Red,1699,2,1028,1,1,1.6
6621,5849,purple apa,1867,3,417,2,1,0.8
6622,5897,hooked shiranui,1714,3,380,1,1,0.6
6623,5760,Yanxian tiger,1714,3,380,1,1,0.6
6624,6528,shikigami kiyofusa,1813,3,29,3,1,2
6625,6518,kakashi,1759,3,392,1,1,1.9
6626,5776,steppe dhole,1949,3,392,1,2,1.9
6627,6509,thieving Namazu,1999,3,405,1,3,1.8
6628,131,crater golem,1999,3,405,1,3,1.8
6629,5782,Matanga,2052,2,1009,14,1,1.3
6630,5780,purbol,1800,2,1009,13,1,1
6631,6529,shikigami koja,1821,3,55,4,1,2
6632,5773,steppe dzo,1684,3,171,2,1,1.2
6634,6519,Lupin freeblade,1812,2,1030,1,1,1.6
6635,6519,Lupin freeblade,1812,2,1030,1,1,1.6
6636,6519,Lupin freeblade,1812,2,1030,1,1,1.6
6637,5734,gyuki,1721,3,387,1,1,1.8
6638,5899,hooked unkiu,1719,3,385,1,1,1.2
6639,5775,matamata,1718,3,384,1,1,1.5
6640,5646,Udoku,1418,3,314,1,1,1
6641,6288,wily weasel,1948,3,176,3,3,1
6642,5761,bi fang,1528,3,340,1,1,1
6643,6521,mada,1904,3,54,5,3,1.2
6644,5777,halgai,1950,3,81,1,3,3.5
6645,5736,coralshell,1814,3,38,2,1,1.6
6646,5900,hooked bombfish,1683,3,26,2,1,4
6647,6798,spotted sea serpent,1905,3,65,2,3,1.4
6648,6729,Amahire's ray,1870,3,296,2,1,0.9
6649,6550,pack gedan,1931,3,41,1,6,1.2
6650,5778,khun chuluu,1935,3,343,2,1,1.3
6651,5728,specter,2036,3,377,1,2,0.8
6652,5714,kongamato,1364,3,306,1,1,1
6653,5715,pantera,913,3,177,2,1,1
6654,5685,diakka,1301,2,1009,10,1,1.5
6655,6796,rabid teleoceras,948,3,235,1,1,1
6656,5764,vanara,1381,3,11,2,2,1.6
6657,5805,aggravated anala,1274,3,11,3,1,1.8
6658,5686,goosefish,269,3,82,1,2,3
6659,6775,daughter of Ankabut,1542,3,187,2,2,1.2
6660,5698,dust anila,356,3,134,1,1,1.3
6661,5726,vepar,861,3,134,1,3,1.3
6662,6741,horrific bhoot,602,3,182,1,2,1.6
6663,5680,Velodyna sarcosuchus,1509,3,39,6,1,1.6
6664,6280,stray gazelle,927,3,47,3,1,1.3
6665,5687,mossling,1901,3,289,2,1,1.2
6666,5713,highland eruca,1083,3,219,1,2,1.6
6667,5708,scarab beetle,1316,3,290,1,1,2
6668,5702,fluturini,1314,3,265,1,3,0.7
6669,5723,abaddon,128,3,30,1,3,1.4
6670,5724,loch leech,1056,3,181,1,2,2
6671,5725,Abalathian minotaur,1473,3,58,6,1,0.8
6672,5729,dark clay beast,1293,3,42,5,1,1
6673,5730,loch nanka,729,3,39,4,1,1.6
6674,6730,ashigaru yumemi,1632,3,336,1,3,0.5
6675,5750,yumemi,1507,3,336,1,1,0.8
6676,6722,aggressive shark,1231,3,282,1,1,1
6677,5887,anala augur,1737,3,352,5,1,1.3
6678,5772,rainbow tiger,1973,3,359,1,3,0.5
6679,5748,ruby hornbill,1944,3,359,1,2,0.5
6680,5760,Yanxian tiger,575,3,177,1,1,1.2
6681,6728,lone bi fang,953,3,118,2,1,1
6682,5762,water serpent,572,3,173,1,3,1.5
6683,5748,ruby hornbill,741,3,209,1,1,1.5
6684,5764,vanara,1439,3,238,2,1,1.4
6685,5836,hungry caterpillar,1489,3,219,1,3,1.6
6686,5765,taoquan,162,3,41,2,1,1
6687,5941,bird of prophecy,2020,3,118,3,2,1.2
6688,5764,vanara,1310,3,39,5,1,1
6689,190,Ixali scout,1338,3,64,7,1,1
6690,5737,bombfish,1302,3,235,2,1,1
6691,5785,baras,1438,3,177,3,1,1.1
6692,5780,purbol,1281,3,37,2,1,1.3
6693,5781,mammoth,1992,3,246,1,2,1.2
6694,5839,gedan corpsestealer,1496,3,56,3,1,1
6695,5884,thirsting taoquan,1404,3,276,1,1,1
6696,5836,hungry caterpillar,1654,3,148,4,1,1
6697,5738,sea serpent,1679,3,1,5,1,1
6698,5763,minobi,1366,3,308,1,1,1
6699,6586,canal anila,701,1,101,1,1,1
6700,6426,canis perdito,1732,3,8,2,1,1
6701,144,Ak-Mena varlet,1792,3,404,1,1,1
6703,5822,fractured mana idol,603,3,183,1,1,1
6704,5737,bombfish,1797,3,56,4,1,1
6705,239,raptor poacher,1491,3,280,2,1,1
6706,5727,Creeping Edila,1270,3,280,1,1,0.8
6707,6776,salt sapria,655,3,5,2,1,1
6708,210,Ixali straightbeak,406,3,166,1,1,1
6709,212,pack wolf,1273,3,285,1,1,1
6710,5954,Zenos yae Galvus,2050,3,403,2,7,1.15
6711,6378,dark reflection,1972,3,403,2,5,1.15
6715,5839,gedan corpsestealer,1338,3,64,7,1,3
6716,5813,Corpse Brigade pugilist,946,3,234,2,1,1.5
6717,6773,territorial fluturini,942,3,233,1,1,2
6718,252,Amalj'aa sniper,794,3,64,3,1,2
6719,5687,mossling,735,3,183,3,1,2.3
6720,5850,pit wolf,572,3,173,1,3,1.9
6721,5812,aether-starved soulflayer,145,3,37,1,1,2.5
6722,6544,Ura brute,49,3,9,1,2,6
6723,5873,grey pantera,1038,3,44,1,4,3.6
6724,5818,unbreakable urolith,1427,3,246,2,1,2
6725,5808,gold dust dhara,280,3,84,2,1,6
6726,6624,canal onmitsu,35,3,5,1,2,3.6
6727,5825,grand aevis,1438,3,177,3,1,1.5
6728,5696,highland dhara,1439,3,238,2,1,1.8
6729,5757,rhino beetle,1879,4,14573,0,1,1
6730,5837,imperial impostor,1880,4,14575,0,1,1
6731,5823,blackened headstone,1881,4,14577,0,1,1
6732,5797,Qestiri warrior,1882,4,14574,0,1,1
6733,5878,blathering buzzfly,1883,4,14494,0,1,1
6734,5702,fluturini,1884,4,14576,0,1,1
6738,5650,magitek vanguard I prototype,2002,3,56,6,1,1.5
6739,5576,Grynewaht,1823,1,901,1,1,1
6742,5670,magitek turret,55,3,12,1,1,1
6743,108,,480,0,0,0,1,1
6744,6154,Dotharli chuluu,1935,3,343,2,1,1
6746,5239,Alisaie,1652,1,604,1,1,0.97
6756,6146,Lyse,2011,1,201,1,1,1
6760,6816,flowering sabotender,480,0,0,0,1,1
6761,264,sundrake,480,0,0,0,1,1
6762,5540,giant netherworm,242,3,68,1,6,1.5
6764,6147,curious Kojin,1699,2,1028,1,1,1
6765,6916,Raganfrid,480,0,0,0,1,1
6767,5629,Alte Roite,1875,3,420,1,1,0.8
6768,5629,Alte Roite,1875,3,420,1,1,0.8
6769,5630,ball of fire,1961,3,271,1,26,1
6770,108,,1200,3,271,1,6,0.5
6772,6085,zuiko-maru,1942,3,29,3,2,3.2
6773,6086,harakiri kosho,2001,3,56,5,1,0.8
6774,6087,dojun-maru,1792,3,404,1,1,3.5
6775,6088,elite onmitsu,1910,3,404,2,1,2.5
6776,6089,Yojimbo,1766,3,395,1,1,1
6777,6090,Daigoro,1770,3,177,4,1,1
6778,6675,Sarameya,2005,3,128,2,1,1
6779,6676,bloodshot hecteyes,690,3,55,2,1,1.5
6783,108,,789,3,156,1,20,1
6784,3237,gastric juice,786,3,156,1,17,1
6785,6677,bloody cur,160,3,41,1,2,1.5
6791,5967,Ananta battlemaid,1740,2,1029,1,1,1
6792,5953,Fordola rem Lupis,2028,1,401,1,1,1.1
6797,1768,bloodshot eye,168,3,43,1,2,1.5
6799,6091,Kageyama,1920,1,901,1,1,1.2
6800,3305,dragon's head,1001,3,253,1,1,1.5
6801,6093,inoshikacho,1097,3,265,1,2,0.3
6807,6079,karakuri onmitsu,1910,3,404,2,1,2.5
6808,6080,Joi koja,1821,3,55,4,1,2.5
6809,6081,Joi kiyofusa,1813,3,29,3,1,2.2
6810,6082,karasu tengu,1868,3,285,7,1,1.8
6811,6083,karakuri hanya,1797,3,56,4,1,1.6
6812,6084,harakiri hanya,2001,3,56,5,1,1
6813,5630,ball of fire,1961,3,271,1,26,1
6814,6173,Garula,1738,3,35,4,1,1
6815,6174,steppe sheep,287,3,86,1,4,1
6816,6175,steppe yamaa,183,3,47,1,1,1.2
6817,6175,steppe yamaa,184,3,47,1,2,1.2
6818,6176,steppe coeurl,65,3,17,1,1,1.5
6819,6177,Bardam,1817,3,311,3,1,5
6820,6178,warrior of Bardam,661,3,21,1,8,1
6821,6180,hunter of Bardam,82,3,21,1,2,2
6822,6155,yol,1710,3,118,3,1,2
6823,6181,corpsecleaner eagle,604,3,60,3,1,0.7
6824,6182,yol feather,1957,3,93,1,7,1
6825,6263,magna roader,1712,3,378,1,1,1
6828,6266,Mark XLIII mini cannon,405,3,165,1,1,1
6829,6267,Number XXIV,1794,3,406,1,1,3
6830,6268,Inferno,1754,3,388,1,1,0.9
6831,6269,12th Legion packer,2004,3,164,2,1,1.8
6832,6270,12th Legion death claw,331,3,114,1,1,1
6833,5984,Okina,1939,3,296,2,2,2
6834,5985,Gamma,1940,3,1,5,2,7
6835,5986,Orghana,1997,3,343,3,1,2.8
6836,5987,Udumbara,1936,3,70,3,2,1.7
6837,5988,Bone Crawler,1938,3,183,5,2,3.1
6838,5989,Salt and Light,1937,3,260,1,3,5
6839,5990,Orcus,1989,3,383,1,2,2.2
6840,5991,Erle,1990,3,11,3,2,4
6841,5992,Vochstein,1993,3,236,1,6,2
6842,5993,Aqrabuamelu,1680,3,1,6,1,3
6843,5994,Mahisha,1473,3,58,6,1,1.2
6844,5995,Luminare,1994,3,417,1,2,1.8
6845,5996,Funa Yurei,1761,3,380,2,1,1
6846,5997,Oni Yumemi,1941,3,336,1,4,1.4
6847,5998,Gajasura,2053,2,1009,14,2,1.7
6848,5999,Angada,1439,3,238,2,1,1.8
6849,6000,Girimekhala,1992,3,246,1,2,1.7
6850,6001,Sum,1991,3,39,5,2,2
6851,6002,Gauki Strongblade,1699,2,1028,1,1,2.4
6852,6003,Guhuo Niao,1973,3,359,1,3,0.7
6853,6004,Deidar,1821,3,55,4,1,2.5
6854,6005,Gyorai Quickstrike,1793,3,405,1,1,3
6855,6006,Kurma,1718,3,384,1,1,2
6856,6007,Aswang,1338,3,64,7,1,1.6
6857,6008,Shadow-dweller Yamini,1740,2,1029,1,1,2
6858,6009,Ouzelum,1720,3,386,1,1,1.9
6859,6010,Gwas-y-neidr,1364,3,306,1,1,1.2
6860,6011,Buccaboo,1767,3,58,7,1,1.3
6861,6012,Manes,1711,3,377,1,1,1.1
6862,6013,Kiwa,1709,3,215,3,1,1.5
6863,6674,summoning circle,541,4,4084,0,1,2
6873,6352,Lilith,1878,2,1026,1,2,2.4
6874,6049,geomantic bond,476,3,9994,1,1,1
6875,6050,evil spirit,602,3,182,1,2,1.2
6876,6051,angry spirit,1714,3,380,1,1,0.6
6877,5645,Fury of the Golden Fox,1761,3,380,2,1,1
6878,6045,fleeting spirit,265,3,80,1,2,2
6881,6672,Fear Gorta,1599,3,334,1,2,3.8
6883,1854,dead man's moan,17,2,1015,1,1,1.5
6885,108,,476,3,9994,1,1,1
6886,6346,shadow sprite,1006,3,153,1,7,1
6889,6662,Origins of Thunder,389,3,156,1,1,1
6890,6658,summoning circle,541,4,4084,0,1,1
6891,6659,blizzard sprite,382,3,153,1,2,1
6892,6660,summoned golem,81,3,21,1,1,1.2
6893,1501,glowing grimoire,541,4,4084,0,1,2
6894,108,,789,3,156,1,20,3
6895,4865,Mhachi ghost,1575,3,352,1,2,1.5
6896,4866,Mhachi bhoot,602,3,182,1,2,1.8
6897,4869,parthenope,1577,3,352,3,1,2
6898,6391,thunderhead,1572,3,273,1,5,1
6902,5972,12th Legion predator,1669,3,366,1,1,1
6903,6221,Susano,1674,3,372,1,1,1
6904,6221,Susano,2012,3,429,1,1,8
6905,108,,480,0,0,0,1,1
6906,6671,voidfire,783,3,156,1,14,1
6907,6071,Lugat,1761,3,380,2,1,1.5
6908,6072,the Governor,1711,3,377,1,1,1.75
6909,6073,the Groveller,1711,3,377,1,1,0.75
6910,6074,Lorelei,1716,3,382,1,1,1.4
6911,6058,banshee,1714,3,380,1,1,0.6
6912,6059,reflection of Karlabos,824,3,215,2,1,1.6
6913,6060,craklaw,1719,3,385,1,1,0.9
6914,6061,ancient ymir,1507,3,336,1,1,0.8
6915,6062,albatros,43,3,7,1,5,1.5
6916,6063,sea monk,1418,3,314,1,1,1.3
6917,6064,skinless deckhand,17,2,1015,1,1,1.5
6918,6065,skinless skipper,17,2,1015,1,1,3
6919,6066,rotting captive,548,1,0,1,1,1.5
6920,6067,warden's hound,162,3,41,2,1,2.5
6921,6068,undead warden,1624,1,901,1,1,2
6922,6058,banshee,1714,3,380,1,1,0.5
6923,6069,fleshless captive,1504,3,334,1,1,3
6924,6237,Amikiri,1709,3,215,3,1,1.8
6925,6238,Kamikiri,824,3,215,2,1,1
6926,6241,Ruby Princess,1889,3,422,1,1,0.8
6927,6243,Shisui Yohi,1798,3,277,2,1,0.7
6928,6244,Naishi-no-Kami,1271,3,282,2,1,1
6929,6246,churn,1959,3,271,1,24,1
6930,5789,tail,1926,3,426,1,1,1.3
6931,6275,cocoon,2007,3,179,1,3,3
6932,6272,ginryu,1891,3,359,2,1,0.5
6933,6279,（仮）鎖,2054,3,273,1,8,1
6934,6278,icicle,764,3,204,1,1,2.5
6935,6277,eye of the storm,1453,3,272,1,5,1
6936,6087,dojun-maru,1922,5,0,0,1,10
6937,5641,left wing,1977,3,272,1,10,10
6938,5642,right wing,1977,3,272,1,10,10
6939,6226,violet coralshell,1814,3,38,2,1,1
6940,6227,hatsugyo,356,3,134,1,1,1
6941,6228,hikagiri,572,3,173,1,3,1.2
6942,6229,ango,1951,3,209,1,2,1.4
6943,6384,buried monkfish,741,3,209,1,1,1.2
6944,6230,mutsu,268,3,82,1,1,2
6949,6233,violet tatsunoko,1682,3,234,4,1,0.7
6950,6234,blue unkiu,1719,3,385,1,1,2
6951,6235,violet shark,1231,3,282,1,1,1
6952,6236,bald kraken,1418,3,314,1,1,1
6953,6335,violet bombfish,1683,3,26,2,1,3
6954,6239,Amikiri leg,1916,5,0,0,1,1
6956,5575,Gosetsu Everfall,1802,1,901,1,1,1
6970,5576,Grynewaht,1823,1,901,1,1,1
6971,5562,armored weapon,1679,3,1,5,1,4.5
6975,6336,stellar chuluu,2055,3,343,2,2,1
6976,6336,stellar chuluu,2055,3,343,2,2,1
6982,6566,Demi-Bahamut,1930,3,7102,1,1,0.3
6986,5973,Mark XLIII artillery cannon,405,3,165,1,1,1
6991,4385,brightsphere,1246,3,271,1,1,1
6992,6310,godssphere,1506,3,271,1,17,2
6994,1420,tainted wind sprite,1685,3,272,1,6,1
6995,6119,coeurl sruti,1815,3,17,6,1,2
6996,6120,coeurl smriti,1816,3,17,6,2,2
6997,6118,Arbuda,1753,3,264,2,1,2
6998,6117,Ivon Coeurlfist,1757,3,390,1,1,2.5
6999,6116,twister,1685,3,272,1,6,1
7000,6115,Head of the Coeurl,1934,3,253,2,1,3
7001,6665,spirit orb,1198,3,271,1,4,0.5
7003,6185,wall of Bardam,1935,3,343,2,1,1
7004,6186,canyon dzo,1684,3,171,2,1,1.5
7005,6187,greater gulo gulo,1948,3,176,3,3,1
7006,6188,halgai shoot,1950,3,81,1,3,2
7007,6189,khun gurvel,1293,3,42,5,1,0.8
7008,6293,silver fox,985,3,247,1,1,1.5
7009,6190,mettling dhara,1819,3,49,5,1,0.8
7010,6191,steppe eagle,604,3,60,3,1,0.7
7011,6192,Eastern buzzard,39,3,7,1,1,1
7012,6193,iron sphere,1443,3,318,1,1,1
7013,6297,Tendo the Mirrored,1844,3,415,1,2,1
7014,6194,mettling matamata,1718,3,384,1,1,1.8
7015,6195,holly blue,1314,3,265,1,3,1
7016,6196,khun shavar,1806,3,408,1,1,2.6
7018,4392,Obsidian Carbuncle,414,3,7002,1,6,1
7022,6103,12th Legion predator,1669,3,366,1,1,1
7037,6104,Fordola rem Lupis,2028,1,401,1,1,1.1
7038,6108,Mark XLIII artillery cannon,1235,3,12,3,1,1
7039,6372,turned knight,676,3,156,1,12,1
7040,6140,temple mossling,1901,3,289,2,1,1
7041,6138,temple coeurl,65,3,17,1,1,1.2
7042,6139,temple pup,69,3,17,2,1,0.8
7043,6136,bloodglider monk,1907,3,195,1,3,0.8
7044,6137,carmine wamouracampa,645,3,194,1,1,0.8
7045,6134,moss wall,480,0,0,0,1,1
7046,6135,moss barrier,480,0,0,0,1,1
7047,6132,singha,1847,3,416,1,1,1.2
7048,6131,singha cub,1847,3,416,1,1,0.8
7049,6130,dancing bear,1850,3,176,1,4,1
7050,6129,temple doblyn,177,3,45,1,2,0.7
7051,6127,Gyr Abanian zu,604,3,60,3,1,0.8
7052,6128,Gyr Abanian vulture,40,3,7,1,2,1.5
7053,6125,the Way of the Blade,2025,3,338,3,1,1.2
7054,6124,the Way of the Lance,2026,3,338,3,1,1.2
7055,6123,the Way of the Fist,1900,3,338,3,1,1.2
7056,6122,coeurl prana,1998,3,17,1,5,1.5
7057,6121,spirit flame,787,3,156,1,18,1
7058,3920,logos,121,3,29,1,1,3
7059,3921,speedreader,171,3,43,1,5,1.5
7060,3922,skatene,904,3,225,1,1,1
7061,3913,sentient tome,877,3,197,2,1,1
7062,3912,sentient inkhorn,1240,3,279,1,1,1.5
7064,6668,the Lasting Manuscript,925,3,227,1,1,0.5
7065,3930,the Everliving Bibliotaph,925,3,227,1,1,1.5
7066,6351,Estinien Wyrmblood,480,0,0,0,1,1
7067,6222,dark levin,389,3,156,1,1,1
7068,6221,Susano,1674,3,372,1,1,1
7069,6221,Susano,2012,3,429,1,1,8
7070,6508,flabbergasted farmwife,480,0,0,0,1,1
7071,6222,dark levin,389,3,156,1,1,1
7072,6223,thunderhead,1572,3,273,1,5,3
7073,6221,Susano,480,0,0,0,1,1
7074,108,,1965,3,272,1,9,1
7075,4420,voidsphere,511,3,156,1,5,1
7076,6037,magitek scorpion,1808,3,410,1,1,1.5
7077,108,,1964,3,272,1,8,1
7078,6038,Aulus mal Asina,1864,3,419,1,1,0.7
7079,6389,prototype bit,1236,3,12,1,5,1
7080,6389,prototype bit,1235,3,12,3,1,1
7081,6390,prototype death claw,331,3,114,1,1,2
7082,6039,Zenos yae Galvus,1969,3,403,1,4,1.2
7083,6039,Zenos yae Galvus,1970,3,403,1,5,1.2
7084,6041,the Swell,1913,3,326,3,1,3
7085,6042,the Storm,1914,3,326,3,2,3
7086,6040,Ame-no-Habakiri,1915,3,326,4,1,3
7095,6343,bloodfire,1200,3,271,1,6,1
7096,6248,12th Legion avenger,1818,3,183,6,1,1.2
7097,6249,12th Legion vanguard,213,3,56,1,1,1.5
7102,6254,12th Legion canis pugnax,1732,3,8,2,1,0.8
7103,6255,12th Legion bit,55,3,12,1,1,1
7105,6258,12th Legion roader,1890,3,378,1,2,0.6
7106,6259,12th Legion armored weapon,1679,3,1,5,1,2
7107,6260,12th Legion rearguard,1496,3,56,3,1,1.2
7108,6261,12th Legion slasher,1654,3,148,4,1,0.6
7109,6262,12th Legion colossus,255,3,76,1,3,3.5
7110,6257,magitek pod,481,0,0,0,1,1
7111,5980,magitek turret II,1236,3,12,1,5,1
7112,6088,elite onmitsu,1910,3,404,2,1,2.5
7114,108,,1209,3,273,1,2,1
7115,5667,Io,1679,3,1,5,1,4.5
7116,6200,magitek rearguard,1496,3,56,3,1,2.5
7117,6200,magitek rearguard,480,0,0,0,1,1
7118,6202,rearguard mine,2003,3,12,1,7,1.5
7119,6201,rearguard bit,55,3,12,1,1,1.5
7120,6203,magitek hexadrone,1404,3,276,1,1,0.8
7121,6203,magitek hexadrone,480,0,0,0,1,1
7122,6204,hexadrone bit,1974,3,12,1,6,1.5
7123,6204,hexadrone bit,480,0,0,0,1,1
7124,6205,Hypertuned Grynewaht,1917,1,901,1,1,1.2
7125,6205,Hypertuned Grynewaht,480,0,0,0,1,1
7126,6206,retuned magitek bit,1974,3,12,1,6,1.5
7127,6206,retuned magitek bit,480,0,0,0,1,1
7128,6207,magitek chakram,1909,3,315,2,1,1
7132,6210,Doman slasher,1654,3,148,4,1,0.7
7133,6211,Doman colossus,253,3,76,1,1,2.5
7134,6212,Doman gunship,930,3,230,1,1,0.75
7135,6213,Doman sky armor,1366,3,308,1,1,1
7136,6214,Doman vanguard,213,3,56,1,1,2.5
7137,6215,Doman canis pugnax,1732,3,8,2,1,1
7138,6216,Mark XLIII field cannon,1984,3,428,1,1,2
7143,6220,Doman armored weapon,1679,3,1,5,1,4.5
7145,5764,vanara,1439,3,238,2,1,1
7146,6113,Adjunct Ostyrgrein,2019,1,901,1,1,1
7147,6113,Adjunct Ostyrgrein,480,0,0,0,1,1
7151,6111,Musosai,480,0,0,0,1,1
7152,6111,Musosai,681,3,9995,1,7,1
7153,6710,violent wind,1197,3,271,1,3,1
7155,6095,Shiden Skyscream,480,0,0,0,1,1
7161,6096,"Ugetsu, Slayer of a Thousand Souls",480,0,0,0,1,1
7177,8395,Sophrosyne,480,0,0,0,1,1
7178,6183,right wing,1921,5,0,0,1,1
7179,6184,left wing,1921,5,0,0,1,1
7189,6334,nascent flash,1200,3,271,1,6,0.5
7193,6323,Chaghan mammoth,984,3,246,1,1,1
7196,6326,the Will of Karash,1623,3,271,1,21,1.05
7197,108,,1448,3,321,1,1,1
7198,108,,783,3,156,1,14,1.2
7199,6667,salvaged slasher,1654,3,148,4,1,0.7
7200,6224,ama-no-iwato,1932,3,72,1,5,1
7201,6224,ama-no-iwato,1932,3,72,1,5,1
7205,6732,moist Namazu,1793,3,405,1,1,1
7206,5799,giant grizzly,1850,3,176,1,4,1.5
7207,5800,isonade,356,3,134,1,1,1
7208,5801,mother hornbill,41,3,7,1,3,1.5
7209,5802,pescatarian,1439,3,238,2,1,1
7210,5806,Matanga mugger,2052,2,1009,14,1,1.5
7211,5807,Gyr Abanian mud slug,50,3,10,1,1,2
7212,5808,gold dust dhara,1819,3,49,5,1,1.5
7213,5809,antlion ambusher,1717,3,383,1,1,1.5
7214,5810,aether-starved shuck,162,3,41,2,1,1
7215,5811,aether-starved ahriman,168,3,43,1,2,1.5
7216,5812,aether-starved soulflayer,71,3,18,1,1,1
7225,5816,Illuminati vangob,673,3,56,2,1,1.5
7226,5819,thrall to pain,188,3,49,2,1,1.2
7227,5216,Demon of the Tome,1609,3,143,3,1,1
7228,1402,Ifrit-Egi,415,3,7003,1,1,0.4
7229,1402,Ifrit-Egi,415,3,7003,1,1,1
7230,1403,Titan-Egi,416,3,7004,1,1,1
7231,3825,clockwork hunter,1283,1,101,1,1,2.5
7232,5822,fractured mana idol,1451,3,247,2,1,1.5
7233,5823,blackened headstone,1908,3,339,1,2,1.25
7234,5824,wood golem,1759,3,392,1,1,1.9
7235,5825,grand aevis,782,3,150,1,2,1.25
7236,5826,Guardian of the Red Gate,1949,3,392,1,2,1.9
7239,6360,magitek avenger E1,661,3,21,1,8,1
7240,5975,Hakuro Whitefang,1812,2,1030,1,1,2
7241,5976,Ferae Domitae spear-wolf,1812,2,1030,1,1,1.6
7242,5977,Ferae Domitae bow-wolf,1812,2,1030,1,1,1.6
7244,4392,Obsidian Carbuncle,414,3,7002,1,6,1
7245,6565,Earthly Star,2023,3,7103,1,1,1
7247,108,,480,0,0,0,1,1
7248,6700,Sephirot-Egi,1430,3,7007,1,1,1.5
7249,6701,Sephirot Binah,1430,3,7007,1,1,0.75
7252,6694,Principia,877,3,197,2,1,0.4
7257,108,,480,0,0,0,1,1
7258,5979,Whitefang,1001,3,253,1,1,1.5
7259,5979,Whitefang,1001,3,253,1,1,1.5
7263,5240,Warrior of Darkness,476,3,9994,1,1,1
7264,6301,deepblack rune,1201,3,271,1,7,1
7265,6302,dark sprite,1006,3,153,1,7,1
7267,6306,impenetrable veil,1862,3,272,1,7,2
7276,5244,Magus of Darkness,1653,1,501,1,1,1
7291,4392,Obsidian Carbuncle,414,3,7002,1,6,1
7294,3204,Phoenix,1710,3,118,3,1,1.75
7295,5649,gemstone golem,1872,3,42,5,3,1.1
7296,6306,impenetrable veil,476,3,9994,1,1,1
7297,6661,gemstone golem,661,3,21,1,8,2
7298,6656,crimson shard,666,3,106,1,2,2.6
7299,6273,hakkinryu,1985,3,359,2,2,1
7300,6225,Ame-no-Murakumo,1976,5,0,0,1,1
7301,6225,Ame-no-Murakumo,1976,5,0,0,1,1
7302,6276,massive cocoon,2008,3,179,1,4,6
7303,6245,naishi-no-jo,1231,3,282,1,1,0.5
7304,6706,elder demiwyvern,226,3,60,2,1,1.1
7305,5631,Catastrophe,1755,3,389,1,1,0.8
7306,5632,fleshy member,1925,3,425,1,1,1
7307,6711,potent petrosphere,1962,3,271,1,27,1
7308,6712,petrosphere,1963,3,271,1,28,1
7309,6897,salt swallow,480,0,0,0,1,1
7310,6385,Lakshmi,1675,3,373,1,1,1
7311,6690,vril,1960,3,271,1,25,1
7312,6386,dreaming kshatriya,1740,2,1029,1,1,1
7313,5904,vilekin swarm,1740,2,1029,1,1,1
7314,6388,dreaming brahmin,1740,2,1029,1,1,1
7315,6387,dreaming shudra,1740,2,1029,1,1,1
7316,5904,vilekin swarm,480,0,0,0,1,1
7317,6705,off-center summoner,480,0,0,0,1,1
7318,6705,off-center summoner,480,0,0,0,1,1
7319,6707,demiwyvern,858,3,60,1,4,0.8
7321,4392,Obsidian Carbuncle,414,3,7002,1,6,1
7322,5239,Alisaie,1652,1,604,1,1,0.97
7332,5954,Zenos yae Galvus,1873,3,403,2,1,1.15
7333,5955,Ferae Domitae blade-wolf,1812,2,1030,1,1,1
7334,5956,Ferae Domitae spear-wolf,1812,2,1030,1,1,1
7335,5957,Ferae Domitae bow-wolf,1812,2,1030,1,1,1
7340,108,,789,3,156,1,20,2
7343,6345,fallen Kuribu,1986,3,285,2,2,2.7
7344,4759,clay effigy,1293,3,42,5,1,1
7345,4760,mana idol,1451,3,247,2,1,1.5
7346,4761,mana pot,1449,3,322,1,1,1
7347,4762,light sprite,1452,3,153,1,8,1
7348,6346,shadow sprite,1006,3,153,1,7,1
7349,6408,Crocoroid,1509,3,39,6,1,2.5
7353,6694,Principia,877,3,197,2,1,0.4
7354,6695,summoning node,316,3,105,1,1,1.6
7355,5682,burrow antlion,1717,3,383,1,1,1.3
7356,5947,12th Legion laquearius,1717,3,383,1,1,1.3
7362,6407,revenant grizzly,1850,3,176,1,4,2.2
7363,6683,Beroald the Last Standing,602,3,182,1,2,2.5
7364,6413,Kirnis,1301,2,1009,10,1,2.8
7365,6414,Ankabut,1542,3,187,2,2,3
7366,6415,aggressor antlion,1717,3,383,1,1,1.7
7367,6416,keratyrannos,948,3,235,1,1,1.7
7368,6418,rampaging marid,1869,3,246,3,1,2.3
7369,6422,Berda,1852,3,236,1,5,2
7370,6424,Jateryu,1720,3,386,1,1,2.3
7373,6420,Vira beastmaid,1740,2,1029,1,1,1
7374,6427,Mimiroon Leafgrinder,1740,2,1029,1,1,1
7375,5965,Resistance fighter,1740,2,1029,1,1,1
7376,6425,Sunmaid Drisana,1740,2,1029,1,1,1.8
7377,6696,summoned minotaur,1041,3,58,3,1,1
7378,5919,sprawling chaochu,1772,3,397,1,1,0.8
7379,5742,gasame,1733,3,38,1,4,1.6
7380,5757,rhino beetle,1945,3,290,1,2,2
7381,6697,aetherochemical explosive,1207,3,272,1,3,1
7382,6698,FX1975,1100,2,1021,2,1,1.5
7383,108,,480,0,0,0,1,1
7384,6699,FX1979,822,3,70,2,1,1.25
7386,5962,the Swell,1913,3,326,3,1,3
7387,5963,the Storm,1914,3,326,3,2,3
7388,6347,Faunehm,977,3,245,1,1,1.8
7389,6347,Faunehm,977,3,245,1,1,1.8
7391,6348,Orn Khai,1524,3,239,1,4,0.9
7392,108,,480,0,0,0,1,1
7393,541,striking dummy,2449,0,0,0,1,1
7394,541,striking dummy,2060,3,332,2,1,1
7395,108,,1010,3,256,1,1,1
7396,5633,Halicarnassus,1799,3,74,2,1,3
7397,5634,soul reaper,1619,3,352,4,1,2
7398,5635,ancient tome,2015,3,358,2,1,1
7399,5626,white flame,1958,3,153,1,9,1
7400,6724,great dragon,1928,3,63,1,9,1.2
7401,6056,apanda,1631,3,183,4,2,1.5
7402,5636,iron giant,1903,3,76,1,5,2.5
7404,5633,Halicarnassus,480,0,0,0,1,1
7405,6379,lightless flame,848,3,220,1,1,1
7406,5954,Zenos yae Galvus,480,0,0,0,1,1
7407,5664,Camazotz,653,3,64,2,1,1.5
7408,2096,planar fissure,536,4,4012,0,1,2.2
7412,5663,Gatty Deepwood,480,0,0,0,1,1
7413,6385,Lakshmi,2013,3,430,1,1,30
7414,6261,12th Legion slasher,1654,3,148,4,1,0.6
7415,6392,Ixion,1805,3,407,1,1,1
7416,6393,glimpse,1987,3,407,1,2,0.8
7417,2096,planar fissure,535,4,4007,0,1,1
7418,6020,aether-starved arch demon,1094,3,172,1,4,1.5
7419,6016,aether-starved hecteyes,690,3,55,2,1,1.5
7420,6394,elemental spark,384,3,153,1,4,2
7421,6395,Ixion,480,0,0,0,1,1
7422,6290,Tamamo Gozen,1877,3,71,3,1,1.9
7423,6290,Tamamo Gozen,1877,3,71,3,1,1.3
7425,6294,gold fox,2081,3,443,1,1,1
7426,2343,abyssal lance,619,3,9994,2,1,1
7427,8395,Sophrosyne,480,0,0,0,1,1
7428,6453,Lethal Weapon,1679,3,1,5,1,10
7429,6349,the Left Wing of Tragedy,1178,5,0,0,1,1
7430,6350,the Right Wing of Injury,1178,5,0,0,1,1
7435,5671,leshy,1853,3,377,3,1,1.4
7436,5678,Velodyna pugil,356,3,134,1,1,1.3
7437,5672,lesser gagana,1720,3,386,1,1,1.5
7438,5673,dust dhara,1849,3,49,5,2,1
7439,5674,foper,1906,3,88,7,2,2
7440,5675,sapria,655,3,5,2,1,1
7441,5676,gazelle hawk,1381,3,11,2,2,1.6
7442,5677,spinner,1542,3,187,2,2,1.2
7443,5679,gelid bhoot,602,3,182,1,2,1.6
7444,5680,Velodyna sarcosuchus,1509,3,39,6,1,1.6
7445,5698,dust anila,1923,3,423,1,1,1.3
7446,5699,Qiqirn meateater,1726,2,1012,5,1,1.2
7447,5700,chapuli,1807,3,409,1,1,2.5
7448,5701,bloodglider,1907,3,195,1,3,1.4
7449,5702,fluturini,1314,3,265,1,3,0.6
7450,5703,Gyr Abanian hornbill,1973,3,359,1,3,0.5
7451,113,earth sprite,386,3,153,2,1,1
7452,115,wind sprite,383,3,153,1,3,1
7453,56,water sprite,385,3,153,1,5,1
7454,6044,pleading Hingan,384,3,153,1,4,1
7455,6052,Exdeath,326,3,109,1,1,3.8
7456,6052,Exdeath,1888,3,421,1,1,1.3
7457,6053,deathly vine,2018,3,205,8,1,0.35
7458,6054,black hole,1967,3,273,1,7,1
7459,6055,Neo Exdeath,1863,3,418,1,1,1.5
7460,6055,Neo Exdeath,1863,3,418,1,1,1.5
7461,4815,arcane sphere,769,3,213,1,1,1
7462,6055,Neo Exdeath,480,0,0,0,1,1
7463,6385,Lakshmi,476,3,9994,1,1,1
7464,67,sylpheed screech,407,3,7001,1,1,1
7469,108,,480,0,0,0,1,1
7470,6689,binding,1010,3,256,1,1,1
7471,5655,12th Legion slasher,1654,3,148,4,1,0.7
7481,108,,480,0,0,0,1,1
7482,108,,480,0,0,0,1,1
7483,108,,480,0,0,0,1,1
7484,108,,480,0,0,0,1,1
7485,108,,480,0,0,0,1,1
7486,5850,pit wolf,163,3,41,3,1,1.5
7487,5851,tamed torama,67,3,17,1,3,2
7488,5853,Serpent of the Ruby Sea,1682,3,234,4,1,1.5
7491,5856,longneck gagana,1720,3,386,1,1,1.7
7492,3102,Ixali strongbeak,4,2,1002,1,1,1.2
7493,104,Ixali swiftbeak,4,2,1002,1,1,1.2
7495,5860,desperate mongrel,160,3,41,1,2,1.2
7500,3107,Mamool Ja bounder,10,2,1008,1,1,1
7501,5865,Mamool Ja raider,10,2,1008,1,1,1
7502,3107,Mamool Ja bounder,10,2,1008,1,1,1
7503,5865,Mamool Ja raider,10,2,1008,1,1,1
7504,5866,overridden slasher,1654,3,148,4,1,1
7505,5866,overridden slasher,1654,3,148,4,1,1
7506,5867,greatest morbol,145,3,37,1,1,1.5
7507,5868,gorged spinner,1371,3,187,2,1,1.5
7508,5869,ominous onibi,381,3,153,1,1,1
7509,5838,wanting gulo gulo,1948,3,176,3,3,1
7510,5871,warthog,45,3,8,1,2,1.2
7511,5777,halgai,1950,3,81,1,3,3
7513,5873,grey pantera,913,3,177,2,1,1
7514,5934,Qiqirn meatgnasher,1726,2,1012,5,1,1
7515,5874,mossified mossling,1901,3,289,2,1,1
7516,5875,plague wamouracampa,645,3,194,1,1,1
7517,5800,isonade,356,3,134,1,1,1
7518,5876,mindless tenaga,1759,3,392,1,1,1.2
7519,5805,aggravated anala,1737,3,352,5,1,1.2
7520,5878,blathering buzzfly,1851,3,198,1,2,1
7521,5806,Matanga mugger,2052,2,1009,14,1,1
7523,5882,troveshell of the Red,1699,2,1028,1,1,1.3
7524,5883,Lupin looter,1812,2,1030,1,1,1.2
7525,5883,Lupin looter,1812,2,1030,1,1,1.2
7526,5884,thirsting taoquan,162,3,41,2,1,1
7527,5885,uncontrollable koja,1821,3,55,4,1,1.2
7528,3930,the Everliving Bibliotaph,480,0,0,0,1,1
7529,5886,gaunt gedan,160,3,41,1,2,1.2
7530,5888,robber rat,26,3,2,2,2,2
7531,5889,soaring shark,1231,3,282,1,1,1.5
7532,5890,tetchy tatsunoko,1682,3,234,4,1,0.7
7533,5891,purple morpho,1314,3,265,1,3,0.7
7534,5892,guardian beast,1293,3,42,5,1,0.8
7537,5896,somnambulant bhoot,602,3,182,1,2,1.6
7539,5901,stampeding rhino beetle,1945,3,290,1,2,1.2
7540,5902,penghou,35,3,5,1,2,1.5
7541,5903,ruffled hornbill,1944,3,359,1,2,0.5
7542,5904,vilekin swarm,59,3,14,1,2,1
7543,5905,circling bi fang,953,3,118,2,1,1
7544,5906,Nhaama anala,1737,3,352,5,1,1.2
7545,5907,alpha gazelle,927,3,47,3,1,1.5
7546,5909,ancient matamata,1718,3,384,1,1,2
7549,5910,raw-boned teleoceras,948,3,235,1,1,1
7550,5911,raw-boned minotaur,1473,3,58,6,1,0.7
7551,5912,hard-whiskered Namazu,1793,3,405,1,1,1
7552,5877,meandering manzasiri,1904,3,54,5,3,1
7554,6736,imperial predator,1669,3,366,1,1,1
7555,5830,Qiqirn meatgnasher,1726,2,1012,5,1,1.5
7557,5833,spaeshell of the Red,1699,2,1028,1,1,1.3
7558,5832,sharpshell of the Red,1699,2,1028,1,1,1.3
7559,5834,softshell of the Red,1699,2,1028,1,1,1.3
7560,5835,tiny caterpillar,1489,3,219,1,3,0.5
7562,5838,wanting gulo gulo,1948,3,176,3,3,1
7563,5804,railing manzasiri,1904,3,54,5,3,1
7568,5847,imperial rearguard,1496,3,56,3,1,1.5
7569,5848,imperial hexadrone,1404,3,276,1,1,1
7570,108,,480,0,0,0,1,1
7576,6028,12th Legion roader,1890,3,378,1,2,0.6
7577,6029,12th Legion predator,1669,3,366,1,1,1
7578,6030,12th Legion canis pugnax,1732,3,8,2,1,0.8
7579,6031,12th Legion avenger,1818,3,183,6,1,1.2
7580,6032,12th Legion rearguard,1496,3,56,3,1,2
7581,6033,12th Legion hexadrone,1404,3,276,1,1,0.8
7582,6034,12th Legion slasher,1654,3,148,4,1,0.7
7583,6035,12th Legion colossus,254,3,76,1,2,3.5
7584,6035,12th Legion colossus,255,3,76,1,3,3.5
7585,6036,magitek laserfield,476,3,9994,1,1,1.5
7586,6737,Forlorn maiden,1988,3,417,1,3,0.5
7587,6738,the Forlorn,1988,3,417,1,3,1
7589,6735,Vira beadmaid,1740,2,1029,1,1,1
7590,6471,Nure-onna,1905,3,65,2,3,2.3
7591,6472,Forevermore,1944,3,359,1,2,1
7592,6474,Mishirushi,1719,3,385,1,1,2
7593,6475,Agni,1737,3,352,5,1,2.3
7594,6480,Yahiro,1231,3,282,1,1,1.8
7595,6482,Amahire the Redmost,1699,2,1028,1,1,2.3
7596,6492,Sogenbi,1714,3,380,1,1,0.8
7597,6497,daimyo yumemi,1507,3,336,1,1,2.2
7598,6455,abandoned bit,55,3,12,1,1,1.5
7599,6454,abandoned slasher,1654,3,148,4,1,0.7
7600,5644,Kinko Kugane,2014,3,71,4,1,1
7601,6050,evil spirit,602,3,182,1,2,1.2
7602,6051,angry spirit,1714,3,380,1,1,0.6
7603,5645,Fury of the Golden Fox,1761,3,380,2,1,1
7604,6045,fleeting spirit,265,3,80,1,2,2
7613,5575,Gosetsu Everfall,1802,1,901,1,1,1
7618,6046,Wrath,511,3,156,1,5,1.5
7634,108,,414,3,7002,1,6,1
7639,108,,2029,3,168,1,10,1.08
7640,108,,1862,3,272,1,7,3
7643,6743,alpha ymir,1507,3,336,1,1,1
7644,6744,territorial ymir,1632,3,336,1,3,0.5
7645,6745,alpha griffin,1852,3,236,1,5,2
7646,6746,territorial gagana,1720,3,386,1,1,0.8
7647,6747,alpha vanara,1439,3,238,2,1,1.6
7648,6748,territorial gulo gulo,1948,3,176,3,3,0.5
7649,6749,alpha gazellehawk,1274,3,11,3,1,2.7
7650,6750,territorial gazellehawk,1381,3,11,2,2,1
7651,6751,alpha kiyofusa,1942,3,29,3,2,2.5
7652,6752,territorial koja,1821,3,55,4,1,1
7653,6753,alpha minotaur,1473,3,58,6,1,0.8
7654,6754,territorial pantera,913,3,177,2,1,0.8
7655,6755,territorial tiger,575,3,177,1,1,1.2
7656,6756,territorial gedan,160,3,41,1,2,1.2
7657,6757,territorial baras,1438,3,177,3,1,1.1
7658,6758,territorial yabby,1947,3,215,3,2,1
7659,6759,territorial chelone,2000,3,23,1,3,0.6
7660,6760,territorial crag claw,2058,3,215,2,4,1.2
7661,6761,territorial coralshell,1814,3,38,2,1,2
7662,6762,territorial rockfin,1231,3,282,1,1,1.5
7663,6763,territorial hippomaritimus,1682,3,234,4,1,1
7664,6764,territorial bombfish,1683,3,26,2,1,6
7665,6765,territorial chapuli,1807,3,409,1,1,3
7666,6766,territorial antlion,1717,3,383,1,1,1.6
7667,6767,territorial scarab beetle,1316,3,290,1,1,2.5
7668,6768,territorial fly,654,3,198,1,1,2.5
7669,6769,territorial bi fang,953,3,118,2,1,2
7670,6770,territorial muu shuwuu,2020,3,118,3,2,1.2
7671,6771,territorial hornbill,1944,3,359,1,2,0.5
7672,6772,territorial belladonna,1270,3,280,1,1,1.3
7673,6773,territorial fluturini,1314,3,265,1,3,1
7674,6774,territorial gazellehawk,1381,3,11,2,2,2
7675,6433,supernal chapuli,1807,3,409,1,1,3.7
7676,6434,Lumber Jack,1316,3,290,1,1,3.5
7677,6435,Etain,1314,3,265,1,3,1.1
7678,341,apkallu,1726,2,1012,5,1,1
7679,6438,Brutal Barber,2058,3,215,2,4,2.5
7680,6440,Crapaud,1908,3,339,1,2,2.5
7681,6441,Tindalos,913,3,177,2,1,1.8
7682,6443,Humbaba,1767,3,58,7,1,1.6
7683,6445,Ventus,1923,3,423,1,1,2.3
7684,6446,Neckbreaker,1852,3,236,1,5,2
7685,6447,Ignamoth,1907,3,195,1,3,2.3
7686,6449,Nenaunir,1943,3,262,1,2,2.3
7687,6450,Energetic Eruca,1083,3,219,1,2,2.5
7688,6503,Nu Wa,572,3,173,1,3,2.3
7689,6506,Fuchikari,1948,3,176,3,3,1.7
7690,5926,marbled chapuli,741,3,209,1,1,1.8
7691,6513,Songsi,1944,3,359,1,2,0.8
7692,6514,Apsaras,1867,3,417,2,1,1.3
7693,6515,Linquan,162,3,41,2,1,2.2
7694,6516,Dapeng,953,3,118,2,1,1.8
7695,6517,Kuebiko,1759,3,392,1,1,2.7
7696,6522,Ragoh,1821,3,55,4,1,3.4
7697,6523,Bian,575,3,177,1,1,2.1
7698,6524,Kidomaru,1813,3,29,3,1,5
7699,6047,Anguish,1200,3,271,1,6,1
7700,5633,Halicarnassus,1799,3,74,2,1,3
7701,5634,soul reaper,1619,3,352,4,1,2
7702,6724,great dragon,1928,3,63,1,9,1.2
7703,3293,aetherial tear,1208,3,273,1,1,2
7704,6048,Unrest,1007,3,156,1,26,1
7705,5644,Kinko Kugane,2014,3,71,4,1,1
7709,6366,battle torama,67,3,17,1,3,1.7
7710,108,,1010,3,256,1,1,1.7
7711,108,,2029,3,168,1,10,0.82
7712,6385,Lakshmi,1675,3,373,1,1,1
7713,6690,vril,1960,3,271,1,25,1
7714,6386,dreaming kshatriya,1740,2,1029,1,1,1
7715,6385,Lakshmi,2013,3,430,1,1,30
7716,108,,1862,3,272,1,7,5
7717,6473,Kuimu Lang,1931,3,41,1,6,2.5
7726,6715,Setoto,93,3,22,3,1,1
7728,4760,mana idol,1451,3,247,2,1,1.5
7729,5978,Moonstone Carbuncle,413,3,7002,1,5,1.5
7730,6716,manasnatcher,1767,3,58,7,1,0.9
7731,3257,lordstool,29,3,3,1,2,1.5
7732,3258,demonic rose,145,3,37,1,1,1.3
7733,3259,ruins wamoura,646,3,195,1,1,0.7
7734,3262,knotty treant,104,3,27,1,1,1
7735,3264,foxglove,49,3,9,1,2,5
7739,6057,Nero,542,1,501,1,1,1
7740,3374,Midgardsormr,2080,3,442,1,1,1
7741,5625,level checker,2040,3,9,2,2,2
7742,5625,level checker,2041,3,9,2,3,2
7743,5626,white flame,1958,3,153,1,9,1
7744,5627,Acheron,566,3,171,1,4,1
7745,6845,Old World zu,1928,3,63,1,9,1.4
7746,108,,1451,3,247,2,1,1.5
7747,6718,ball lightning,389,3,156,1,1,1
7748,108,,480,0,0,0,1,1
7749,6719,the Element of Surprise,480,0,0,0,1,1
7750,6530,Kirata,1438,3,177,3,1,1.8
7751,6531,Narantsetseg,1281,3,37,2,1,2
7752,6536,Sampati,233,3,64,1,1,3
7753,6538,Rudra,1904,3,54,5,3,1.8
7754,6539,Vochu,1772,3,397,1,1,1.3
7755,6542,Hatan,1851,3,198,1,2,2.8
7756,6545,Undsiig,1949,3,392,1,2,2.7
7757,6546,Tsaagan Mangas,1684,3,171,2,1,2
7758,6548,tribute to Gergei,1935,3,343,2,1,1.8
7759,6551,Gulo Khan,1948,3,176,3,3,1.7
7760,6552,Stinkskin,1718,3,384,1,1,2.4
7761,6553,Mahishasura,1992,3,246,1,2,3
7762,6555,Manikantha,65,3,17,1,1,2.7
7763,6549,tamed dzo,1684,3,171,2,1,0.8
7764,5777,halgai,1950,3,81,1,3,3.5
7765,6217,Doman reaper,1292,4,9406,0,1,1
7766,6499,Gyogun of the Most Bountiful Catch,1793,3,405,1,1,3
7767,5753,Lupin spearhand,1812,2,1030,1,1,1.6
7768,6500,Gaei Straightheart,1812,2,1030,1,1,1.6
7769,6495,Wakizashi the Hunterling,1699,2,1028,1,1,2.5
7770,5748,ruby hornbill,1944,3,359,1,2,0.5
7771,6593,canal hippomaritimus,1793,3,405,1,1,1
7772,251,Amalj'aa ranger,188,3,49,2,1,1.2
7773,5631,Catastrophe,1755,3,389,1,1,0.8
7774,6711,potent petrosphere,1962,3,271,1,27,1
7775,6712,petrosphere,1963,3,271,1,28,1
7795,6374,dragonfire,1623,3,271,1,21,1.65
7797,1501,glowing grimoire,532,4,3989,0,1,1
7798,108,,480,0,0,0,1,1
7799,6052,Exdeath,326,3,109,1,1,3.8
7800,6052,Exdeath,1888,3,421,1,1,1.3
7801,6053,deathly vine,2018,3,205,8,1,0.35
7802,6054,black hole,1967,3,273,1,7,1
7803,6566,Demi-Bahamut,1930,3,7102,1,1,0.3
7807,6357,12th Legion colossus,253,3,76,1,1,3
7808,6358,12th Legion vanguard,213,3,56,1,1,1.5
7809,6470,King Manfred the Dead,1745,3,334,1,3,3.8
7811,5721,soblyn,1929,3,45,1,5,2
7812,6359,12th Legion slasher,1654,3,148,4,1,0.7
7813,6281,Abalathian catoblepas,563,3,171,1,1,1.1
7815,6283,Nhaama mite,21,3,1,2,1,1.5
7816,6284,abandoned slasher,1654,3,148,4,1,1
7817,6285,abandoned bit,55,3,12,1,1,1
7818,6286,abandoned avenger,1818,3,183,6,1,1.5
7819,6287,shore jellyfish,280,3,84,2,1,1.5
7820,5792,Vira bowmaid,1740,2,1029,1,1,1
7821,5914,testy tatsunoko,1682,3,234,4,1,0.5
7822,5818,unbreakable urolith,1908,3,339,1,2,2.2
7824,5918,bloated yumemi,1507,3,336,1,1,1.5
7825,5920,kshatriya ambusher,1740,2,1029,1,1,1.2
7826,5921,shudra ambusher,1740,2,1029,1,1,1.2
7827,5922,brahmin ambusher,1740,2,1029,1,1,1.2
7828,5923,spitting spinner,1542,3,187,2,2,0.5
7829,5924,vulgar pantera,913,3,177,2,1,1
7830,5925,malfunctioning bit,55,3,12,1,1,1
7831,5926,marbled chapuli,1807,3,409,1,1,2.5
7832,5927,ignoble griffin,1852,3,236,1,5,1.2
7834,5929,matamata matron,1718,3,384,1,1,2.3
7835,5930,harvestman,76,3,19,1,2,1.2
7836,5931,mating scarab beetle,1316,3,290,1,1,1.5
7837,5932,mating kongamato,1364,3,306,1,1,0.7
7838,5933,kindly Qiqirn,1726,2,1012,5,1,1.2
7839,5934,Qiqirn meatgnasher,1726,2,1012,5,1,1.2
7840,5935,muud suud journeyman,1767,3,58,7,1,0.9
7842,5937,warmspring gasame,1733,3,38,1,4,1.6
7843,5939,reinforced kiyofusa,1813,3,29,3,1,2.5
7844,5940,desertmaker beetle,1945,3,290,1,2,2.5
7845,5942,broken bhoot,602,3,182,1,2,1.6
7846,5943,migrating crag claw,2058,3,215,2,4,1.4
7848,5944,lordless dhruva,1848,3,417,1,1,1
7849,5945,zu nestling,604,3,60,3,1,0.7
7855,108,,480,0,0,0,1,1
7856,6360,magitek avenger E1,1818,3,183,6,1,2.5
7857,6361,12th Legion vanguard,214,3,56,1,2,1.5
7858,6362,12th Legion gunship,930,3,230,1,1,1
7859,6363,magitek shield generator,999,3,251,1,1,1.4
7860,6657,sable shard,629,3,106,1,1,2
7865,5719,yabby,1947,3,215,3,2,1.2
7866,5723,abaddon,128,3,30,1,3,1.4
7867,4392,Obsidian Carbuncle,414,3,7002,1,6,1
7868,5954,Zenos yae Galvus,1971,3,403,2,4,1.15
7869,108,,2057,4,16157,0,1,1
7870,6567,Namazu stickywhisker,2021,3,405,1,4,1.8
7871,6568,Abharamu,1800,2,1009,13,1,1.8
7872,6569,canal mossling,1901,3,289,2,1,1
7873,6570,canal sheep,287,3,86,1,4,1.5
7874,6571,canal halgai,1950,3,81,1,3,3.5
7875,6572,canal fluturini,1314,3,265,1,3,0.7
7876,6573,canal matamata,1718,3,384,1,1,2
7877,6574,canal craklaw,1719,3,385,1,1,1.6
7878,6575,canal ruszor,1721,3,387,1,1,1.8
7879,6576,canal ray,1870,3,296,2,1,0.9
7880,6577,canal rockfin,1231,3,282,1,1,1.2
7881,6578,canal ogrebon,741,3,209,1,1,1.8
7882,6579,canal kongamato,1364,3,306,1,1,1.2
7883,6580,canal achamoth,1405,3,195,2,1,1.4
7884,6581,canal bloodglider,1907,3,195,1,3,1.4
7885,6582,canal fan,1528,3,340,1,1,1.5
7886,6583,canal dhruva,1848,3,417,1,1,1.5
7887,6584,canal cardian,1806,3,408,1,1,3.5
7888,6585,canal anala,1737,3,352,5,1,1.8
7889,6586,canal anila,1923,3,423,1,1,1.8
7890,6587,canal dhara,1819,3,49,5,1,1.5
7891,6588,canal apa,1867,3,417,2,1,1.3
7892,6589,canal soblyn,1929,3,45,1,5,3
7893,6590,canal phoebad,1771,3,396,1,1,0.8
7894,6591,canal chelone,2000,3,23,1,3,0.8
7895,6592,canal vepar,861,3,134,1,3,2.1
7896,6593,canal hippomaritimus,1682,3,234,4,1,0.8
7897,6594,canal bombfish,1683,3,26,2,1,3
7898,6595,canal coralshell,1814,3,38,2,1,1.5
7899,6596,canal monk,1418,3,314,1,1,1.5
7900,6597,canal marid,1427,3,246,2,1,1.2
7901,6598,canal sasquatch,735,3,183,3,1,1.3
7902,6599,canal dhalmel,1064,3,262,1,1,1.2
7903,6600,canal gagana,1720,3,386,1,1,1
7904,6601,canal chuluu,1935,3,343,2,1,1.6
7905,6602,canal urolith,1908,3,339,1,2,1.4
7906,6582,canal fan,1528,3,340,1,1,1.5
7907,6603,canal scorpion,1680,3,1,6,1,3
7908,6604,canal scorpling,1680,3,1,6,1,1.5
7909,6605,canal crab,1733,3,38,1,4,1.2
7910,6606,canal wraith,1504,3,334,1,1,3
7911,6607,canal keeper,1624,1,901,1,1,2
7912,6608,canal iron corse,1639,2,1009,11,1,1
7913,6609,canal arachne,1491,3,280,2,1,1.2
7914,6610,canal diremite,21,3,1,2,1,1.5
7915,6611,canal banemite,22,3,1,3,1,2
7916,6612,canal ogre,187,3,49,1,1,2.4
7917,6585,canal anala,1737,3,352,5,1,2.8
7918,6613,canal drake,179,3,46,1,1,2
7919,6614,canal bomb,100,3,26,1,1,3
7920,6615,canal mammoth,1992,3,246,1,2,1.8
7921,6616,canal yeti,767,3,54,5,1,1
7922,6617,canal commander,825,2,1009,9,1,2
7923,6618,canal grenade,864,3,26,1,5,3
7924,6619,canal koja,1821,3,55,4,1,4
7925,6620,canal banshee,1714,3,380,1,1,0.6
7926,6621,canal specter,2036,3,377,1,2,1.6
7927,6622,canal shuck,162,3,41,2,1,2
7928,6623,canal kiyofusa,1813,3,29,3,1,3
7929,6624,canal onmitsu,1792,3,404,1,1,4
7930,6625,canal hanya,1797,3,56,4,1,1.6
7931,6626,canal tengu,1868,3,285,7,1,1.6
7932,6627,canal pteranodon,1338,3,64,7,1,2.5
7933,6628,canal gowrow,1681,3,183,5,1,2.3
7934,6629,canal brachiosaur,1303,3,288,1,1,0.5
7935,6630,canal gallimimus,1073,3,24,1,3,1.6
7936,6631,canal treant,104,3,27,1,1,1.5
7937,6632,canal golem,1759,3,392,1,1,2.4
7938,6633,canal leshy,1853,3,377,3,1,1.8
7939,6634,canal roselet,48,3,9,1,1,3
7940,6635,canal muud suud,1767,3,58,7,1,1.2
7941,6636,canal minotaur,1473,3,58,6,1,1.2
7942,6637,canal Matanga,2052,2,1009,14,1,1.5
7943,6638,canal vanara,1439,3,238,2,1,1
7944,6639,canal purbol,1281,3,37,2,1,1.8
7945,6640,canal corpse flower,655,3,5,2,1,3
7946,6641,canal belladonna,1270,3,280,1,1,1.3
7947,6642,canal ochu,35,3,5,1,2,1.5
7948,6585,canal anala,1737,3,352,5,1,1.6
7949,6643,canal fire homunculus,381,3,153,1,1,2
7950,6644,canal vindthurs,189,3,49,2,2,1.2
7951,6645,canal ice homunculus,382,3,153,1,2,2
7952,6586,canal anila,1923,3,423,1,1,1.6
7953,6646,canal wind homunculus,383,3,153,1,3,2
7954,6647,canal conodont,572,3,173,1,3,1
7955,6648,canal lightning homunculus,384,3,153,1,4,2
7956,6649,canal flamebeast,1846,3,415,1,1,2.5
7957,6650,canal icebeast,1437,3,177,1,3,3
7958,6651,canal windbeast,1478,3,238,3,1,3
7959,6652,canal thunderbeast,1479,3,238,3,2,3
7960,6562,Saumanasa,1800,2,1009,13,1,1.8
7961,6563,Anjana,1800,2,1009,13,1,3.3
7965,6456,Frogamander,128,3,30,1,3,2.5
7966,6457,Boruta,1270,3,280,1,1,1.3
7967,6458,aroma leech,1056,3,181,1,2,4
7968,6459,Tall Mountain,1771,3,396,1,1,3
7969,6460,Kurrea,729,3,39,4,1,3
7970,6461,Karya,2006,3,377,3,2,2
7971,6462,Sisyphus,1293,3,42,5,1,1.5
7972,6463,Asterion,1473,3,58,6,1,1.3
7973,6464,Lalla Mira,1923,3,423,1,1,2.3
7974,6465,mixed-up soblyn,1929,3,45,1,5,4.5
7975,6466,the Loch Seld Monster,1947,3,215,3,2,2
7976,6468,Serra,861,3,134,1,3,3
7977,6469,Tellus,1819,3,49,5,1,2
7978,6734,royal morpho,1314,3,265,1,3,0.4
7979,6467,Chukwa,2000,3,23,1,3,1.7
7980,6727,specter guard,2036,3,377,1,2,0.9
7981,6427,Mimiroon Leafgrinder,1726,2,1012,5,1,2
7982,6430,Qiqirn prisoner,1726,2,1012,5,1,1.2
7983,6428,Mimiroon Bonecruncher,1726,2,1012,5,1,2
7984,6511,Tsurubebi,78,3,20,1,1,7
7985,6487,Jinrinki,1721,3,387,1,1,2.5
7986,5964,Arenvald,1699,2,1028,1,1,2.3
7987,6495,Wakizashi the Hunterling,1699,2,1028,1,1,2.3
7988,6491,Blue avenger,1699,2,1028,1,1,1.6
7996,6564,Dataqi sheep,286,3,86,1,3,1.5
7997,6564,Dataqi sheep,284,3,86,1,1,1.5
7998,6501,pack Lupin,1812,2,1030,1,1,1.6
7999,6501,pack Lupin,1812,2,1030,1,1,1.6
8000,6501,pack Lupin,1812,2,1030,1,1,1.6
8003,108,,480,0,0,0,1,1
8008,6095,Shiden Skyscream,2062,3,273,1,9,1
8009,6664,throwing spear,619,3,9994,2,1,1.25
8010,6663,star shard,629,3,106,1,1,2
8012,5632,fleshy member,1925,3,425,1,1,1
8013,6692,looming shadow,769,3,213,1,1,1
8014,6437,strong lockbox,2063,4,16685,0,1,1
8015,6498,fish basket,2064,4,16639,0,1,1
8016,541,striking dummy,2449,0,0,0,1,1
8017,3306,iron chain,1010,3,256,1,1,1
8019,4953,dark cloud,1572,3,273,1,5,3
8020,6395,Ixion,480,0,0,0,1,1
8021,108,,480,0,0,0,1,1
8022,6708,baldanders,1528,3,340,1,1,0.5
8023,5628,king behemoth,165,3,42,1,1,1.3
8024,108,,480,0,0,0,1,1
8025,108,,480,0,0,0,1,1
8026,5640,Shinryu,1893,3,376,2,1,1
8028,6529,shikigami koja,1821,3,55,4,1,4
8029,6723,growling gyuki,1721,3,387,1,1,1.8
8030,5923,spitting spinner,1542,3,187,2,2,0.5
8031,5846,imperial slasher,1654,3,148,4,1,1
8032,5845,imperial sky armor,1366,3,308,1,1,1
8033,5844,imperial canis pugnax,1732,3,8,2,1,1
8034,5898,hooked yumemi,1507,3,336,1,1,0.8
8035,5936,giant coralshell,1814,3,38,2,1,1.9
8037,5801,mother hornbill,41,3,7,1,3,1.5
8038,6285,abandoned bit,55,3,12,1,1,1
8039,5817,Illuminati glider,6,2,1004,1,1,1
8041,5832,sharpshell of the Red,1699,2,1028,1,1,1.6
8042,5833,spaeshell of the Red,1699,2,1028,1,1,1.6
8043,5834,softshell of the Red,1699,2,1028,1,1,1.6
8046,5852,strange statue,1847,3,416,1,1,1.2
8047,5829,Qiqirn meatcarrier,1726,2,1012,5,1,1.2
8051,6284,abandoned slasher,1654,3,148,4,1,1
8057,5967,Ananta battlemaid,1740,2,1029,1,1,1
8058,5871,warthog,2070,3,132,1,1,1.7
8059,6726,smoked soblyn,1929,3,45,1,5,2
8060,6742,mammoth calf,1992,3,246,1,2,0.9
8061,6465,mixed-up soblyn,488,4,2220,0,1,1
8062,12317,trick floor,480,0,0,0,1,1
8063,6858,Raven core,480,0,0,0,1,7
8064,6862,North Raven Tower,480,0,0,0,1,3
8065,541,striking dummy,2719,3,332,3,1,1
8067,6922,"Hashmal, Bringer of Order",2037,3,432,1,1,3
8068,3069,sand sphere,2091,3,273,1,10,2
8069,6923,pennantstone golem,83,3,21,1,3,1
8070,6950,command tower,2129,3,9994,1,1,7.3
8071,5789,tail,1926,3,426,1,1,1.3
8072,6275,cocoon,2007,3,179,1,3,3
8073,6272,ginryu,1891,3,359,2,1,0.5
8075,6278,icicle,764,3,204,1,1,2.5
8076,6277,eye of the storm,1453,3,272,1,5,1
8077,6271,the worm's heart,1922,5,0,0,1,10
8078,5641,left wing,1977,3,272,1,10,10
8079,5642,right wing,1977,3,272,1,10,10
8080,6273,hakkinryu,1985,3,359,2,2,1
8081,6276,massive cocoon,2008,3,179,1,4,6
8082,6856,reiryu,2009,3,253,1,3,2
8083,6869,Falcon viking,1431,2,1027,1,1,2
8084,6870,Raven viking,1431,2,1027,1,1,2
8085,6871,Falcon magus,1431,2,1027,1,1,2
8086,6872,Raven magus,1431,2,1027,1,1,2
8087,6925,Argath Thadalfus,2084,3,446,1,1,1
8088,6926,Heartless,2103,3,451,1,1,1
8090,6928,shard of emptiness,476,3,9994,1,1,1.6
8091,6929,"Mateus, the Corrupt",2038,3,433,1,1,2.5
8092,6930,ice azer,382,3,153,1,2,1.3
8093,6931,totema,2082,3,444,1,1,2
8094,6932,aqua bubble,390,3,156,1,2,1
8095,6933,aqua sphere,1202,3,271,1,8,1.8
8096,6934,Blizzard III,476,3,9994,1,1,1.5
8097,6935,flume toad,128,3,30,1,3,0.8
8098,6936,icicle,764,3,204,1,1,1
8099,6937,froth,2092,3,271,1,29,1.4
8100,6938,Blizzard IV,2090,3,272,1,11,0.7
8101,6939,azure guard,1189,3,234,2,4,0.8
8102,6940,Blizzard sphere,784,3,156,1,15,1
8103,5640,Shinryu,480,0,0,0,1,1
8104,5642,right wing,480,0,0,0,1,1
8105,5641,left wing,1977,3,272,1,10,10
8106,5642,right wing,1977,3,272,1,10,10
8107,6907,Kelpie,2042,3,168,3,1,3
8108,6908,the Old One,2075,3,105,6,1,2
8109,6909,subservient,2075,3,105,6,1,0.75
8110,6910,Hrodric Poisontongue,1927,3,427,1,1,2.4
8111,6941,Rofocale,2083,3,445,1,1,0.9
8120,6897,salt swallow,2043,3,296,3,1,1
8121,6896,salt swallow larva,2148,3,296,3,1,0.25
8122,6898,Skalla nanka,729,3,39,4,1,1.4
8123,6899,Skalla soblyn,1929,3,45,1,5,2
8124,6900,dhara sentinel,1819,3,49,5,1,1
8125,6901,urolith sentinel,1908,3,339,1,2,0.7
8126,6902,stone phoebad,2077,3,396,2,1,1.3
8128,6905,lightless homunculus,1006,3,153,1,7,1
8129,6904,accursed idol,2075,3,105,6,1,1
8131,6945,archaeodemon,2093,3,49,6,1,1.5
8132,6953,shiftless Seeq bandit,2107,3,453,1,1,1.8
8133,6952,sniffing Seeq bandit,2108,3,453,2,1,1.8
8134,6951,sizable Seeq bandit,2109,3,453,3,1,1.8
8135,6942,black chocobo,1,2,1,1,1,1
8136,6943,red chocobo,2132,2,1,9,2,1.2
8137,6944,Rabanastran mimic,1526,3,197,1,2,1.2
8138,6945,archaeodemon,2093,3,49,6,1,1.5
8139,6946,archaeolion,197,3,53,1,1,1
8140,6853,Airavata,2114,2,1009,13,2,2.5
8141,6847,canal onion,757,3,88,2,1,2.8
8142,6848,canal egg,758,3,88,3,1,2.8
8143,6849,canal garlic,759,3,88,4,1,2.8
8144,6850,canal tomato,760,3,88,5,1,2.8
8145,6851,canal queen,761,3,88,6,1,2.8
8146,6385,Lakshmi,1675,3,373,1,1,1
8147,6911,aether,1960,3,271,1,25,1
8149,5978,Moonstone Carbuncle,413,3,7002,1,5,1.5
8154,6721,aggressive gyuki,480,0,0,0,1,1
8157,6386,dreaming kshatriya,1740,2,1029,1,1,1
8158,6914,Sarisha,1740,2,1029,1,1,1
8159,1482,Twintania,226,3,60,2,1,1.1
8160,2210,oviform,2122,3,271,1,30,1
8161,2612,Nael deus Darnus,647,3,196,1,1,1.5
8162,2628,Nael Geminus,647,3,196,1,1,1.5
8163,2630,Firehorn,664,3,163,1,4,0.8
8164,2631,Iceclaw,403,3,163,1,3,0.8
8165,2632,Thunderwing,662,3,163,1,1,0.8
8166,6958,tail of darkness,2110,3,163,1,6,0.8
8167,6957,fang of light,2111,3,163,3,1,0.8
8168,3210,Bahamut Prime,2113,3,117,1,4,0.7
8169,3204,Phoenix,337,3,118,1,1,2
8171,6854,golden dhara,1819,3,49,5,1,1.5
8172,6855,golden apa,1867,3,417,2,1,1.3
8173,6664,throwing spear,532,4,3989,0,1,1
8174,6817,squib,2088,3,290,2,1,2
8175,6808,Anemossling,1901,3,289,2,1,1.2
8176,6811,sea pugil,356,3,134,1,1,1
8177,6810,Eurekan screamer,39,3,7,1,1,1.5
8178,6807,seaboard angler,268,3,82,1,1,2
8179,6812,heartbroken ochu,34,3,5,1,1,1
8180,6813,seaboard ogrebon,741,3,209,1,1,1
8181,6814,Valbol,145,3,37,1,1,1
8182,6815,xurble,1950,3,81,1,3,3.5
8183,6809,Scape leech,600,3,181,1,1,1.5
8184,6816,flowering sabotender,143,3,36,1,3,2
8185,6818,glade wivre,1746,3,235,1,2,0.8
8186,6819,migratory chapuli,1807,3,409,1,1,2.5
8187,6820,sea bishop,1418,3,314,1,1,1
8188,6821,hybrid hog,44,3,8,1,1,1.2
8189,6822,Anemos harpeia,1608,3,141,2,2,1
8190,6823,darner,1851,3,198,1,2,1
8191,6824,black wolf,163,3,41,3,1,1.5
8192,6825,wild baboulas,795,2,1003,5,1,3
8193,6826,Val bear,574,3,176,1,1,1.5
8194,6827,pneumaflayer,72,3,18,1,2,1.3
8195,6828,leopard,913,3,177,2,1,1
8196,6829,Bigfoot,957,3,238,1,1,1.5
8197,6830,Val leshy,1853,3,377,3,1,1
8198,6831,abraxas,944,3,233,3,1,0.5
8199,6832,phobosuchus,1509,3,39,6,1,1.8
8200,6835,stalker ziz,157,3,40,1,4,1.2
8201,6834,old goobbue,198,3,54,1,1,1.2
8202,6833,quickwater snake,919,3,173,1,5,1.6
8203,6836,gardenkeeper,985,3,247,1,1,1.5
8204,6837,khor claw,1158,3,215,2,3,1
8205,6838,glacier golem,825,2,1009,9,1,1
8206,6839,Anemos sanuwa,1188,3,234,2,3,0.8
8207,6840,henbane,1270,3,280,1,1,0.8
8208,6841,Val skatene,904,3,225,1,1,1
8209,6842,Val biloko,1301,2,1009,10,1,1.4
8210,6843,monoeye,219,3,58,1,1,1
8211,6844,plantoid,1843,3,42,6,1,1.2
8212,6845,Old World zu,604,3,60,3,1,0.8
8213,6846,Eurekan dahak,228,3,62,1,1,2
8214,6863,Falcon Chaser,480,0,0,0,1,1
8215,6864,Raven Chaser,480,0,0,0,1,1
8216,7046,bezoar,480,0,0,0,1,1
8217,6915,Qiqirn representative,1726,2,1012,5,1,1
8224,7147,Lamashtu,2089,3,327,2,1,1
8225,7167,Caym,2086,3,151,2,1,2
8226,7168,Bombadeel,2085,3,54,6,1,2
8227,7017,inflorescent sapria,2082,3,444,1,1,2
8228,6865,Falcon Oppressor,480,0,0,0,1,1
8229,6866,Raven Oppressor,480,0,0,0,1,1
8230,6941,Rofocale,2083,3,445,1,1,0.9
8231,7038,lentic,2039,3,27,2,1,0.5
8232,6873,Red pillager,1699,2,1028,1,1,1.3
8233,6874,Red pillager,1699,2,1028,1,1,1.3
8234,6875,Red pillager,1699,2,1028,1,1,1.3
8235,6876,man-eating gasame,1733,3,38,1,4,1.6
8236,6876,man-eating gasame,1733,3,38,1,4,1.6
8237,6877,spry gyuki,1721,3,387,1,1,1.8
8238,6878,kaen anala,1737,3,352,5,1,1.3
8239,6878,kaen anala,1737,3,352,5,1,1.3
8240,6879,goen anala,1737,3,352,5,1,1.8
8241,6880,quivering coffer,648,3,197,1,1,1
8242,6881,spawning tatsunoko,1682,3,234,4,1,0.5
8243,6881,spawning tatsunoko,1682,3,234,4,1,0.5
8244,6882,strongshell of the Red,1699,2,1028,1,1,1.3
8245,6884,strongshell of the Red,1699,2,1028,1,1,1.3
8246,6890,slickshell of the Red,1699,2,1028,1,1,1.3
8247,6886,Red ambusher,1699,2,1028,1,1,1.3
8248,6888,Red ambusher,1699,2,1028,1,1,1.3
8249,6887,Red ambusher,1699,2,1028,1,1,1.3
8250,6885,clever little ray,1870,3,296,2,1,0.2
8251,6889,slickshell of the Red,1699,2,1028,1,1,1.3
8252,6890,slickshell of the Red,1699,2,1028,1,1,1.3
8253,6891,slickshell captain,1699,2,1028,1,1,1.6
8254,6961,Kabuto Ironshell,1699,2,1028,1,1,1
8255,6962,Hot-headed Blue,1699,2,1028,1,1,1
8256,6963,Zukin Shellbreaker,1699,2,1028,1,1,1
8257,6964,Shikitahe Shellspinner,1699,2,1028,1,1,1
8258,6965,Makura Raykeep,1699,2,1028,1,1,1
8259,6966,"Bunchin, Oldest of the Older",1699,2,1028,1,1,1
8260,7184,Anemos elemental,277,3,83,2,2,2
8261,7147,Lamashtu,480,0,0,0,1,1
8262,5746,striped ray,1870,3,296,2,1,0.9
8263,5743,Red bukan,1699,2,1028,1,1,1.6
8264,5744,Red hyoe,1699,2,1028,1,1,1.6
8265,5745,Red honkan,1699,2,1028,1,1,1.6
8266,6967,Shaugi Greatshell,1699,2,1028,1,1,1.8
8267,5746,striped ray,1870,3,296,2,1,0.9
8268,5743,Red bukan,1699,2,1028,1,1,1.6
8269,5744,Red hyoe,1699,2,1028,1,1,1.6
8271,108,,1862,3,272,1,7,5
8272,108,,480,0,0,0,1,1
8273,6949,hydrosphere,390,3,156,1,2,1.2
8274,6954,seasoned Seeq bandit,2107,3,453,1,1,1.8
8275,6955,stout Seeq bandit,2108,3,453,2,1,1.8
8276,6956,staunch Seeq bandit,2109,3,453,3,1,1.8
8277,6961,Kabuto Ironshell,480,0,0,0,1,1
8278,6913,dreaming fighter,827,3,25,2,1,5
8279,6955,stout Seeq bandit,827,3,25,2,1,5
8280,117,lightning sprite,827,3,25,2,1,5
8281,7111,Ultros,44,3,8,1,1,0.7
8286,6967,Shaugi Greatshell,480,0,0,0,1,1
8287,7143,Pazuzu,2161,3,124,2,1,2.5
8288,7160,Number,480,0,0,0,1,1
8289,7144,southwestern wind,478,3,9995,1,2,1
8290,6959,ice slave,276,3,83,2,1,5
8291,6567,Namazu stickywhisker,2021,3,405,1,4,1.8
8292,6568,Abharamu,1800,2,1009,13,1,1.8
8293,6569,canal mossling,1901,3,289,2,1,1
8294,6570,canal sheep,287,3,86,1,4,1.5
8295,6571,canal halgai,1950,3,81,1,3,3.5
8296,6572,canal fluturini,1314,3,265,1,3,0.7
8297,6573,canal matamata,1718,3,384,1,1,2
8298,6574,canal craklaw,1719,3,385,1,1,1.6
8299,6575,canal ruszor,1721,3,387,1,1,1.8
8300,6576,canal ray,1870,3,296,2,1,0.9
8301,6577,canal rockfin,1231,3,282,1,1,1.2
8302,6578,canal ogrebon,741,3,209,1,1,1.8
8303,6579,canal kongamato,1364,3,306,1,1,1.2
8304,6580,canal achamoth,1405,3,195,2,1,1.4
8305,6581,canal bloodglider,1907,3,195,1,3,1.4
8306,6582,canal fan,1528,3,340,1,1,1.5
8307,6583,canal dhruva,1848,3,417,1,1,1.5
8308,6584,canal cardian,1806,3,408,1,1,3.5
8309,6585,canal anala,1737,3,352,5,1,1.8
8310,6586,canal anila,1923,3,423,1,1,1.8
8311,6587,canal dhara,1819,3,49,5,1,1.5
8312,6588,canal apa,1867,3,417,2,1,1.3
8313,6589,canal soblyn,1929,3,45,1,5,3
8314,6590,canal phoebad,1771,3,396,1,1,0.8
8315,6591,canal chelone,2000,3,23,1,3,0.8
8316,6592,canal vepar,861,3,134,1,3,2.1
8317,6593,canal hippomaritimus,1682,3,234,4,1,0.8
8318,6594,canal bombfish,1683,3,26,2,1,3
8319,6595,canal coralshell,1814,3,38,2,1,1.5
8320,6596,canal monk,1418,3,314,1,1,1.5
8321,6597,canal marid,1427,3,246,2,1,1.2
8322,6598,canal sasquatch,735,3,183,3,1,1.3
8323,6599,canal dhalmel,1064,3,262,1,1,1.2
8324,6600,canal gagana,1720,3,386,1,1,1
8325,6601,canal chuluu,1935,3,343,2,1,1.6
8326,6602,canal urolith,1908,3,339,1,2,1.4
8327,6582,canal fan,1528,3,340,1,1,1.5
8328,6603,canal scorpion,1680,3,1,6,1,3
8329,6604,canal scorpling,1680,3,1,6,1,1.5
8330,6605,canal crab,1733,3,38,1,4,1.2
8331,6606,canal wraith,1504,3,334,1,1,3
8332,6607,canal keeper,1624,1,901,1,1,2
8333,6608,canal iron corse,1639,2,1009,11,1,1
8334,6609,canal arachne,1491,3,280,2,1,1.2
8335,6610,canal diremite,21,3,1,2,1,1.5
8336,6611,canal banemite,22,3,1,3,1,2
8337,6612,canal ogre,187,3,49,1,1,2.4
8338,6585,canal anala,1737,3,352,5,1,2.8
8339,6613,canal drake,179,3,46,1,1,2
8340,6614,canal bomb,100,3,26,1,1,3
8341,6615,canal mammoth,1992,3,246,1,2,1.8
8342,6616,canal yeti,767,3,54,5,1,1
8343,6617,canal commander,825,2,1009,9,1,2
8344,6618,canal grenade,864,3,26,1,5,3
8345,6619,canal koja,1821,3,55,4,1,4
8346,6620,canal banshee,1714,3,380,1,1,0.6
8347,6621,canal specter,2036,3,377,1,2,1.6
8348,6622,canal shuck,162,3,41,2,1,2
8349,6623,canal kiyofusa,1813,3,29,3,1,3
8350,6624,canal onmitsu,1792,3,404,1,1,4
8351,6625,canal hanya,1797,3,56,4,1,1.6
8352,6626,canal tengu,1868,3,285,7,1,1.6
8353,6627,canal pteranodon,1338,3,64,7,1,2.5
8354,6628,canal gowrow,1681,3,183,5,1,2.3
8355,6629,canal brachiosaur,1303,3,288,1,1,0.5
8356,6630,canal gallimimus,1073,3,24,1,3,1.6
8357,6631,canal treant,104,3,27,1,1,1.5
8358,6632,canal golem,1759,3,392,1,1,2.4
8359,6633,canal leshy,1853,3,377,3,1,1.8
8360,6634,canal roselet,48,3,9,1,1,3
8361,6635,canal muud suud,1767,3,58,7,1,1.2
8362,6636,canal minotaur,1473,3,58,6,1,1.2
8363,6637,canal Matanga,2052,2,1009,14,1,1.5
8364,6638,canal vanara,1439,3,238,2,1,1
8365,6639,canal purbol,1281,3,37,2,1,1.8
8366,6640,canal corpse flower,655,3,5,2,1,3
8367,6641,canal belladonna,1270,3,280,1,1,1.3
8368,6642,canal ochu,35,3,5,1,2,1.5
8369,7012,left hand of the spring,1737,3,352,5,1,1.6
8370,7003,hellish naked yumemi,381,3,153,1,1,2
8371,7006,sea scorpion,382,3,153,1,2,2
8372,7005,kaja,1923,3,423,1,1,1.6
8373,210,Ixali straightbeak,383,3,153,1,3,2
8374,7007,uwabami,384,3,153,1,4,2
8375,6960,embrace,2150,3,272,1,12,1
8376,6968,tidal ball,392,3,156,1,4,2.5
8377,6969,tidal wall,1300,3,287,1,1,2.5
8378,7114,bibliognost,1094,3,172,1,4,1.5
8379,7115,bibliolatrist,1273,3,285,1,1,1.5
8380,6994,Otake-maru,2145,3,58,8,1,1.4
8381,6995,Kamaitachi,2146,3,420,2,1,0.6
8382,7016,tsumuji-kaze,383,3,153,1,3,1.5
8383,6996,Genbu,2127,3,456,1,1,7
8384,7001,grand nurikabe,2219,3,77,1,6,5
8385,6999,nurikabe,2219,3,77,1,6,2.5
8386,7015,kamaitachi,2192,3,478,1,1,4
8387,7074,kaja of the seven flames,572,3,173,1,3,2
8388,7055,the Ultima Warrior,2045,3,127,3,1,3
8389,108,,480,0,0,0,1,1
8390,7056,Motherbit,2134,3,343,4,1,1.5
8391,7057,prototype bit,2151,3,12,1,8,2
8392,7058,the Ultima Beast,2044,3,42,7,1,1.4
8393,7058,the Ultima Beast,480,0,0,0,1,1
8394,7144,southwestern wind,1197,3,271,1,3,1
8395,7107,Guardian,2138,3,460,1,1,2
8396,7108,Air Force,2166,3,463,1,1,3.5
8397,7109,missile,2181,3,472,1,1,1.3
8398,7110,Dadaluma,2162,3,127,4,1,2.7
8399,7111,Ultros,354,3,132,1,1,1.7
8400,7112,tentacle,871,3,205,3,1,0.6
8401,7107,Guardian,2138,3,460,1,1,2
8402,7108,Air Force,2166,3,463,1,1,3.1
8403,7109,missile,2181,3,472,1,1,1.3
8404,7110,Dadaluma,2162,3,127,4,1,2.7
8405,7111,Ultros,354,3,132,1,1,1.7
8406,7112,tentacle,871,3,205,3,1,0.6
8407,7116,lightning bomb,2177,3,271,1,31,1
8408,7059,immortalized predator,1283,1,101,1,1,1.5
8409,7060,prototype claw,332,3,114,1,2,1.5
8410,7061,servomechanical chimera,2158,3,53,3,1,1.2
8411,7062,servomechanical minotaur,2159,3,58,9,1,1
8412,7063,lone shabti,1093,3,161,2,1,1
8413,7064,prototype empusa,916,3,148,3,1,1
8414,7065,biomanufactured naga,733,3,43,2,1,1.5
8415,7066,prototype mirrorknight,378,3,151,1,1,1
8416,7067,rinkhals,234,3,65,1,1,1
8417,7068,biopellet,2189,3,55,2,4,1
8418,7069,biomanufactured brobinyak,950,3,34,3,1,1
8419,2642,proto-chimera,197,3,53,1,1,1.2
8420,7071,biomanufactured minotaur,1041,3,58,3,1,1
8421,6972,magia fan,1528,3,340,1,1,1
8422,6973,four-eyes,1640,2,1009,11,2,1.3
8423,6974,Anemos anala,1737,3,352,5,1,1
8424,6975,Anemos apa,1867,3,417,2,1,1
8425,6976,guud suud,1767,3,58,7,1,0.8
8426,6977,voidscale,1005,3,70,1,5,0.8
8427,6978,zuniceratops,1302,3,235,2,1,1
8428,6979,primelephas,2076,3,246,4,1,1.5
8429,6980,Val specter,2036,3,377,1,2,0.8
8430,6981,tangie,2042,3,168,3,1,2
8431,7113,bibliotaph,925,3,227,1,1,1.5
8432,7113,bibliotaph,925,3,227,1,1,1.5
8433,7182,northerly,1197,3,271,1,3,0.6
8434,7181,gale,2199,3,272,1,13,1
8435,7092,Byakko,2121,3,454,1,1,1
8436,7093,Hakutei,2163,3,177,5,1,1.9
8437,7094,aratama force,2190,3,271,1,32,0.7
8438,7095,aramitama soul,1198,3,271,1,4,1
8439,7092,Byakko,2121,3,454,1,1,1
8440,7093,Hakutei,2163,3,177,5,1,1.9
8441,7094,aratama force,2190,3,271,1,32,0.7
8442,7095,aramitama soul,1198,3,271,1,4,1
8443,7000,hellish lion,1846,3,415,1,1,2
8444,6998,hellish gasame,2152,3,133,1,2,1.8
8445,7002,hellfire shikigami,1664,3,260,1,2,3
8446,7007,uwabami,1905,3,65,2,3,1
8447,7005,kaja,572,3,173,1,3,1.7
8448,7004,hellish yumemi,1507,3,336,1,1,1
8449,7003,hellish naked yumemi,1632,3,336,1,3,0.6
8450,7006,sea scorpion,1057,3,215,2,2,1.1
8451,7009,Reisen tatsunoko,1682,3,234,4,1,0.7
8452,7008,Reisen apa,1867,3,417,2,1,1
8453,7010,shikigami of the spring,1061,3,260,1,1,3
8454,7011,right hand of the spring,1062,3,261,1,1,1.5
8455,7012,left hand of the spring,1063,3,261,2,1,1.5
8456,7013,stillwind nue,1478,3,238,3,1,2
8457,7014,boltstorm nue,1479,3,238,3,2,2
8458,7096,Goddess Chadarnook,2164,3,471,1,1,1.2
8459,7097,Demon Chadarnook,2160,3,103,3,1,3.8
8460,7098,haunt,2160,3,103,3,1,3.8
8461,7183,easterly,302,3,93,1,1,2
8462,7105,the storm's grip,1433,3,272,1,4,1
8463,7099,poltergeist,1619,3,352,4,1,1.7
8464,6740,stealthy poacher,2183,3,474,1,1,1.5
8465,7106,seductive siren,243,3,69,1,1,0.8
8468,6200,magitek rearguard,1496,3,56,3,1,2
8469,6203,magitek hexadrone,1404,3,276,1,1,0.8
8470,6997,chelonian gate,2220,3,9995,1,1,9
8471,6982,rain sprite,385,3,153,1,5,1
8472,6982,rain sprite,385,3,153,1,5,1
8473,6982,rain sprite,385,3,153,1,5,1
8474,6983,typhoon sprite,383,3,153,1,3,1
8475,6983,typhoon sprite,383,3,153,1,3,1
8476,6983,typhoon sprite,383,3,153,1,3,1
8477,6986,duskfall mummy,344,3,122,1,1,1.6
8478,6984,skeleton noble,17,2,1015,1,1,1.5
8479,6985,duskfall bhoot,601,3,182,1,1,1
8480,6987,traveling gourmand,640,3,54,4,1,1.5
8481,6988,coffinkeep,1624,1,901,1,1,1.5
8482,6989,shadow wraith,1599,3,334,1,2,2.5
8483,7148,Simurgh's strider,1720,3,386,1,1,2.4
8484,7149,Serket,1158,3,215,2,3,2.5
8485,7150,Fafnir,977,3,245,1,1,1.8
8486,7166,the Emperor of Anemos,654,3,198,1,1,3
8487,7151,the Lord of Anemos,1418,3,314,1,1,2
8488,6990,fossil dragon,232,3,63,2,1,0.8
8489,7221,Rathalos,2203,3,483,1,1,1.3
8490,6173,Garula,1738,3,35,4,1,1
8491,6174,steppe sheep,287,3,86,1,4,1
8492,6175,steppe yamaa,183,3,47,1,1,1.2
8493,6175,steppe yamaa,184,3,47,1,2,1.2
8494,6176,steppe coeurl,65,3,17,1,1,1.5
8495,7221,Rathalos,2203,3,483,1,1,1.3
8496,6173,Garula,1738,3,35,4,1,1
8497,6174,steppe sheep,287,3,86,1,4,1
8498,6175,steppe yamaa,183,3,47,1,1,1.2
8499,6175,steppe yamaa,184,3,47,1,2,1.2
8500,6176,steppe coeurl,65,3,17,1,1,1.5
8506,6891,slickshell captain,1699,2,1028,1,1,1.8
8507,5834,softshell of the Red,1699,2,1028,1,1,1.6
8508,5834,softshell of the Red,1699,2,1028,1,1,1.6
8509,5834,softshell of the Red,1699,2,1028,1,1,1.6
8510,7127,Phantom Train,2136,3,458,1,1,3.5
8511,7126,ghost,2153,3,334,1,4,1.8
8512,7125,putrid passenger,548,1,0,1,1,1
8513,7127,Phantom Train,2136,3,458,1,1,3.5
8514,7126,ghost,2153,3,334,1,4,1.8
8515,7125,putrid passenger,548,1,0,1,1,1
8516,7124,agony,1504,3,334,1,1,2
8517,7122,malice,1599,3,334,1,2,1.65
8518,7123,regret,1745,3,334,1,3,1.3
8520,7126,ghost,2153,3,334,1,4,1
8521,7126,ghost,2153,3,334,1,4,1
8522,7124,agony,1504,3,334,1,1,1
8523,7122,malice,1599,3,334,1,2,1
8524,7123,regret,1745,3,334,1,3,1
8526,7073,choir moogle,8,2,1006,1,1,3
8527,7127,Phantom Train,2200,3,272,1,14,1
8528,7131,Kefka,2165,3,462,1,1,3
8529,7131,Kefka,2137,3,459,1,1,3.5
8530,7130,the Mad Head,2184,3,475,1,1,4
8531,7131,Kefka,2165,3,462,1,1,3
8532,7080,Gatekeeper Alpa,2178,2,1032,1,1,0.7
8536,7084,dreaming kshatriya,1740,2,1029,1,1,1.2
8537,7085,dreaming shudra,1740,2,1029,1,1,1.2
8538,7086,dreaming brahmin,1740,2,1029,1,1,1.2
8539,7087,Vanisha the One Truth,1740,2,1029,1,1,2
8540,7088,Qalyana kshatriya,1740,2,1029,1,1,1.2
8541,7089,Qalyana shudra,1740,2,1029,1,1,1.2
8542,7090,Qalyana brahmin,1740,2,1029,1,1,1.2
8543,6993,blizzard sprite,382,3,153,1,2,1
8544,7119,remorse,2153,3,334,1,4,2.5
8545,7093,Hakutei,2163,3,177,5,1,1.9
8546,7093,Hakutei,2163,3,177,5,1,1.9
8547,7169,Sabotender Corrido,2222,3,36,2,1,7.5
8548,7170,Teles,1305,3,69,1,2,1
8549,7171,Amemet,943,3,233,2,1,1.4
8550,7172,Polyphemus,219,3,58,1,1,1.5
8551,7149,Serket,480,0,0,0,1,1
8552,7149,Serket,480,0,0,0,1,1
8553,7149,Serket,480,0,0,0,1,1
8554,7177,Amarok,2005,3,128,2,1,1
8555,7178,void spark,1008,3,156,1,27,1
8556,7149,Serket,480,0,0,0,1,1
8557,7149,Serket,480,0,0,0,1,1
8558,7149,Serket,480,0,0,0,1,1
8559,7145,priest of storms,1664,3,260,1,2,3
8560,7146,drought dweller,1819,3,49,5,1,1.6
8564,7129,Doom Chimney,2201,5,0,0,1,1
8565,7129,Doom Chimney,2201,5,0,0,1,1
8566,7091,deep-dreaming brahmin,1740,2,1029,1,1,1.2
8567,7152,King Hazmat,1298,3,286,1,1,2.5
8568,7153,hazmat,1299,3,286,1,2,2.5
8569,7154,dud,100,3,26,1,1,2
8570,7155,vacuum wave,1197,3,271,1,3,1
8571,7224,gigas,1197,3,271,1,3,1
8572,7156,poison spore,1199,3,271,1,5,1.5
8573,7158,Jahannam,1923,3,423,1,1,2
8574,7160,Number,1764,3,148,5,1,2.5
8575,7161,void crack,1208,3,273,1,1,3
8576,7157,Callisto,1297,3,176,4,1,2
8577,7017,inflorescent sapria,655,3,5,2,1,1
8578,7018,sizable slug,50,3,10,1,1,3
8579,7019,severed slug,50,3,10,1,1,2
8580,7020,severely severed slug,50,3,10,1,1,1
8581,7021,wooly mossling,1901,3,289,2,1,1.2
8582,7022,soldier gazellehawk,1381,3,11,2,2,1.6
8583,7023,worker gazellehawk,1381,3,11,2,2,1.6
8584,7024,gallivanting gazelle,927,3,47,3,1,1.6
8588,7028,Ananta recruit,1740,2,1029,1,1,1
8589,7029,funnel antlion,1717,3,383,1,1,1.3
8590,7030,formidable foper,2233,3,88,7,2,5
8591,7031,impure bhoot,602,3,182,1,2,1.6
8592,7032,hunter antlion,1717,3,383,1,1,1.3
8593,7033,Velodyna ant,192,3,51,1,1,0.2
8594,7034,fattened sarcosuchus,1509,3,39,6,1,1.6
8595,7035,regal gagana,1720,3,386,1,1,1.5
8596,7152,King Hazmat,480,0,0,0,1,1
8597,7173,the White Rider,1215,3,237,1,2,2.8
8598,7174,Venusian eye,167,3,43,1,1,2.5
8599,7175,glory crier,1575,3,352,1,2,1.5
8600,108,,2206,3,486,1,1,1
8601,108,,2207,3,486,1,2,1
8602,108,,2208,3,486,1,3,1
8603,108,,2209,3,486,1,4,1
8604,7176,death sprite,1006,3,153,1,7,2
8605,7150,Fafnir,480,0,0,0,1,1
8606,7142,Alpha,2147,3,424,2,1,1
8607,7141,Iron Nero,544,1,501,1,1,1
8608,6057,Nero,542,1,501,1,1,1
8610,3374,Midgardsormr,2080,3,442,1,1,1
8611,5625,level checker,2040,3,9,2,2,1.8
8612,5625,level checker,2041,3,9,2,3,1.8
8613,7110,Dadaluma,2162,3,127,4,1,2.7
8614,7140,Sigmascape roader,1890,3,378,1,2,0.6
8615,7139,Sigmascape koja,1821,3,55,4,1,2
8616,7216,river scorpion,480,0,0,0,1,1
8617,7087,Vanisha the One Truth,480,0,0,0,1,1
8618,108,,4,2,1002,1,1,1
8619,7128,wroth ghost,2153,3,334,1,4,1.8
8621,5978,Moonstone Carbuncle,413,3,7002,1,5,1.5
8629,7137,tuned magitek turret,55,3,12,1,1,1.2
8630,7138,magitek mine,2003,3,12,1,7,1.5
8631,6203,magitek hexadrone,480,0,0,0,1,0.5
8634,7126,ghost,2153,3,334,1,4,1
8635,7144,southwestern wind,1198,3,271,1,4,1
8636,6984,skeleton noble,17,2,1015,1,1,1.5
8637,7037,wooly woodchuck,26,3,2,2,2,2
8638,7038,lentic,126,3,30,1,1,1.5
8639,7039,Anemos flan,205,3,55,1,5,1.5
8640,7040,Val revenant,265,3,80,1,2,2
8641,6993,blizzard sprite,382,3,153,1,2,1
8642,7041,vesper bat,98,3,25,1,1,2
8643,7042,Val imp,63,3,16,1,1,1.5
8644,6993,blizzard sprite,382,3,153,1,2,1
8645,7043,mana bomb,100,3,26,1,1,2
8646,6985,duskfall bhoot,601,3,182,1,1,1
8647,7044,irregular plasmoid,80,3,20,1,3,1
8648,7045,ignis fatuus,79,3,20,1,2,1
8649,7046,bezoar,863,3,15,1,2,1.3
8650,7047,red bonnet,28,3,3,1,1,1.5
8653,7052,crystal wolf,606,3,41,1,4,1.5
8654,7048,mana grenade,864,3,26,1,5,3
8655,17,balloon,480,0,0,0,1,1
8656,7096,Goddess Chadarnook,2164,3,471,1,1,1.2
8657,7097,Demon Chadarnook,2160,3,103,3,1,3.8
8658,7098,haunt,2160,3,103,3,1,3.8
8659,7310,heavenly shishi,1433,3,272,1,4,1
8660,7100,Heart of the Dragon,1619,3,352,4,1,1.7
8661,7101,portrayal of fire,2183,3,474,1,1,1.5
8662,7200,Otengu,2187,3,285,8,1,2.7
8663,7201,tengu ember,2281,3,273,1,11,1
8664,7202,Daidarabotchi,2217,3,311,4,1,4
8665,7203,Qitian Dasheng,2211,3,488,1,1,3
8666,7204,shadow of the sage,2211,3,488,1,1,3
8667,7050,death jacket,359,3,137,1,1,1.5
8668,7049,Val biast,180,3,46,1,2,1
8669,6993,blizzard sprite,382,3,153,1,2,1
8670,7222,duskfall skeleton,862,2,1015,2,1,1.5
8671,7051,Anemos chaser,362,3,140,1,1,1
8672,7222,duskfall skeleton,862,2,1015,2,1,1.5
8673,6982,rain sprite,385,3,153,1,5,1
8674,7053,death mask,1574,3,352,1,1,1.5
8675,6983,typhoon sprite,383,3,153,1,3,1
8676,7186,ferromantoise,95,3,23,1,2,1
8677,6982,rain sprite,385,3,153,1,5,1
8678,6983,typhoon sprite,383,3,153,1,3,1
8679,7126,ghost,2153,3,334,1,4,1
8680,7126,ghost,2153,3,334,1,4,1
8681,7053,death mask,1574,3,352,1,1,1.5
8682,7187,spangencrab,722,2,1010,1,1,1.5
8683,6982,rain sprite,385,3,153,1,5,1
8684,7162,void garm,968,3,53,1,2,1
8685,7161,void crack,1208,3,273,1,1,3
8686,7161,void crack,1208,3,273,1,1,3
8687,6983,typhoon sprite,383,3,153,1,3,1
8688,7188,defroster,839,3,219,1,1,1
8689,7163,judgmental floret,1367,3,111,2,1,3
8690,7164,judgmental hip,1362,3,304,1,1,1.5
8691,7165,Judgmental Julika,1281,3,37,2,1,1.6
8692,7189,vespid,1381,3,11,2,2,1.6
8693,6982,rain sprite,385,3,153,1,5,1
8694,7185,duskfall dullahan,125,3,29,1,5,1.8
8695,7159,infernal wind,480,0,0,0,1,1
8696,7190,lynx,66,3,17,1,2,1.5
8697,6982,rain sprite,385,3,153,1,5,1
8698,7185,duskfall dullahan,125,3,29,1,5,1.8
8699,7191,Anemos gremlin,399,3,158,1,4,3
8700,7185,duskfall dullahan,125,3,29,1,5,1.8
8701,7192,shadow wing,638,3,57,1,6,1.8
8702,6988,coffinkeep,1624,1,901,1,1,1.5
8703,6983,typhoon sprite,383,3,153,1,3,1
8704,6988,coffinkeep,1624,1,901,1,1,1.5
8705,7193,dhalmel of nightmares,1064,3,262,1,1,1.2
8706,7194,rockfin,1231,3,282,1,1,1
8707,7195,Anemos pegasus,1065,3,263,1,1,2
8708,6993,blizzard sprite,382,3,153,1,2,1
8709,7196,Val antlion,1717,3,383,1,1,1.3
8710,7197,mighty craklaw,1719,3,385,1,1,1.2
8711,6983,typhoon sprite,383,3,153,1,3,1
8712,7198,Arioch of the Isle,653,3,64,2,1,1.5
8713,7199,Bitoso of the Isle,840,3,143,2,1,1
8714,6982,rain sprite,385,3,153,1,5,1
8715,6983,typhoon sprite,383,3,153,1,3,1
8716,108,,2189,3,55,2,4,1
8717,108,,950,3,34,3,1,1
8718,108,,197,3,53,1,1,1.2
8719,108,,1041,3,58,3,1,1
8720,7225,Tsukuyomi,2210,3,487,1,1,2.5
8721,7225,Tsukuyomi,2210,3,487,1,1,2.5
8722,1644,Garuda,2276,3,95,1,2,1
8723,1645,Suparna,303,3,95,1,1,0.8
8724,1647,razor plume,551,3,93,1,2,1
8725,1648,satin plume,552,3,93,1,3,1
8726,2091,spiny plume,611,3,93,1,5,1
8727,1801,Titan,2278,3,98,1,3,1.3
8728,1803,bomb boulder,237,3,67,1,1,1
8729,1804,granite gaol,249,3,72,1,1,1
8730,1185,Ifrit,2277,3,96,1,2,1
8731,1186,infernal nail,298,3,90,1,1,1
8732,2143,Lahabrea,547,1,101,1,1,1
8733,5563,magitek bit,55,3,12,1,1,1
8734,2137,the Ultima Weapon,2271,3,99,1,5,1
8735,2138,aetheroplasm,513,3,156,1,7,1
8736,2324,ultimaplasm,614,3,156,1,10,1
8737,7206,sai taisui,2218,3,18,2,1,1.5
8738,7207,geomantic kiyofusa,1813,3,29,3,1,2.8
8739,7208,geomantic apa,1867,3,417,2,1,0.7
8740,7209,torrent,1202,3,271,1,8,1.5
8741,7210,geomantic dhara,1819,3,49,5,1,1
8742,7211,geomantic anila,1923,3,423,1,1,1.1
8743,108,,1453,3,272,1,5,1
8744,7212,river unkiu,1719,3,385,1,1,0.5
8745,7213,jinmenju,1281,3,37,2,1,1.3
8746,7214,river hikagiri,572,3,173,1,3,1.5
8747,7215,river ray,1346,3,296,1,1,0.8
8748,7216,river scorpion,1057,3,215,2,2,0.7
8749,7217,dragon hornbill,1944,3,359,1,2,0.3
8750,7218,dragon bi fang,953,3,118,2,1,1.7
8751,7219,white baboon,2270,3,4,1,4,1.5
8752,7220,dragon weasel,1948,3,176,3,3,0.8
8753,1675,dragon aevis,1685,3,272,1,6,1
8754,7205,servant of the sage,2270,3,4,1,4,1.5
8755,7229,dancing fan,2286,3,506,1,1,4
8756,7202,Daidarabotchi,2291,3,273,1,12,1
8757,7231,moonlight,2317,3,271,1,33,1
8758,7232,moondust,2248,3,106,2,1,1
8762,7537,specter of Zenos,1969,3,403,1,4,1.44
8763,7477,specter of Gosetsu,1802,1,901,1,1,1.2
8769,7229,dancing fan,2286,3,506,1,1,4
8770,7230,midnight haze,2291,3,273,1,12,1
8771,1694,demon wall,2248,3,106,2,1,1
8775,7537,specter of Zenos,1969,3,403,1,4,1.44
8776,7477,specter of Gosetsu,1802,1,901,1,1,1.2
8780,7206,sai taisui,2218,3,18,2,1,1.5
8781,1185,Ifrit,304,3,96,1,1,1
8782,1801,Titan,306,3,98,1,1,1.5
8783,1644,Garuda,303,3,95,1,1,1
8784,887,Odin,2292,1,501,1,1,2
8785,7478,Hiruko,2236,3,98,2,1,1.5
8786,7479,raiun,1572,3,273,1,5,1
8787,7070,Yiazmat,2267,3,501,1,1,1
8788,7100,Heart of the Dragon,2282,5,0,0,1,1
8789,7235,wind azer,383,3,153,1,3,1
8790,108,,2283,3,272,1,15,1
8791,6945,archaeodemon,2093,3,49,6,1,1.5
8792,7494,gale gaol,1205,3,272,1,1,1
8793,7236,cyclone,2199,3,272,1,13,1
8794,7245,"Famfrit, the Darkening Cloud",2197,3,481,1,1,1.8
8795,7246,dark ewer,2273,3,504,1,1,2
8796,7247,dark rain,2336,3,87,1,11,2.2
8797,7237,Construct 7,2212,3,489,1,1,1.2
8798,7238,loose cog,2308,3,315,3,1,2.9
8799,7239,missile,2181,3,472,1,1,1.3
8800,7244,Construct 7.1,2262,3,489,1,3,0.9
8801,6943,red chocobo,2132,2,1,9,2,1.2
8802,7403,Pagos puk,130,3,32,1,1,2
8803,7404,snow slug,50,3,10,1,1,4
8804,7405,Eurekan vindthurs,189,3,49,2,2,1.2
8805,7406,deadly dodo,173,3,44,1,1,2
8806,7407,snow aurelia,279,3,84,1,1,3
8807,7408,Val mole,282,3,85,1,1,1.5
8808,7409,Val banemite,22,3,1,3,1,2.2
8809,7410,northern fluturini,1314,3,265,1,3,0.6
8810,7411,Pagos wolf,161,3,41,1,3,1.5
8811,7412,yarzon survivor,75,3,19,1,1,1.5
8812,7413,yukinko,2265,3,289,3,1,1.5
8813,7414,Val ant,192,3,51,1,1,1.3
8814,7415,Val roselet,48,3,9,1,1,4
8815,7413,yukinko,2265,3,289,3,1,1.5
8816,7416,Val mantis,374,3,148,1,1,1.5
8817,7417,Val galago,31,3,4,1,1,1.5
8818,7418,Pagos tursus,777,3,46,3,2,1
8819,7419,huwasi,2077,3,396,2,1,1.3
8820,7420,gawper,167,3,43,1,1,3
8821,7421,Pagos wildebeest,563,3,171,1,1,1.1
8822,7422,Pagos deepeye,841,3,88,7,1,3
8823,7423,Pagos billygoat,183,3,47,1,1,1.2
8824,7231,moonlight,2317,3,271,1,33,1
8825,7424,sylvestre,297,3,88,1,1,1.7
8826,7425,storm manta,1346,3,296,1,1,0.8
8827,7426,ice mirrorknight,378,3,151,1,1,1.5
8828,7427,frozen gelato,202,3,55,1,2,1.5
8829,7428,Pagos bear,870,3,176,1,3,1
8830,7429,blubber eyes,690,3,55,2,1,1.5
8831,7430,withered sankchinni,724,3,84,3,1,1.5
8832,7431,wandering opken,834,3,49,3,1,1.2
8833,7432,blizzard goobbue,199,3,54,1,2,1.5
8834,7433,northern colibri,360,3,138,1,1,1.2
8835,7434,blood demon,567,3,172,1,1,1.5
8836,7435,Val guardian,82,3,21,1,2,2
8837,7436,zombie wyvern,224,3,60,1,1,1
8838,7437,coralline uragnite,364,3,142,1,1,1.2
8839,7438,Pagos hippocerf,133,3,33,1,1,1.5
8840,7439,iceskin peiste,135,3,34,1,1,1.5
8841,7440,decotitus,2223,3,493,1,1,1.3
8842,7441,escaped tyrannosaur,942,3,233,1,1,1
8843,7442,lab minotaur,1473,3,58,6,1,0.8
8844,7443,savage ruszor,1721,3,387,1,1,1.8
8845,7444,Pagos centaur,1457,2,1021,3,1,1.3
8846,7445,void vouivre,1044,3,64,4,2,1.2
8847,7446,urolith guard,1908,3,339,1,2,1.4
8848,7447,elder buffalo,138,3,35,1,1,1
8849,7448,frozen aevis,377,3,150,1,1,1.5
8850,7449,valley manticore,603,3,183,1,1,1.5
8851,7450,Val snipper,148,3,38,1,1,1.6
8852,7451,world serpent,234,3,65,1,1,1.6
8853,7452,Pagos croc,373,3,147,1,2,1.5
8854,7453,Val worm,238,3,68,1,1,1.2
8855,7454,void syricta,915,3,49,4,1,1.5
8856,7455,emberflash matamata,1718,3,384,1,1,1.5
8857,7456,Val corpse flower,655,3,5,2,1,1.5
8858,7457,greater amphiptere,1106,3,267,1,1,0.7
8859,7458,Val ymir,1507,3,336,1,1,0.8
8860,7459,Pagos chimera,197,3,53,1,1,1
8861,7460,lesser void dragon,371,3,146,1,1,1
8862,7461,Val keeper,985,3,247,1,1,1
8863,7462,ameretat,147,3,37,1,4,1.1
8864,7463,Val griffin,955,3,236,1,1,2
8865,7582,Onra,480,0,0,0,1,1
8866,7244,Construct 7.1,2262,3,489,1,3,0.9
8867,7244,Construct 7.1,2262,3,489,1,3,0.9
8868,7223,"Belias, the Gigas",2196,3,480,1,1,3
8869,7224,gigas,537,3,7003,1,2,2
8870,108,,298,3,90,1,1,1.5
8871,7268,heavenly uwabami,2234,3,340,2,1,0.8
8872,7269,heavenly kraken,2235,3,340,3,1,0.8
8873,7262,heavenly naked yumemi,1632,3,336,1,3,0.5
8874,7263,heavenly mutsu,268,3,82,1,1,2
8875,7264,heavenly bombfish,1683,3,26,2,1,6
8876,7265,heavenly onryo,1714,3,380,1,1,0.6
8877,7266,heavenly coralshell,1814,3,38,2,1,1.6
8878,7267,heavenly gyuki,1721,3,387,1,1,1.8
8879,7268,heavenly uwabami,1905,3,65,2,3,1.4
8880,7269,heavenly kraken,1418,3,314,1,1,1
8881,7270,heavenly ango,741,3,209,1,1,1
8882,7271,heavenly matamata,1718,3,384,1,1,1.5
8883,7272,heavenly shark,1271,3,282,2,1,1.1
8884,7273,heavenly Amikiri,1947,3,215,3,2,1.2
8885,7274,heavenly yumemi,1507,3,336,1,1,1
8886,7275,heavenly korpokkur,1315,3,289,1,1,1
8887,7276,heavenly shizuku,385,3,153,1,5,1
8888,7277,heavenly shiomushi,1929,3,45,1,5,2
8889,7278,heavenly hakagiri,570,3,173,1,1,1
8890,7279,heavenly unkiu,1719,3,385,1,1,1.2
8891,7280,heavenly apa,1867,3,417,2,1,0.8
8892,7281,heavenly otokage,1991,3,39,5,2,1
8893,7282,heavenly tatsunoko,1682,3,234,4,1,0.5
8894,7283,heavenly shioname,1771,3,396,1,1,0.5
8895,7284,heavenly amagoi,2000,3,23,1,3,0.8
8896,7285,heavenly Namazu,1999,3,405,1,3,1.8
8897,7286,heavenly hand,1062,3,261,1,1,1.5
8898,7287,heavenly aomino,2043,3,296,3,1,0.75
8899,7288,heavenly onibi,79,3,20,1,2,2
8900,7289,heavenly halgai,1950,3,81,1,3,3.5
8901,7290,heavenly dhruva,1848,3,417,1,1,0.8
8902,7291,heavenly sai taisui,2218,3,18,2,1,1.5
8903,7292,heavenly hatamoto,2303,3,338,4,1,1.3
8904,7293,heavenly tenaga,1759,3,392,1,1,1
8905,7294,heavenly keukegen,2087,3,286,2,1,1.2
8906,7295,heavenly yuki,2036,3,377,1,2,0.8
8907,7296,heavenly tengu,1868,3,285,7,1,1.8
8908,7297,heavenly koja,1821,3,55,4,1,2
8909,7298,heavenly katasharin,2234,3,340,2,1,0.8
8910,7299,heavenly menreiki,717,2,1014,4,1,1.5
8911,7300,heavenly wanyudo,2235,3,340,3,1,0.8
8912,7301,heavenly gedan,1931,3,41,1,6,1.2
8913,7302,heavenly hornbill,1604,3,359,1,1,0.5
8914,7303,heavenly hanya,1797,3,56,4,1,1.6
8915,7304,heavenly harakiri,2001,3,56,5,1,1
8916,7305,heavenly onmitsu,1910,3,404,2,1,2
8917,7306,heavenly moko,575,3,177,1,1,1
8918,7307,heavenly mokin,40,3,7,1,2,1.5
8919,7308,heavenly kiyofusa,1813,3,29,3,1,2
8920,7309,heavenly ashigaru,1806,3,408,1,1,2.6
8921,7310,heavenly shishi,1845,3,415,1,3,1
8922,7305,heavenly onmitsu,1792,3,404,1,1,2
8923,7312,heavenly vanara,1439,3,238,2,1,1.4
8924,7313,heavenly dogu,2075,3,105,6,1,0.75
8925,7314,heavenly saikoro,1519,3,339,1,1,1
8926,7315,heavenly ganseki,386,3,153,2,1,2
8927,7316,heavenly dhara,1819,3,49,5,1,1
8928,7317,heavenly sekizo,83,3,21,1,3,1
8929,7318,heavenly sekiban,1535,3,343,1,1,1
8930,7319,heavenly saikoro,1908,3,339,1,2,1
8931,7320,heavenly iseki,1428,3,247,1,3,1.5
8932,7321,heavenly aka-ishi,1293,3,42,5,1,0.7
8933,7322,heavenly monoiwa,2077,3,396,2,1,0.5
8934,7323,heavenly iseki,985,3,247,1,1,1.5
8935,7324,heavenly kuro-usagi,88,3,21,2,1,2
8936,7325,heavenly sekizo,661,3,21,1,8,1.5
8937,7326,heavenly mizumimizu,239,3,68,1,2,1.2
8938,7327,heavenly kamanari,633,3,187,1,1,1
8939,7328,heavenly kamakiri,916,3,148,3,1,1
8940,7329,heavenly tokagekiba,842,2,1021,1,1,1
8941,7330,heavenly kongorei,775,3,12,1,2,1.2
8942,7331,heavenly tesso,332,3,114,1,2,1
8943,7332,heavenly maruishi,766,3,211,1,1,1
8944,7333,heavenly karakuri,1283,1,101,1,1,1.5
8945,7334,heavenly shabti,1092,3,161,1,2,1.5
8946,7335,heavenly gowan,388,3,155,1,1,2
8947,7336,heavenly rachimonai,1089,2,2,2,1,0.8
8948,7337,heavenly naga,733,3,43,2,1,2
8949,7338,heavenly tetsu-kyojin,609,3,76,1,4,1.5
8950,7339,heavenly dokyu,361,3,139,1,1,0.8
8951,7340,heavenly wakakusa,328,3,111,1,1,3
8952,7341,heavenly mannenso,724,3,84,3,1,1.5
8953,7265,heavenly onryo,1714,3,380,1,1,0.6
8954,7342,heavenly iwamushi,177,3,45,1,2,1.5
8955,7343,heavenly jellyfish,280,3,84,2,1,1.5
8956,7344,heavenly doguzeri,1033,3,9,1,5,2
8957,7345,heavenly kosodegai,1053,3,142,1,2,1
8958,7346,heavenly shitaibana,1034,3,5,2,2,0.9
8959,7347,heavenly hashiri-dokoro,1270,3,280,1,1,0.5
8960,7348,heavenly penghou,35,3,5,1,2,0.8
8961,7349,heavenly jubokko,1301,2,1009,10,1,0.8
8962,7350,heavenly morbol,146,3,37,1,2,1
8963,7351,heavenly chizakura,1853,3,377,3,1,0.8
8964,7352,heavenly shikubi,864,3,26,1,5,2
8965,7353,heavenly ichijama,2153,3,334,1,4,1.8
8966,7354,heavenly noyagi,863,3,15,1,2,1
8967,7355,heavenly okami,1037,3,41,1,5,1.2
8968,7356,heavenly yuki-tokage,777,3,46,3,2,1.6
8969,7357,heavenly mammoth,984,3,246,1,1,1.2
8970,7358,heavenly tofu,202,3,55,1,2,1
8971,7359,heavenly jujishi,1852,3,236,1,5,1.2
8972,7360,heavenly yuki-otoko,767,3,54,5,1,1.3
8973,7361,heavenly yak,951,3,35,3,1,1
8974,7362,heavenly hyoga,1437,3,177,1,3,1.3
8975,7363,heavenly hyozan,825,2,1009,9,1,1
8976,7364,heavenly shiro-jishi,1844,3,415,1,2,1
8977,7365,heavenly mukai-inu,968,3,53,1,2,1
8978,7366,heavenly rowan,735,3,183,3,1,1.3
8979,7367,heavenly Matanga,2052,2,1009,14,1,1
8980,7368,heavenly Gozu,1473,3,58,6,1,0.8
8981,7369,heavenly ryukotsu,1427,3,246,2,1,1
8982,7370,heavenly ryujin,915,3,49,4,1,0.8
8983,7371,heavenly hitotsume,220,3,58,1,2,0.8
8984,7372,heavenly enko,1040,3,49,3,2,0.8
8985,7373,heavenly araragi,198,3,54,1,1,1
8986,7374,heavenly koki,971,3,125,1,2,2
8987,7375,heavenly Garula,1738,3,35,4,1,0.7
8988,7376,heavenly shinzei,1767,3,58,7,1,0.8
8989,7377,heavenly rakshasa,603,3,183,1,1,1.5
8993,7381,heavenly mifune,2256,3,237,2,1,1.5
8994,7382,heavenly jaki,19,2,1017,1,1,1
8995,7584,heavenly jinba,1457,2,1021,3,1,1.3
8996,7384,heavenly kyozo,378,3,151,1,1,1
8997,7385,heavenly kuro-kishi,1273,3,285,1,1,2
8998,7386,heavenly shabti,1093,3,161,2,1,1
8999,7387,heavenly zenki,1094,3,172,1,4,1.5
9000,7388,heavenly Gozu,2159,3,58,9,1,1
9001,7389,heavenly kubinashi,605,3,29,1,6,1.5
9002,7390,heavenly tenma,1472,3,263,1,2,1.5
9003,7765,lost snipper,74,3,18,1,4,1
9004,7705,rapturous echo,74,3,18,1,4,1
9005,7460,lesser void dragon,74,3,18,1,4,1
9006,7707,Song of Fire,74,3,18,1,4,1
9007,7385,heavenly kuro-kishi,74,3,18,1,4,1
9008,7385,heavenly kuro-kishi,74,3,18,1,4,1
9009,7364,heavenly shiro-jishi,74,3,18,1,4,1
9010,7417,Val galago,74,3,18,1,4,1
9011,7258,bune,605,3,29,1,6,2.5
9012,7259,barmuu,2269,3,503,1,1,1.5
9013,7260,iron golem,2193,3,392,2,1,1.5
9014,7260,iron golem,2193,3,392,2,1,1.5
9015,7261,ancient clockwork device,480,0,0,0,1,1
9016,7399,Montblanc,2193,3,392,2,1,1.5
9017,7240,Soroban,1699,2,1028,1,1,0.8
9018,6996,Genbu,2171,3,8231,1,2,1.5
9019,7241,font,1300,3,287,1,1,2.5
9020,11419,Thorne Knight,480,0,0,0,1,1
9021,7396,Komainu,2301,3,510,1,1,2
9022,7397,Inugami,2300,3,509,1,1,2
9023,7398,Senri,2299,3,508,1,1,2
9024,7250,menacing mercenary,542,1,501,1,1,1.1
9027,5978,Moonstone Carbuncle,413,3,7002,1,5,1.5
9035,7257,hostile sky armor,1366,3,308,1,1,1
9036,7401,airship wreckage,476,3,9994,1,1,0.5
9037,7248,happy bunny,2172,3,465,1,1,1
9038,7250,menacing mercenary,477,3,9994,1,2,1
9040,7243,Malachite Carbuncle,409,3,7002,1,1,1
9041,7240,Soroban,480,0,0,0,1,1
9042,7392,quivering coffer,648,3,197,1,1,1
9043,7392,quivering coffer,648,3,197,1,1,1
9044,7392,quivering coffer,648,3,197,1,1,1
9045,7393,quivering coffer,1526,3,197,1,2,1
9046,7393,quivering coffer,1526,3,197,1,2,1
9047,7393,quivering coffer,1526,3,197,1,2,1
9048,7394,quivering coffer,1527,3,197,1,3,1
9049,7394,quivering coffer,1527,3,197,1,3,1
9050,7394,quivering coffer,1527,3,197,1,3,1
9051,7394,quivering coffer,1527,3,197,1,3,1
9052,7610,korrigan,1046,3,88,1,2,1.7
9053,7610,korrigan,1046,3,88,1,2,1.7
9054,7610,korrigan,1046,3,88,1,2,1.7
9055,7610,korrigan,1046,3,88,1,2,1.7
9056,7610,korrigan,1046,3,88,1,2,1.7
9057,7610,korrigan,1046,3,88,1,2,1.7
9058,7610,korrigan,1046,3,88,1,2,1.7
9059,7610,korrigan,1046,3,88,1,2,1.7
9060,7610,korrigan,1046,3,88,1,2,1.7
9061,7610,korrigan,1046,3,88,1,2,1.7
9063,7526,the Snow Queen,2265,3,289,3,1,3
9064,7527,servile snowflake,2265,3,289,3,1,1.5
9065,7528,snow bee,382,3,153,1,2,0.6
9066,7512,Surabhi,951,3,35,3,1,1.2
9067,7513,icefall,864,3,26,1,5,3
9068,7512,Surabhi,480,0,0,0,1,1
9069,7464,zombie brobinyak,950,3,34,3,1,0.8
9070,7464,zombie brobinyak,950,3,34,3,1,0.8
9071,7464,zombie brobinyak,950,3,34,3,1,0.8
9072,7464,zombie brobinyak,950,3,34,3,1,0.8
9073,7465,demon of the incunable,1609,3,143,3,1,1.5
9074,7465,demon of the incunable,1609,3,143,3,1,1.5
9075,7465,demon of the incunable,1609,3,143,3,1,1.5
9076,7465,demon of the incunable,1609,3,143,3,1,1.5
9077,7466,geshunpest,2185,3,476,1,1,1.5
9078,7466,geshunpest,2185,3,476,1,1,1.5
9079,7466,geshunpest,2185,3,476,1,1,1.5
9080,7466,geshunpest,2185,3,476,1,1,1.5
9081,7467,haunt,1761,3,380,2,1,0.8
9082,7467,haunt,1761,3,380,2,1,0.8
9083,7467,haunt,1761,3,380,2,1,0.8
9084,7467,haunt,1761,3,380,2,1,0.8
9085,7468,Val corpse,2280,3,338,5,1,1.5
9086,7468,Val corpse,2280,3,338,5,1,1.5
9087,7468,Val corpse,2280,3,338,5,1,1.5
9088,7468,Val corpse,2280,3,338,5,1,1.5
9089,7468,Val corpse,2280,3,338,5,1,1.5
9090,7469,snowstorm sprite,382,3,153,1,2,1
9091,7470,thunderstorm sprite,384,3,153,1,4,1
9092,7471,snowmelt sprite,385,3,153,1,5,1
9093,7472,ember sprite,381,3,153,1,1,1
9094,7469,snowstorm sprite,382,3,153,1,2,1
9095,7470,thunderstorm sprite,384,3,153,1,4,1
9096,7471,snowmelt sprite,385,3,153,1,5,1
9097,7472,ember sprite,381,3,153,1,1,1
9098,7469,snowstorm sprite,382,3,153,1,2,1
9099,7470,thunderstorm sprite,384,3,153,1,4,1
9100,7471,snowmelt sprite,385,3,153,1,5,1
9101,7472,ember sprite,381,3,153,1,1,1
9102,7469,snowstorm sprite,382,3,153,1,2,1
9103,7470,thunderstorm sprite,384,3,153,1,4,1
9104,7471,snowmelt sprite,385,3,153,1,5,1
9105,7472,ember sprite,381,3,153,1,1,1
9106,7469,snowstorm sprite,382,3,153,1,2,1
9107,7470,thunderstorm sprite,384,3,153,1,4,1
9108,7471,snowmelt sprite,385,3,153,1,5,1
9109,7472,ember sprite,381,3,153,1,1,1
9110,7469,snowstorm sprite,382,3,153,1,2,1
9111,7520,Ash Dragon,2275,3,62,1,2,2.6
9112,7521,unquiet dead,862,2,1015,2,1,1.8
9113,7391,heavenly dodo,173,3,44,1,1,1.5
9114,7516,Glavoid,240,3,68,1,3,2.2
9115,7517,iceworm,238,3,68,1,1,1
9116,7517,iceworm,480,0,0,0,1,1
9117,7399,Montblanc,8,2,1006,1,1,1
9118,7497,Anapos,1867,3,417,2,1,1.4
9119,7498,Anapos elemental,385,3,153,1,5,1
9120,7514,Eldertaur,365,3,143,1,1,1.8
9121,7515,Mindertaur,365,3,143,1,1,2.6
9122,7473,frozen void dragon,231,3,63,1,3,1
9123,7508,King Arthro,2279,3,133,2,1,6
9124,7509,Knight Crab,355,3,133,1,1,3
9125,7510,bubble,737,3,156,1,13,1
9126,7511,poison gas,1199,3,271,1,5,1.5
9127,7508,King Arthro,480,0,0,0,1,1
9128,7508,King Arthro,480,0,0,0,1,1
9129,7495,Arch Angra Mainyu,351,3,129,1,1,0.8
9130,7669,defective drone,2302,3,378,2,1,1
9131,7670,mining drone,2302,3,378,2,1,0.6
9132,7671,rock biter,2369,3,315,4,1,1
9133,7701,repurposed dreadnaught,2287,3,139,1,2,0.8
9134,7496,grim reaper,1619,3,352,4,1,2
9135,7495,Arch Angra Mainyu,480,0,0,0,1,1
9136,7524,Horus,852,3,60,3,3,1.2
9137,7525,ball of fire,1623,3,271,1,21,1.2
9138,7524,Horus,480,0,0,0,1,1
9139,7518,Hakutaku,690,3,55,2,1,3
9140,7519,fire devil,557,3,174,1,1,1
9141,7518,Hakutaku,480,0,0,0,1,1
9142,7518,Hakutaku,480,0,0,0,1,1
9143,7518,Hakutaku,480,0,0,0,1,1
9144,7503,King Igloo,2237,3,396,3,1,2
9145,7504,igloo,2237,3,396,3,1,0.8
9146,7503,King Igloo,480,0,0,0,1,1
9147,7523,Hadhayosh,165,3,42,1,1,2
9148,7523,Hadhayosh,480,0,0,0,1,1
9149,7523,Hadhayosh,480,0,0,0,1,1
9150,7523,Hadhayosh,480,0,0,0,1,1
9151,7524,Horus,480,0,0,0,1,1
9152,7475,wyvern's tail,2319,5,0,0,1,1
9153,7522,Asag,1767,3,58,7,1,1.5
9154,7249,monkey magick,390,3,156,1,2,1
9155,7499,Holy Cow,1684,3,171,2,1,2.3
9156,7501,devout disciple,1403,3,285,2,1,1.3
9157,7502,arcane sphere,1506,3,271,1,17,0.8
9158,7499,Holy Cow,480,0,0,0,1,1
9159,7505,Copycat Cassie,2216,3,277,3,1,1.25
9160,7505,Copycat Cassie,2090,3,272,1,11,0.7
9161,7505,Copycat Cassie,480,0,0,0,1,1
9162,7505,Copycat Cassie,480,0,0,0,1,1
9163,7533,Voretooth,767,3,54,5,1,2
9164,7647,withered belladonna,2294,3,280,1,2,0.6
9165,7648,dorpokkur,2447,3,289,1,3,1
9166,7649,muddy mata,2439,3,384,1,3,1.4
9167,7650,raskovnik,1072,3,5,2,3,1
9168,7651,sprawling sankchinni,1045,3,84,3,2,1.6
9169,7652,withered kaluk,2006,3,377,3,2,1.5
9170,7653,Arboretum leech,1056,3,181,1,2,2.3
9171,7654,blooming biloko,1301,2,1009,10,1,1.7
9172,7655,Arboretum bifericeras,1053,3,142,1,2,1.5
9173,7656,Arboretum slug,50,3,10,1,1,3.5
9174,7658,immaculate apa,1867,3,417,2,1,1
9175,7506,anila,1923,3,423,1,1,1.8
9176,7507,foul apa,1867,3,417,2,1,1.5
9177,7475,wyvern's tail,2319,5,0,0,1,1
9178,7567,Pagos elemental,276,3,83,2,1,2
9179,7248,happy bunny,2172,3,465,1,1,1.8
9180,7534,yukidama,2265,3,289,3,1,2
9181,7248,happy bunny,2172,3,465,1,1,1.8
9182,7532,decotitus drudge,2223,3,493,1,1,1.3
9183,7531,Gemhorn,2223,3,493,1,1,2
9184,7536,Taxim's thrall,344,3,122,1,1,2
9185,7480,Mojabune,1761,3,380,2,1,0.8
9186,7483,Bhima,1923,3,423,1,1,2
9187,7484,whirlwind,1197,3,271,1,3,1
9188,7487,Suikazura,969,3,126,1,2,1
9189,7488,accursed cane,768,3,212,1,1,1
9190,7474,Pagos Anubys,401,3,161,1,1,2
9191,7481,Beccho,1405,3,195,2,1,1.5
9192,7482,chokeshin,1314,3,265,1,3,0.5
9193,7485,Gozu,1927,3,427,1,1,1.5
9194,7486,gloom,511,3,156,1,5,1
9195,7489,Kenko,2005,3,128,2,1,1
9196,7490,Kajigakaka,248,3,71,1,1,1
9197,7491,ice boulder,1571,3,271,1,18,1.5
9198,7492,ice pillar,764,3,204,1,1,2
9199,7493,Onra,1004,3,127,1,2,3
9200,7535,Taxim,1641,2,1009,12,1,2
9201,7529,Louhi,2266,3,361,2,1,0.85
9202,7530,shrewd subject,2280,3,338,5,1,1.4
9203,7568,sinister subject,2280,3,338,5,1,1.4
9204,7569,stout subject,2280,3,338,5,1,1.4
9205,3045,icicle,764,3,204,1,1,2.5
9206,7529,Louhi,480,0,0,0,1,1
9207,7529,Louhi,480,0,0,0,1,1
9208,13965,coordinate bit,188,3,49,2,1,2.5
9209,1386,large bomb,188,3,49,2,1,1.5
9210,13438,brazen cauahealoa,103,3,26,1,4,5
9211,10933,Terminus lacerator,480,0,0,0,1,1
9212,9255,white fury,201,3,55,1,1,3
9213,8339,Tadric the Vainglorious,202,3,55,1,2,3
9214,9490,Feo Ul,205,3,55,1,5,3
9215,12898,domesticated alpaca,204,3,55,1,4,1.6
9216,2332,dapper zombie,213,3,56,1,1,3
9217,7797,the Defoliator,213,3,56,1,1,1.5
9218,8543,desert armadillo,253,3,76,1,1,3.5
9219,14294,seaborn steward,253,3,76,1,1,4
9225,9560,Bozjan elbst,395,3,157,3,1,1
9226,9854,avowed avatar,168,3,43,1,2,1.5
9227,5020,nightmare troubadour,511,3,156,1,5,1
9228,10661,ceruleum zoblyn,218,3,57,1,3,2
9229,12902,hungry ratel,218,3,57,1,3,2
9230,10044,infernal nail,17,2,1015,1,1,2.5
9233,7328,heavenly kamakiri,265,3,80,1,2,3
9234,108,,2260,3,500,1,1,1
9235,7583,sand sphere,910,3,156,1,22,1
9241,7667,Hedetet,2371,3,1,7,1,3.5
9242,7668,dim crystal,2367,3,204,2,1,1.6
9243,7675,kukulkan,2333,3,64,8,1,1.5
9244,7676,dancing marionette,82,3,21,1,2,1
9245,7677,charred luminare,1994,3,417,1,2,0.5
9246,7678,desert desman,2376,3,85,3,1,3
9247,7679,charred droid,1089,2,2,2,1,0.5
9248,7680,charred paladin,388,3,155,1,1,1.5
9249,7681,charred dreadnaught,2287,3,139,1,2,0.8
9250,7682,charred coblyn,176,3,45,1,1,1.2
9251,7683,charred doblyn,178,3,45,1,3,4
9252,7684,charred drone,766,3,211,1,1,0.8
9253,7685,gigaworm,238,3,68,1,1,1
9254,7686,veiled gigaworm,242,3,68,1,6,2
9255,7687,worm stalker,1717,3,383,1,1,0.8
9256,7688,gigaworm stalker,1989,3,383,1,2,1.5
9257,7660,Lakhamu,2394,2,1016,3,1,2
9258,7661,silt golem,82,3,21,1,2,2
9259,7662,Tokkapchi,2357,3,55,5,1,3
9260,7665,muddy dorpokkur,2295,3,289,1,2,1.2
9261,8099,Guimauve,1311,3,55,1,15,2
9262,7663,mud slime,2334,3,87,1,10,1
9263,7659,Nullchu,2297,3,397,1,2,1
9264,7650,raskovnik,1072,3,5,2,3,1
9265,7672,mist dragon,2313,3,63,4,1,1.4
9266,7673,draconic regard,1602,3,253,1,2,3
9267,7674,mist,779,3,72,1,2,1.2
9268,7672,mist dragon,2314,3,163,4,1,1.4
9269,7691,Chaos,2377,3,295,2,1,1
9270,7694,dark crystal,476,3,9994,1,1,1.8
9271,7692,chaosphere,2355,3,273,1,23,1
9272,7693,chaosphere,2355,3,273,1,23,1.5
9273,7691,Chaos,2377,3,295,2,1,1
9274,7694,dark crystal,476,3,9994,1,1,1.8
9275,7692,chaosphere,2355,3,273,1,23,1
9276,7693,chaosphere,2355,3,273,1,23,1.5
9277,7760,Iris,147,3,37,1,4,2
9278,7761,tear,1766,3,395,1,1,1
9279,7762,rainbow drop,1097,3,265,1,2,0.3
9280,7577,Gilgamesh,2154,3,461,1,1,2
9281,7578,kobold rocksplitter,2363,3,522,1,1,17
9282,7765,lost snipper,1001,3,253,1,1,3
9283,7766,lost big claw,1010,3,256,1,1,1
9284,7767,Karlabos of Pyros,1015,3,156,1,29,1
9285,7889,Falcon tank,1082,3,189,1,2,1
9286,7890,Raven tank,641,3,189,1,1,1
9287,7770,Pyros hardwood golem,480,0,0,0,1,1
9288,7641,Midgardsormr,2335,3,329,3,1,1
9289,7641,Midgardsormr,2427,3,226,1,4,0.35
9290,7643,dragonfire,1200,3,271,1,6,1
9291,7775,Pyros wolf,1602,3,253,1,2,3
9292,7645,ancient dragon,1928,3,63,1,9,1
9293,7646,immortal key,2364,3,90,1,2,1
9294,7641,Midgardsormr,2335,3,329,3,1,1
9295,7641,Midgardsormr,2427,3,226,1,4,0.35
9296,7643,dragonfire,1200,3,271,1,6,1
9297,7729,Glaukopis,1602,3,253,1,2,3
9298,7645,ancient dragon,1928,3,63,1,9,1
9299,7646,immortal key,2364,3,90,1,2,1
9300,7582,Onra,2364,3,90,1,2,1.5
9304,7736,Graffiacane,50,3,10,1,1,2
9305,7702,Suzaku,2366,3,118,5,1,2
9306,7725,scarlet lady,2446,3,118,1,3,0.8
9307,7703,scarlet plume,2368,3,204,3,1,1.5
9308,7705,rapturous echo,2353,3,273,1,21,1.5
9309,7741,audience,2354,3,273,1,22,2
9310,7742,Askalaphos,2259,3,499,1,1,3.3
9311,7702,Suzaku,2365,3,118,4,1,1.5
9312,7707,Song of Fire,2345,3,273,1,13,1.5
9313,7708,Song of Sorrow,2346,3,273,1,14,1.5
9314,7709,Song of Oblivion,2347,3,273,1,15,1.5
9315,7710,Song of Durance,2348,3,273,1,16,1.5
9316,7702,Suzaku,2366,3,118,5,1,2
9317,7725,scarlet lady,2446,3,118,1,3,0.8
9318,7703,scarlet plume,2368,3,204,3,1,1
9319,7704,scarlet tail feather,2368,3,204,3,1,1.8
9320,7705,rapturous echo,2353,3,273,1,21,1.5
9321,7716,Daidukul the Mirthful,2354,3,273,1,22,2
9322,7717,Dotharli khun chuluu,2259,3,499,1,1,3.3
9323,7702,Suzaku,2365,3,118,4,1,1.5
9324,7711,northern pyre,2349,3,273,1,17,2
9325,7714,eastern pyre,2350,3,273,1,18,2
9326,7713,southern pyre,2351,3,273,1,19,2
9327,7712,western pyre,2352,3,273,1,20,2
9328,7867,Lyse,51,3,10,1,2,2
9329,7695,Omega,327,3,110,1,1,0.9
9330,7696,rocket punch,2374,3,114,5,1,1.5
9331,7697,rocket punch,2375,3,114,6,1,1.5
9332,7698,rocket punch,2374,3,114,5,1,8
9333,7765,lost snipper,2436,3,542,1,1,3.5
9334,7700,level checker,2436,3,542,1,1,3.5
9335,7695,Omega,327,3,110,1,1,0.9
9336,7732,crimson ember,2374,3,114,5,1,2
9337,7699,level checker,2436,3,542,1,1,3.5
9338,7770,Pyros hardwood golem,8,2,1006,1,1,3
9339,7633,Omega-M,2320,3,513,1,1,3
9340,7635,Omega,2323,3,516,1,1,3
9341,7633,Omega-M,2320,3,513,1,1,3
9342,7635,Omega,2323,3,516,1,1,3
9343,7636,Omega,2322,3,515,1,1,1.4
9344,7637,left arm unit,2379,3,524,2,1,1.4
9345,7638,right arm unit,2378,3,524,1,1,1.4
9346,7639,rear power unit,2380,3,525,1,1,1.4
9347,7726,Lesath,1680,3,1,6,1,3
9348,7727,Eldthurs,2372,3,54,7,1,1.5
9349,7729,Glaukopis,2339,3,225,4,1,2
9350,7731,Penthesilea,2358,3,375,2,1,1.3
9351,7736,Graffiacane,1375,3,310,1,1,1.5
9352,7739,Skoll,248,3,71,1,1,1.5
9353,7740,the Sophist,1631,3,183,4,2,1.5
9354,7742,Askalaphos,1592,3,330,3,1,2
9355,7746,Grand Duke Batym,19,2,1017,1,1,2.5
9356,7748,Lamebrix Strikebocks,1638,2,1004,12,1,2.5
9357,7750,Lumber Jack,1316,3,290,1,1,3
9358,7753,Flauros,833,3,17,4,1,2
9359,7754,Aetolus,1043,3,64,3,2,2
9360,7756,Dux,1479,3,238,3,2,2
9361,7759,Leucosia,1716,3,382,1,1,1.5
9362,7760,Iris,2043,3,296,3,1,1.5
9363,7763,Ying-Yang,1739,3,377,2,1,1.5
9364,7847,Val gigantopithecus,197,3,53,1,1,1
9365,8345,Eden Prime,2530,3,563,1,1,0.7
9366,8344,guardian of paradise,2687,2,1007,9,1,3
9367,8343,black hole,2699,3,273,1,26,1
9368,8342,arcane sphere,769,3,213,1,1,1
9369,8345,Eden Prime,2530,3,563,1,1,0.7
9370,8344,guardian of paradise,2687,2,1007,9,1,3
9371,8343,black hole,2699,3,273,1,26,1
9372,8341,Eden,2701,3,563,1,1,10
9373,8341,Eden,2701,3,563,1,1,10
9374,8272,morbol marquis,2586,3,277,4,1,1
9375,7718,the Scale of the Father,2391,3,212,4,1,1
9380,7771,typhoon sprite,383,3,153,1,3,1
9381,7772,thunderstorm sprite,384,3,153,1,4,1
9382,7772,thunderstorm sprite,384,3,153,1,4,1
9383,7773,ember sprite,381,3,153,1,1,1
9384,7773,ember sprite,381,3,153,1,1,1
9385,7771,typhoon sprite,383,3,153,1,3,1
9386,7772,thunderstorm sprite,384,3,153,1,4,1
9387,7771,typhoon sprite,383,3,153,1,3,1
9388,7773,ember sprite,381,3,153,1,1,1
9389,7773,ember sprite,381,3,153,1,1,1
9390,7771,typhoon sprite,383,3,153,1,3,1
9391,7772,thunderstorm sprite,384,3,153,1,4,1
9392,7774,snowstorm sprite,382,3,153,1,2,1
9393,7771,typhoon sprite,383,3,153,1,3,1
9394,7771,typhoon sprite,383,3,153,1,3,1
9395,7774,snowstorm sprite,382,3,153,1,2,1
9396,7772,thunderstorm sprite,384,3,153,1,4,1
9397,7774,snowstorm sprite,382,3,153,1,2,1
9398,7773,ember sprite,381,3,153,1,1,1
9399,7772,thunderstorm sprite,384,3,153,1,4,1
9400,7771,typhoon sprite,383,3,153,1,3,1
9401,7775,Pyros wolf,1037,3,41,1,5,1
9402,7775,Pyros wolf,1037,3,41,1,5,1
9403,7775,Pyros wolf,1037,3,41,1,5,1
9404,7776,Pyros bhoot,602,3,182,1,2,1
9405,7776,Pyros bhoot,602,3,182,1,2,1
9406,7776,Pyros bhoot,602,3,182,1,2,1
9407,7777,Pyros wraith,2153,3,334,1,4,1.2
9408,7778,Val wraith,2153,3,334,1,4,1.2
9409,7777,Pyros wraith,2153,3,334,1,4,1.2
9410,7779,dark troubadour,1619,3,352,4,1,1.15
9411,7779,dark troubadour,1619,3,352,4,1,1.15
9412,7779,dark troubadour,1619,3,352,4,1,1.15
9413,7780,Pyros parthenope,1577,3,352,3,1,1.15
9414,7780,Pyros parthenope,1577,3,352,3,1,1.15
9415,7781,dark parthenope,1577,3,352,3,1,1.15
9416,7783,Delphyne,1342,2,1026,1,1,1.4
9417,7782,Delphyne,1342,2,1026,1,1,1.4
9418,7782,Delphyne,1342,2,1026,1,1,1.4
9419,7785,soulless agent,862,2,1015,2,1,1.5
9420,7784,soulless pathfinder,862,2,1015,2,1,1.5
9421,7784,soulless pathfinder,862,2,1015,2,1,1.5
9422,7786,spriggan pankratiast,865,3,28,1,9,1.25
9423,7787,Pyros zoblyn,1039,3,45,1,4,1
9424,7788,walking sapling,656,3,135,1,2,1.3
9425,7789,Val icetrap,1035,3,9,1,4,1
9426,7790,Pyros coeurl,1816,3,17,6,2,1
9427,7791,northern griffin,1993,3,236,1,6,1
9428,7792,gibbon,2270,3,4,1,4,1
9429,7793,Pyros slug,1324,3,10,1,5,1.5
9430,7794,Pyros kongamato,1364,3,306,1,1,1
9431,7795,cardian,1806,3,408,1,1,1
9432,7796,Pyros serpent,1905,3,65,2,3,1
9433,7797,the Defoliator,1489,3,219,1,3,1
9434,7798,Pyros gremlin,396,3,158,1,1,3
9435,7799,stray snipper,1814,3,38,2,1,1
9436,7800,voidskipper,1415,3,11,1,3,1
9437,7801,red eye,1240,3,279,1,1,3
9438,7802,mega-gris,1941,3,336,1,4,0.5
9439,7803,mechanoguardian,1942,3,29,3,2,1
9440,7804,Pyros chelone,2000,3,23,1,3,1
9441,7805,Blazewing,1416,3,11,2,3,1
9442,7806,Wasserspeier,781,3,141,1,2,1
9443,7807,hippomartimus,1682,3,234,4,1,1
9444,7808,Pyros apanda,831,3,183,4,1,1
9445,7809,Val mammoth,1992,3,246,1,2,1
9446,7810,Machairodus,1438,3,177,3,1,1
9447,7811,Pyros snake,772,3,173,1,2,1
9448,7812,Valking,1431,2,1027,1,1,1
9449,7813,Haokah unbound,773,2,1008,1,2,1
9450,7814,overdue tome,877,3,197,2,1,1
9451,7815,Val yeti,1904,3,54,5,3,1
9452,7816,clipper,2152,3,133,1,2,1.5
9453,7817,Karlabos of Pyros,824,3,215,2,1,1
9454,7818,northern ray,1939,3,296,2,2,1
9455,7819,Pyros bombfish,1683,3,26,2,1,3
9456,7820,Pyros pudding,207,3,55,1,7,1.2
9457,7821,Islandhander,794,3,64,3,1,1
9458,7822,Pyros nanka,740,3,208,1,1,3
9459,7823,Pyros gulo gulo,1948,3,176,3,3,1
9460,7824,bird eater,1541,3,1,3,3,2
9461,7825,Pyros crab,1733,3,38,1,4,1
9462,7826,pure white flame,1958,3,153,1,9,1
9463,7827,dingo,1732,3,8,2,1,1
9464,7828,Pyros slime,1079,3,87,1,9,1.5
9465,7829,northern grizzly,1850,3,176,1,4,1
9466,7830,northern swallow,2148,3,296,3,1,0.5
9467,7831,Pyros piranu,1951,3,209,1,2,1
9468,7832,Illuminati escapee,1414,3,53,2,1,1
9469,7833,Pyros hawk,1990,3,11,3,2,1
9470,7834,Pyros wood golem,1759,3,392,1,1,1
9471,7835,henbane,2294,3,280,1,2,0.6
9472,7836,Matanga castaway,2053,2,1009,14,2,1.3
9473,7837,Pyros treant,104,3,27,1,1,1
9474,7838,Val hornbill,1973,3,359,1,3,1
9475,7839,Val minotaur,1474,3,58,6,2,1
9476,7840,fabricated singha,1847,3,416,1,1,1
9477,7841,Val skatene,1429,3,225,1,2,1
9478,7842,stegoceras,1938,3,183,5,2,1
9479,7843,zebu,140,3,35,2,1,1
9480,7844,ancient voidragon,1928,3,63,1,9,0.8
9481,7845,Pyros hecteyes,1076,3,55,2,3,1
9482,7846,Val bloodglider,1907,3,195,1,3,1
9483,7847,Val gigantopithecus,1225,3,238,1,2,1
9484,7848,Pyros shuck,162,3,41,2,1,1
9485,7849,flame voidragon,660,3,63,1,4,1
9486,7658,immaculate apa,1867,3,417,2,1,1
9487,7578,kobold rocksplitter,5,2,1003,1,1,1.5
9488,7579,Sahagin waverider,9,2,1007,1,1,1.5
9489,7580,Amalj'aa flame-eater,3,2,1001,1,1,1.5
9490,7581,Ixali skycaller,4,2,1002,1,1,1.5
9491,7939,ceruleum engine,2338,3,517,1,1,1
9493,7856,Prometheus,2400,3,367,2,1,1.3
9494,108,,2524,3,141,4,1,1
9499,8264,forgiven hypocrisy,2462,3,285,1,3,2
9500,7876,Schola sky armor,1366,3,308,1,1,0.8
9501,7877,Schola gunship,930,3,230,1,1,0.5
9502,7878,Schola canis pugnax,1732,3,8,2,1,0.5
9503,7879,Schola predator,1669,3,366,1,1,0.8
9504,7880,Schola avenger,1818,3,183,6,1,1.1
9505,7881,Schola hexadrone,1404,3,276,1,1,0.8
9506,7882,Schola rearguard,1496,3,56,3,1,1.6
9507,7895,Iseultalon,480,0,0,0,1,1
9508,7884,Schola armored weapon,1679,3,1,5,1,3.4
9509,7885,Schola scorpion,1808,3,410,1,1,1.1
9510,7886,Schola colossus,253,3,76,1,1,3.2
9511,7887,Schola colossus rubricatus,254,3,76,1,2,3.4
9512,7888,Schola Mark II colossus,255,3,76,1,3,3.2
9513,7896,Noctis,2370,1,101,1,1,1
9514,7897,magitek trooper,2213,3,490,1,1,1
9515,7898,MA-X,2214,3,491,1,1,1.5
9516,7895,Iseultalon,2215,3,492,1,1,1
9517,6154,Dotharli chuluu,1935,3,343,2,1,1
9518,7715,the Shattered Star,2390,3,212,3,1,1
9519,6196,khun shavar,1806,3,408,1,1,2.6
9520,6336,stellar chuluu,2055,3,343,2,2,1
9521,2823,starfall circle,769,3,213,1,1,1
9522,7718,the Scale of the Father,2391,3,212,4,1,1
9523,7585,altar dullahan,121,3,29,1,1,3.8
9524,7586,altar totem,876,3,57,2,1,2.2
9525,7587,altar skatene,904,3,225,1,1,2.8
9526,7588,altar beast,1927,3,427,1,1,2
9527,7589,altar Kelpie,2042,3,168,3,1,3
9528,7590,Hati,248,3,71,1,1,1.2
9529,7591,altar chimera,197,3,53,1,1,1.6
9530,7627,altar diresaur,855,3,183,2,2,3.3
9531,7593,altar arachne,1491,3,280,2,1,1.4
9532,7622,altar arachne,480,0,0,0,1,1
9533,7595,the Winged,1530,3,118,2,4,2.4
9534,7596,feather of the Winged,1957,3,93,1,7,1
9535,7597,the Older One,2075,3,105,6,1,2.2
9536,7598,altar idol,2075,3,105,6,1,0.75
9537,7599,the Great Gold Whisker,2021,3,405,1,4,8
9538,7600,altar mandragora,2438,3,88,1,1,9.5
9539,7601,altar Airavata,2114,2,1009,13,2,2.5
9540,7602,gold whisker,2021,3,405,1,4,1.8
9541,7603,altar Matanga,1800,2,1009,13,1,1.8
9542,7604,altar onion,757,3,88,2,1,2.8
9543,7605,altar egg,758,3,88,3,1,2.8
9544,7606,altar garlic,759,3,88,4,1,2.8
9545,7607,altar tomato,760,3,88,5,1,2.8
9546,7608,altar queen,761,3,88,6,1,2.8
9547,7609,Atomos asipu,970,3,61,1,2,2.5
9548,7934,tainted soul,49,3,9,1,2,2.5
9549,163,Sylphlands sentinel,293,3,87,1,2,1
9550,7935,sword knight,480,0,0,0,1,1
9551,7759,Leucosia,480,0,0,0,1,1.5
9552,8265,forgiven ambition,2633,3,183,1,3,1.4
9553,7732,crimson ember,1096,3,265,1,1,0.5
9554,7733,cobalt ember,1097,3,265,1,2,0.5
9555,7934,tainted soul,1405,3,195,2,1,1.4
9556,7618,Benandonner,1907,3,195,1,3,1.4
9557,7731,Penthesilea,480,0,0,0,1,1
9558,7731,Penthesilea,480,0,0,0,1,1
9559,9147,Engels,2743,3,602,1,1,1.5
9560,7628,altar apanda,1631,3,183,4,2,3.3
9561,7727,Eldthurs,480,0,0,0,1,1
9562,7728,sulphuric slime,2479,3,87,1,12,1.5
9563,7620,hydrosphere,390,3,156,1,2,1.2
9564,7592,altar korrigan,1046,3,88,1,2,2.8
9565,7594,Matanga prince,1983,3,8242,1,1,5
9566,7621,altar deepeye,1906,3,88,7,2,3
9567,7743,earth familiar,83,3,21,1,3,2
9568,7744,water familiar,1867,3,417,2,1,1
9569,7629,altar manticore,1749,3,183,1,2,3.3
9570,7742,Askalaphos,480,0,0,0,1,1
9571,7630,altar vodoriga,363,3,141,1,1,1.5
9572,7747,demon's elemental,1006,3,153,1,7,2
9573,7623,altar arachne,480,0,0,0,1,1
9574,7631,totem's head,860,3,145,2,1,1.1
9575,7719,altar keeper,1624,1,901,1,1,2.5
9576,7745,wind familiar,1197,3,271,1,3,1
9577,7720,altar katasharin,2234,3,340,2,1,1.5
9578,7721,altar ahriman,170,3,43,1,4,2.3
9579,7730,daughter of Glaukopis,2339,3,225,4,1,1
9580,7756,Dux,480,0,0,0,1,1
9581,7757,thundercloud,1572,3,273,1,5,1
9582,7758,thunderball,1015,3,156,1,29,1
9583,7722,altar dragon,732,3,23,3,1,0.8
9584,7702,Suzaku,2393,3,272,1,16,1
9585,7723,altar scribe,1431,2,1027,1,1,3
9586,7598,altar idol,2075,3,105,6,1,0.75
9587,7598,altar idol,2075,3,105,6,1,0.75
9588,7598,altar idol,2075,3,105,6,1,0.75
9589,7764,Pyros elemental,271,3,83,1,1,2
9590,7724,altar syricta,1210,3,49,4,2,1.4
9591,7248,happy bunny,2172,3,465,1,1,1.8
9592,7765,lost snipper,1814,3,38,2,1,1
9593,7766,lost big claw,1814,3,38,2,1,1.75
9594,7893,Garuda,2469,3,550,1,1,1
9595,7751,the Weeping Willow,106,3,27,1,5,2
9596,7752,sobbing sapling,656,3,135,1,2,2.5
9597,7248,happy bunny,2172,3,465,1,1,1.8
9598,7768,granite gaol,249,3,72,1,1,1.3
9599,7769,Pyros wood golem,1759,3,392,1,1,1
9600,7770,Pyros hardwood golem,1759,3,392,1,1,1.75
9601,7767,Karlabos of Pyros,824,3,215,2,1,2
9602,9190,Gaius Baelsar,480,0,0,0,1,1
9603,7750,Lumber Jack,480,0,0,0,1,1
9604,7750,Lumber Jack,480,0,0,0,1,1
9605,7750,Lumber Jack,480,0,0,0,1,1
9606,7748,Lamebrix Strikebocks,480,0,0,0,1,1
9607,7749,dazzletype magitek vangob G-III,673,3,56,2,1,1.5
9608,9196,canis praetorianus,480,0,0,0,1,1
9609,8374,Ran'jit,480,0,0,0,1,1
9610,7248,happy bunny,2172,3,465,1,1,1
9611,7702,Suzaku,480,0,0,0,1,1
9612,7737,Graffi,1376,3,310,2,1,0.6
9613,7738,Acane,1377,3,310,2,2,0.6
9614,8590,killer bee,764,3,204,1,1,2.5
9615,7761,tear,385,3,153,1,5,3
9616,7762,rainbow drop,1008,3,156,1,27,1
9617,8589,psammead,2481,3,55,6,1,3.8
9618,8586,garden crocota,295,3,87,1,4,1
9619,8587,werewood,27,3,2,2,3,2
9620,108,,480,0,0,0,1,1
9621,7741,audience,831,3,183,4,1,1.2
9622,7696,rocket punch,2374,3,114,5,1,8
9623,7696,rocket punch,2375,3,114,6,1,2.5
9624,7686,veiled gigaworm,764,3,204,1,1,1
9625,7800,voidskipper,764,3,204,1,1,1
9626,8002,Arsenal eye,1961,3,271,1,26,1.5
9627,7689,loose boulder,1961,3,271,1,26,1.5
9628,7755,thunderhead,1572,3,273,1,5,1
9629,7718,the Scale of the Father,2391,3,212,4,1,1
9630,7642,profane cane,768,3,212,1,1,1
9631,7642,profane cane,768,3,212,1,1,1
9632,7726,Lesath,480,0,0,0,1,1
9633,7695,Omega,480,0,0,0,1,1
9634,7850,firestone golem,1872,3,42,5,3,1.1
9635,7851,carrion griffin,1852,3,236,1,5,2
9636,7739,Skoll,2450,4,20089,0,1,1
9637,7739,Skoll,480,0,0,0,1,1
9638,7852,conductive focus,476,3,9994,1,1,2.49
9639,7739,Skoll,480,0,0,0,1,1
9640,7769,Pyros wood golem,1759,3,392,1,1,1
9641,7909,"Ultima, the High Seraph",2398,3,530,1,1,1
9642,7853,augmented rocket punch,2460,3,114,5,2,1.5
9643,9066,Yojimbo,1766,3,395,1,1,1
9644,108,,1770,3,177,4,1,1
9645,108,,480,0,0,0,1,1
9646,7664,Dominion,2402,3,196,3,1,1
9647,7857,Julia quo Soranus,2471,1,601,1,1,1.2
9648,7858,Annia quo Soranus,2472,1,601,1,1,1.2
9649,7861,Soranus duo,2407,3,534,1,1,1.2
9650,7862,ceruleum tank,998,3,250,1,1,1
9651,108,,480,0,0,0,1,1
9652,7895,Iseultalon,480,0,0,0,1,1
9653,7861,Soranus duo,477,3,9994,1,2,1
9654,7664,Dominion,2402,3,196,3,1,1
9655,7919,Mustadio,2422,3,361,3,1,1
9656,7920,early turret,2440,3,543,1,1,3.8
9657,7921,iron construct,2541,3,489,1,2,1.3
9658,7801,red eye,14,2,1012,1,1,1
9659,8336,blightspear,619,3,9994,2,1,1
9660,7919,Mustadio,1964,3,272,1,8,1
9661,8076,arena slime,292,3,87,1,1,1.5
9662,8077,arena dullahan,125,3,29,1,5,1.5
9663,7725,scarlet lady,59,3,14,1,2,1
9664,8078,arena pudding,201,3,55,1,1,1.5
9665,8079,arena gelato,202,3,55,1,2,1.5
9666,8080,arena marshmallow,203,3,55,1,3,1.5
9667,8081,arena licorice,204,3,55,1,4,1.5
9668,8082,arena bavarois,205,3,55,1,5,1.5
9669,8083,arena flan,206,3,55,1,6,1.5
9670,8084,Zipacna,1535,3,343,1,1,1
9671,7721,altar ahriman,56,3,13,1,1,2
9672,8086,arena wolf,159,3,41,1,1,1.5
9673,7845,Pyros hecteyes,253,3,76,1,1,1
9674,137,wandering bones,100,3,26,1,1,2
9675,8039,gorpokkur,864,3,26,1,5,3
9676,8089,brotherly gil turtle,94,3,23,1,1,1
9677,8090,arena catoblepas,563,3,171,1,1,1.1
9678,8092,arena eye,167,3,43,1,1,1.5
9679,8043,Thor the Lost,603,3,183,1,1,1.5
9680,8044,unfound ogre,220,3,58,1,2,1
9681,8045,tigerhawk,197,3,53,1,1,1
9682,8085,arena bat,98,3,25,1,1,2
9683,9106,Kehda'to Moui,75,3,19,1,1,1.2
9684,8084,Zipacna,81,3,21,1,1,2
9685,8087,Kreios,253,3,76,1,1,2.5
9686,8088,arena beetle,56,3,13,1,1,2
9687,7899,the Thunder God,2410,3,537,1,1,14
9688,7900,ephemeral knight,2545,3,568,1,1,5
9689,7901,icewolf,1571,3,271,1,18,2
9690,7855,Mark III-B magitek colossus,2542,3,76,1,6,3.5
9691,7946,harpy,2448,3,44,2,1,3
9692,7976,Absolute Virtue,2399,3,531,1,1,2.7
9693,7977,Relative Virtue,2399,3,531,1,1,2.7
9694,7978,Aern's wynav,2425,3,239,2,1,1
9695,7979,bright aurora,1506,3,271,1,17,1
9696,7980,dark aurora,789,3,156,1,20,1
9697,7947,monastic ghost,1504,3,334,1,1,2.5
9698,7948,monastic skeleton,17,2,1015,1,1,2
9699,7950,dark crusader,2420,3,73,2,1,3.5
9700,7949,nightstalker,2420,3,73,2,1,2.5
9701,7951,ruins parthenope,1577,3,352,3,1,2
9702,7952,ruins geshunpest,2185,3,476,1,1,1.8
9703,7953,ruins dweller,1609,3,143,3,1,2
9704,7981,Proto Ozma,2512,3,391,1,3,1
9705,7982,shadow,2498,3,391,1,2,1
9706,7983,Ozmasphere,1573,3,271,1,19,1
9707,7984,Arsenal urolith,1519,3,339,1,1,1
9708,7922,Seiryu,2403,3,532,1,1,2.2
9709,7930,blue orochi,2408,3,535,1,1,1
9710,7923,aka-no-shiki,2234,3,340,2,1,1.3
9711,7924,ao-no-shiki,2235,3,340,3,1,1.5
9712,7925,iwa-no-shiki,2145,3,58,8,1,1
9713,7927,numa-no-shiki,1821,3,55,4,1,2
9714,7928,doro-no-shiki,1821,3,55,4,1,1.2
9715,7929,yama-no-shiki,2551,3,311,4,2,4
9716,7922,Seiryu,2403,3,532,1,1,2.2
9717,7930,blue orochi,2408,3,535,1,1,1
9718,7927,numa-no-shiki,1821,3,55,4,1,2
9719,7928,doro-no-shiki,1821,3,55,4,1,1.2
9720,7926,ten-no-shiki,2187,3,285,8,1,2.7
9721,7929,yama-no-shiki,2551,3,311,4,2,4
9722,7906,goblin mercenary,1638,2,1004,12,1,2.86
9723,7891,Falcon mercenary,2517,2,1004,12,4,2.86
9724,7892,Raven mercenary,2516,2,1004,12,3,2.86
9725,7570,Yojimbo,1766,3,395,1,1,1
9726,7571,inoshikacho,1097,3,265,1,2,0.3
9727,7572,embodiment,2154,3,461,1,1,2
9728,7573,Gilgamesh,2363,3,522,1,1,17
9729,7574,dragon's head,1001,3,253,1,1,3
9730,7575,iron chain,1010,3,256,1,1,1
9731,7576,electrogenetic force,1015,3,156,1,29,1
9732,7657,"Ultima, the High Seraph",2473,3,552,1,1,1.3
9733,7973,Raiden,2463,3,549,1,1,2.7
9734,7974,ball lightning,1015,3,156,1,29,1
9735,7975,streak lightning,941,3,159,1,2,2
9740,108,,480,0,0,0,1,1
9741,7879,Schola predator,1669,3,366,1,1,0.8
9746,8922,Dikaiosyne,480,0,0,0,1,1
9752,7879,Schola predator,1669,3,366,1,1,0.8
9753,7880,Schola avenger,1818,3,183,6,1,1.1
9754,108,,213,3,56,1,1,1.3
9755,7973,Raiden,480,0,0,0,1,1
9756,10216,air support,480,0,0,0,1,1
9757,8922,Dikaiosyne,480,0,0,0,1,1
9758,750,???,2497,3,204,4,1,14
9759,7931,Agrias,2421,3,285,9,1,3.8
9760,7932,ephemeral knight,2421,3,285,9,1,3.8
9761,7933,taintless soul,2153,3,334,1,4,1.5
9762,7934,tainted soul,1504,3,334,1,1,1.5
9765,7937,emblazoned shield,2552,3,9994,1,1,1
9766,8133,Halidom,2505,3,9994,1,1,1
9767,230,sylvan sough,1246,3,271,1,1,1
9768,7976,Absolute Virtue,480,0,0,0,1,1
9769,7981,Proto Ozma,480,0,0,0,1,1
9770,7915,Mustadio,2506,1,101,1,1,1
9771,7916,Agrias,2507,1,201,1,1,1
9772,7917,the Thunder God,2508,1,101,1,1,1
9779,8922,Dikaiosyne,480,0,0,0,1,1
9780,7912,Demi-Famfrit,2549,3,481,1,2,1.65
9781,7913,aspersory,2550,3,504,1,2,2
9782,7914,Demi-Belias,2548,3,480,1,2,2.7
9783,7911,Demi-Hashmal,2547,3,432,1,2,2.7
9784,7918,Ramza,2509,1,101,1,1,1.3
9785,7910,auracite shard,2538,3,204,6,1,1.25
9786,7908,Ruination,2480,5,0,0,1,1
9787,7985,Arsenal viking,1431,2,1027,1,1,2
9788,7986,Arsenal magus,1431,2,1027,1,1,2
9789,7987,Arsenal scribe,1431,2,1027,1,1,2
9790,7988,Arsenal Byblos,831,3,183,4,1,1.5
9791,7989,Arsenal centaur,1457,2,1021,3,1,1.3
9792,7990,Arsenal bibliotaph,925,3,227,1,1,1.5
9793,7991,Arsenal poroggo,1445,3,320,1,1,5
9794,8922,Dikaiosyne,480,0,0,0,1,1
9795,7992,Arsenal Calcabrina,1375,3,310,1,1,1.5
9796,7993,Arsenal logos,121,3,29,1,1,1.6
9797,7994,Arsenal fan,1528,3,340,1,1,1.2
9798,7995,Arsenal Strix,1592,3,330,3,1,1.5
9799,7996,Arsenal tome,877,3,197,2,1,1
9800,7997,Arsenal skatene,904,3,225,1,1,1
9801,7998,Arsenal Calca,1376,3,310,2,1,0.6
9802,7999,Arsenal Brina,1377,3,310,2,2,0.6
9803,8000,Arsenal vodoriga,1296,3,141,1,4,1.2
9804,8001,Arsenal demon wall,256,3,77,1,1,4
9805,8002,Arsenal eye,171,3,43,1,5,1.5
9806,8003,Arsenal sprite,612,3,153,1,6,1
9807,8004,Arsenal geshunpest,2185,3,476,1,1,1.5
9808,7896,Noctis,2370,1,101,1,1,1
9809,7896,Noctis,2370,1,101,1,1,1
9810,7896,Noctis,480,0,0,0,1,1
9811,7894,turbulence,1685,3,272,1,6,1
9812,1649,monolith,301,3,92,1,1,1
9813,8922,Dikaiosyne,480,0,0,0,1,1
9814,7930,blue orochi,2408,3,535,1,1,1
9815,7930,blue orochi,2408,3,535,1,1,1
9816,7930,blue orochi,2408,3,535,1,1,1
9817,7930,blue orochi,2408,3,535,1,1,1
9818,7968,Art,2503,3,557,1,1,2.7
9819,7969,Orlasrach,2500,3,204,5,1,2.7
9820,7968,Art,480,0,0,0,1,1
9821,7970,Owain,2504,3,557,1,2,2.7
9822,7971,Munderg,2501,3,204,5,2,2.7
9823,7970,Owain,480,0,0,0,1,1
9824,7970,Owain,480,0,0,0,1,1
9825,7968,Art,2503,3,557,1,1,2.7
9826,7970,Owain,2504,3,557,1,2,2.7
9832,7879,Schola predator,1669,3,366,1,1,0.8
9833,8922,Dikaiosyne,480,0,0,0,1,1
9834,8922,Dikaiosyne,480,0,0,0,1,1
9835,7972,ivory palm,2499,3,114,4,2,2
9836,7902,man-eating hornet,359,3,137,1,1,1.5
9837,7903,monstrous mole,282,3,85,1,1,1.7
9840,7904,salvaged vanguard F-1,214,3,56,1,2,2
9841,7970,Owain,480,0,0,0,1,1
9842,7930,blue orochi,2408,3,535,1,1,1
9843,8057,dark rider,219,3,58,1,1,1.5
9844,8108,arena jam,220,3,58,1,2,1
9845,7985,Arsenal viking,1431,2,1027,1,1,2
9846,7986,Arsenal magus,1431,2,1027,1,1,2
9847,7991,Arsenal poroggo,1445,3,320,1,1,5
9848,8129,Azulmagia,2423,3,365,2,1,1
9849,8252,greater armadillo,2535,3,528,2,1,2
9850,8250,amphibious Talos,2489,3,489,3,1,0.9
9851,8249,Storge,2710,3,529,2,1,2
9852,8248,rhapsodic nail,2635,3,204,7,1,1.5
9853,7916,Agrias,480,0,0,0,1,1
9854,8251,morningstar,2631,3,106,3,1,1.4
9855,8129,Azulmagia,2423,3,365,2,1,1
9856,8129,Azulmagia,2423,3,365,2,1,1
9857,8132,maelstrom,635,3,9995,1,6,1
9858,8130,blazing angon,947,3,159,2,1,1
9859,9040,pack armadillo,2396,3,528,1,1,1
9860,8032,vivid gastornis,41,3,7,1,3,1.5
9861,8060,Ovni,2453,3,544,1,1,2
9862,8061,Provenance Watcher,2424,3,119,5,1,1
9863,8061,Provenance Watcher,480,0,0,0,1,1
9864,8063,Khalamari,2373,3,523,1,1,2
9865,7664,Dominion,2150,3,272,1,12,1
9866,6039,Zenos yae Galvus,2546,3,403,2,8,1.15
9867,7537,specter of Zenos,1972,3,403,2,5,1.15
9868,6039,Zenos yae Galvus,2555,3,403,3,2,1.15
9869,7537,specter of Zenos,2554,3,403,3,1,1.15
9870,9293,iguana huaca,1913,3,326,3,1,3
9871,6042,the Storm,1914,3,326,3,2,3
9872,6040,Ame-no-Habakiri,1915,3,326,4,1,2.5
9873,7986,Arsenal magus,1915,3,326,4,1,3
9874,6040,Ame-no-Habakiri,1915,3,326,4,1,3
9875,3293,aetherial tear,1208,3,273,1,1,1.5
9876,3211,dark aether,789,3,156,1,20,1.2
9883,8015,Hydatos nix,127,3,30,1,2,1.5
9884,8011,Hydatos slug,51,3,10,1,2,3
9885,8014,Val chigoe,36,3,6,1,1,3
9886,8008,Eurekan deathgaze,233,3,64,1,1,1
9887,8012,Hydatos pudding,204,3,55,1,4,1
9888,8013,laboratory coeurl,65,3,17,1,1,1
9889,8009,Val nanka,729,3,39,4,1,1
9890,8010,sabotender mariachi,142,3,36,1,2,3
9891,8016,Hydatos ziz,154,3,40,1,1,1
9892,8017,dark gaelicat,827,3,25,2,1,6
9893,8018,Hydatos grenade,102,3,26,1,3,4
9894,8019,Hydatos vepar,861,3,134,1,3,1
9895,8020,laboratory rat,24,3,2,1,1,5
9896,8021,nestless cockerel,595,3,180,1,1,3
9897,8022,Hydatos elbst,182,3,46,3,1,1
9898,8023,Hydatos tsanahale,727,3,141,2,1,1
9899,8024,xzomit,2373,3,523,1,1,1
9900,8025,nomadic Matanga,1800,2,1009,13,1,1
9901,8026,Val tulihand,1052,3,140,1,4,1
9902,8027,Val antelope,61,3,15,1,1,1
9903,8028,Hydatos primelephas,2076,3,246,4,1,1
9904,8029,lake yabby,1947,3,215,3,2,1
9905,8030,Eo'ghrah,1349,3,291,1,2,1
9906,8031,Val Nullchu,2297,3,397,1,2,1
9907,8032,vivid gastornis,1038,3,44,1,4,1
9908,8033,mammet #013BL,221,3,59,1,1,1
9909,8034,rusted dreadnaught,2287,3,139,1,2,1
9910,8035,void vouivre,952,3,64,4,1,1
9911,8036,shugen tengu,1868,3,285,7,1,1
9912,8037,northern tiger,575,3,177,1,1,1
9913,8038,dark void monk,1750,3,314,2,3,1
9914,8039,gorpokkur,1315,3,289,1,1,1
9915,8040,Val mantis,376,3,148,2,1,1.2
9916,8041,Hydatos squib,2088,3,290,2,1,1.2
9917,8042,Val mole,2376,3,85,3,1,2
9918,8043,Thor the Lost,967,2,1008,1,3,1.2
9919,8044,unfound ogre,187,3,49,1,1,1
9920,8045,tigerhawk,1274,3,11,3,1,1
9921,8046,Hydatos gigantopithecus,1439,3,238,2,1,1
9922,8047,laboratory lion,1845,3,415,1,3,1
9923,8048,Hydatos peiste,136,3,34,2,1,1
9924,8049,laboratory jackal,1931,3,41,1,6,1.5
9925,8050,Hydatos Delphyne,1878,2,1026,1,2,1.2
9926,8051,dark gargoyle,216,3,57,1,1,1
9927,5945,zu nestling,1421,3,60,3,5,1
9928,8052,Hydatos zebu,140,3,35,2,1,1
9929,8053,void wyvern,659,3,60,1,3,1
9930,8054,crystal claw,2371,3,1,7,1,1.7
9931,7176,death sprite,1006,3,153,1,7,1
9932,7471,snowmelt sprite,385,3,153,1,5,1
9933,7469,snowstorm sprite,382,3,153,1,2,1
9934,7470,thunderstorm sprite,384,3,153,1,4,1
9935,7176,death sprite,1006,3,153,1,7,1
9936,7471,snowmelt sprite,385,3,153,1,5,1
9937,7469,snowstorm sprite,382,3,153,1,2,1
9938,7470,thunderstorm sprite,384,3,153,1,4,1
9939,7176,death sprite,1006,3,153,1,7,1
9940,7471,snowmelt sprite,385,3,153,1,5,1
9941,7469,snowstorm sprite,382,3,153,1,2,1
9942,7470,thunderstorm sprite,384,3,153,1,4,1
9943,7176,death sprite,1006,3,153,1,7,1
9944,7471,snowmelt sprite,385,3,153,1,5,1
9945,7469,snowstorm sprite,382,3,153,1,2,1
9946,7470,thunderstorm sprite,384,3,153,1,4,1
9947,8055,soulless researcher,17,2,1015,1,1,2
9948,8055,soulless researcher,17,2,1015,1,1,2
9949,8055,soulless researcher,17,2,1015,1,1,2
9950,8056,soulless adventurer,862,2,1015,2,1,2
9951,8056,soulless adventurer,862,2,1015,2,1,2
9952,8056,soulless adventurer,862,2,1015,2,1,2
9953,8057,dark rider,956,3,237,1,1,2
9954,8057,dark rider,956,3,237,1,1,2
9955,8057,dark rider,956,3,237,1,1,2
9956,8058,Hydatos wraith,1745,3,334,1,3,2
9957,8058,Hydatos wraith,1745,3,334,1,3,2
9958,8058,Hydatos wraith,1745,3,334,1,3,2
9959,8059,samurai corpse,2303,3,338,4,1,2
9960,8059,samurai corpse,2303,3,338,4,1,2
9961,8059,samurai corpse,2303,3,338,4,1,2
9962,8059,samurai corpse,2303,3,338,4,1,2
9968,8064,paralarva,2373,3,523,1,1,1
9969,8065,flawless bubble,737,3,156,1,13,1
9970,8112,arena cyclops,219,3,58,1,1,0.8
9971,8112,arena cyclops,219,3,58,1,1,0.8
9972,8113,Tikbalang,1041,3,58,3,1,1
9973,8104,arena haagenti,840,3,143,2,1,1
9974,8105,arena vodoriga,363,3,141,1,1,1
9975,8106,arena succubus,18,2,1016,1,1,1
9976,8107,Carmilla,18,2,1016,1,1,2
9977,8109,bestial node,316,3,105,1,1,1
9978,8110,arena shabti,1092,3,161,1,2,1
9979,8111,arena serpent,559,3,65,1,2,1
9980,8122,arena grenade,101,3,26,1,2,4
9981,8101,arena gas bomb,1309,3,26,1,7,4
9982,8123,the Forefather,1299,3,286,1,2,2.5
9983,8090,arena catoblepas,563,3,171,1,1,1.1
9984,8091,arena mandragora,297,3,88,1,1,1
9985,8091,arena mandragora,297,3,88,1,1,1
9986,8093,ice sprite,382,3,153,1,2,1
9987,8094,lava slime,1079,3,87,1,9,1.6
9988,8093,ice sprite,382,3,153,1,2,1
9989,8094,lava slime,1079,3,87,1,9,1.6
9990,8095,gladiatorial node,765,3,210,1,1,1
9991,8094,lava slime,1079,3,87,1,9,1.6
9992,8140,arena cherry bomb,100,3,26,1,1,2
9993,8096,arena bomb,100,3,26,1,1,4
9994,8097,arena snoll,864,3,26,1,5,3
9995,8098,arena Progenitrix,1298,3,286,1,1,2.5
9996,8140,arena cherry bomb,100,3,26,1,1,2
9997,8097,arena snoll,864,3,26,1,5,3
9998,8096,arena bomb,1299,3,286,1,2,2.5
9999,8096,arena bomb,100,3,26,1,1,4
10000,8047,laboratory lion,864,3,26,1,5,3
10001,8078,arena pudding,201,3,55,1,1,1.5
10002,8079,arena gelato,202,3,55,1,2,1.5
10003,8080,arena marshmallow,203,3,55,1,3,1.5
10004,8081,arena licorice,204,3,55,1,4,1.5
10005,8082,arena bavarois,205,3,55,1,5,1.5
10006,8083,arena flan,206,3,55,1,6,1.5
10007,8100,Crom Dubh,770,3,29,1,7,1
10008,8101,arena gas bomb,1309,3,26,1,7,4
10009,8101,arena gas bomb,1309,3,26,1,7,4
10010,8103,arena roselet,48,3,9,1,1,2
10011,8102,Hydnora,1843,3,42,6,1,1.2
10012,8103,arena roselet,48,3,9,1,1,2
10013,8108,arena jam,294,3,87,1,3,2
10014,8108,arena jam,294,3,87,1,3,2
10015,8114,right claw,331,3,114,1,1,2
10016,8115,left claw,331,3,114,1,1,2
10017,8087,Kreios,253,3,76,1,1,2.5
10018,8114,right claw,331,3,114,1,1,2
10019,8115,left claw,331,3,114,1,1,2
10020,8116,arena manticore,603,3,183,1,1,1.5
10021,8116,arena manticore,603,3,183,1,1,1.5
10022,4916,firesand keg,1563,3,349,1,1,1.3
10023,8117,Reflective Rebekkah,1281,3,37,2,1,1.65
10024,8117,Reflective Rebekkah,1281,3,37,2,1,1.65
10025,8118,hot hip,1362,3,304,1,1,1.5
10026,3046,Typhon,261,3,78,1,1,2.5
10027,3047,Ultros,354,3,132,1,1,1.7
10028,3046,Typhon,261,3,78,1,1,2.5
10029,3047,Ultros,354,3,132,1,1,1.7
10030,8119,stylish tentacle,871,3,205,3,1,0.6
10031,8120,arena imp,63,3,16,1,1,1.5
10032,8121,Apademak,197,3,53,1,1,1
10033,8120,arena imp,63,3,16,1,1,1.5
10034,8124,kronprinz behemoth,165,3,42,1,1,1
10035,8132,maelstrom,635,3,9995,1,6,1
10036,8126,arena viking,1431,2,1027,1,1,2
10037,8127,arena magus,1431,2,1027,1,1,2
10038,8128,arena scribe,1431,2,1027,1,1,4
10039,8126,arena viking,1431,2,1027,1,1,2
10040,8127,arena magus,1431,2,1027,1,1,2
10041,8125,Epilogi,1631,3,183,4,2,1.5
10042,8127,arena magus,1431,2,1027,1,1,2
10043,7155,vacuum wave,1197,3,271,1,3,1
10044,8068,Leuke,1275,3,70,3,1,1.5
10045,108,,480,0,0,0,1,1
10046,7954,Fran,2382,2,1034,1,1,1.19
10047,108,,24,3,2,1,1,2
10048,8066,Tristitia,2470,3,551,1,1,1.5
10049,8067,phuabo,2470,3,551,1,1,1
10050,8069,stegodon,2521,3,246,4,2,2
10051,8069,stegodon,480,0,0,0,1,1
10052,7967,Daphne,1798,3,277,2,1,1.25
10053,7966,King Goldemar,1498,3,330,2,1,2
10054,7965,Barong,1846,3,415,1,1,2
10055,7248,happy bunny,2172,3,465,1,1,1.8
10056,8005,audacious elbst,182,3,46,3,1,1
10057,8005,audacious elbst,182,3,46,3,1,1
10058,8006,Haokah unburdened,773,2,1008,1,2,1.5
10059,8007,Haokah followed,773,2,1008,1,2,2.5
10060,7248,happy bunny,2172,3,465,1,1,1
10062,8187,Terminus idolizer,2128,3,191,1,2,2
10063,8778,forgiven shame,2737,3,141,4,2,1
10064,7248,happy bunny,2172,3,465,1,1,1.8
10065,7248,happy bunny,2172,3,465,1,1,1.8
10069,8917,Minfilia,2720,1,201,1,1,0.84
10072,8889,Ryne,2720,1,201,1,1,0.84
10074,8650,Crystal Exarch,2610,1,701,1,1,1
10075,8650,Crystal Exarch,2610,1,701,1,1,1
10076,8650,Crystal Exarch,2610,1,701,1,1,1
10077,8070,Molech,1041,3,58,3,1,1.5
10078,8071,adulator,1474,3,58,6,2,0.7
10079,6041,the Swell,1913,3,326,3,1,3
10080,6042,the Storm,1914,3,326,3,2,3
10081,8072,Frostmane,1749,3,183,1,2,2.3
10082,8073,Piasa,1530,3,118,2,4,2.4
10083,8074,plume fatale,480,0,0,0,1,1
10084,8075,plume portentious,1957,3,93,1,7,1
10085,7955,Ceto,2502,3,284,1,2,1
10086,7956,lifeless slave,16,2,1014,1,1,2.7
10087,7957,faithless guard,16,2,1014,1,1,2
10088,8061,Provenance Watcher,635,3,9995,1,6,1
10089,8062,icicle,764,3,204,1,1,2.5
10090,7967,Daphne,480,0,0,0,1,1
10091,7967,Daphne,480,0,0,0,1,1
10092,7964,tentacle,2624,3,205,1,2,0.6
10093,7964,tentacle,2624,3,205,1,2,0.6
10094,7964,tentacle,2624,3,205,1,2,0.6
10095,7966,King Goldemar,480,0,0,0,1,1
10096,7961,king's pike,597,1,101,1,1,1.5
10097,7962,king's knight,862,2,1015,2,1,1.8
10098,7963,king's jester,548,1,0,1,1,1.8
10099,7965,Barong,480,0,0,0,1,1
10100,7960,Barong's flame,1623,3,271,1,21,1.65
10101,7959,Barong's fire,2281,3,273,1,11,1.5
10102,7965,Barong,480,0,0,0,1,1
10103,7926,ten-no-shiki,2187,3,285,8,1,2.7
10104,108,,848,3,220,1,1,2
10105,8925,brightsphere,2317,3,271,1,33,1.1
10106,6068,undead warden,480,0,0,0,1,1
10107,8061,Provenance Watcher,480,0,0,0,1,1
10108,8131,Hydatos elemental,273,3,83,1,3,2
10109,8234,Archaeotania,2424,3,119,5,1,1
10110,8061,Provenance Watcher,2424,3,119,5,1,1
10111,108,,480,0,0,0,1,1
10112,108,,480,0,0,0,1,1
10113,108,,480,0,0,0,1,1
10114,108,,480,0,0,0,1,1
10115,108,,480,0,0,0,1,1
10116,7956,lifeless slave,16,2,1014,1,1,2.7
10117,7956,lifeless slave,16,2,1014,1,1,2.7
10118,7923,aka-no-shiki,2234,3,340,2,1,1.3
10119,7924,ao-no-shiki,2235,3,340,3,1,1.5
10120,7925,iwa-no-shiki,2145,3,58,8,1,1
10121,7965,Barong,480,0,0,0,1,1
10122,8299,forgiven dissonance,2611,3,557,2,2,4
10123,8300,"Tesleen, the Forgiven",2632,3,141,5,1,1.5
10124,8301,Philia,2434,3,541,1,1,1.4
10125,7176,death sprite,1006,3,153,1,7,1
10126,7471,snowmelt sprite,385,3,153,1,5,1
10127,7469,snowstorm sprite,382,3,153,1,2,1
10128,8135,glide bomb,100,3,26,1,1,4
10129,8134,killer wespe,359,3,137,1,1,2
10130,8136,giggling gigantoad,126,3,30,1,1,2
10131,8137,sabotender bailaor,142,3,36,1,2,4
10132,8139,lentic mudpuppy,151,3,39,1,1,1.8
10133,8138,magitek vanguard H-2,213,3,56,1,1,2.8
10134,8183,Terminus sprinter,2578,3,571,1,1,1.4
10135,8184,Terminus detonator,2580,3,572,1,2,2
10136,8185,Terminus flesher,2577,3,570,1,1,1.5
10137,8186,Terminus vanquisher,2640,3,389,1,2,0.7
10138,8187,Terminus idolizer,2637,3,327,2,3,0.9
10139,8188,Terminus reaper,1619,3,352,4,1,1.4
10140,8189,Terminus slitherer,1577,3,352,3,1,1.2
10141,8190,Terminus lacerator,2275,3,62,1,2,2
10142,8191,Terminus drainer,2185,3,476,1,1,1.1
10143,8192,Terminus twitcher,378,3,151,1,1,1.15
10144,8193,Terminus stalker,795,2,1003,5,1,4.2
10145,8194,Terminus crier,397,3,158,1,2,2
10146,8195,Terminus pursuer,162,3,41,2,1,1.2
10147,8196,Terminus shriver,1574,3,352,1,1,1.35
10148,8197,Terminus roiler,1006,3,153,1,7,1.5
10149,8198,Terminus beholder,1076,3,55,2,3,1.1
10150,8199,Terminus shadower,2087,3,286,2,1,0.8
10151,8200,Terminus howler,1439,3,238,2,1,1.1
10152,108,,2713,1,501,1,1,2.5
10153,108,,2592,3,68,2,1,1.8
10154,8210,Therion,2736,3,599,1,1,3.8
10155,8235,Cladoselache,2571,3,49,8,1,1.9
10156,8236,Doliodus,2572,3,49,8,2,1.9
10157,8234,Archaeotania,2585,3,573,1,1,1.7
10158,8826,shadow of the ancients,2765,1,501,1,1,2.5
10159,8231,Lozatl,2532,3,183,7,1,2.2
10160,8232,Batsquatch,2522,3,129,2,1,0.8
10161,8233,Eros,2435,3,128,3,1,1.17
10162,8935,twister,478,3,9995,1,2,1
10163,8981,Iron Beak,1720,3,386,1,1,1.3
10164,8455,pink flamingo,41,3,7,1,3,1.5
10166,8201,the First Beast,2592,3,68,2,1,1.8
10167,8826,shadow of the ancients,2765,1,501,1,1,2.5
10168,8202,Terminus bellwether,2531,3,564,1,1,6
10169,8203,Terminus flesher,2577,3,570,1,1,1.5
10170,8204,Terminus detonator,2580,3,572,1,2,2
10171,8205,Terminus roiler,1006,3,153,1,7,1.5
10172,8206,Terminus shriver,1574,3,352,1,1,1.35
10173,8207,Terminus crier,397,3,158,1,2,2
10174,8208,Terminus beholder,1076,3,55,2,3,1.1
10175,8209,Terminus pursuer,162,3,41,2,1,1.2
10176,8456,gaunt atrociraptor,97,3,24,1,2,1
10177,8210,Therion,2735,3,599,1,1,3.8
10179,8211,the Face of the Beast,2641,3,475,2,1,7
10180,8484,Fanow jaculus,955,3,236,1,1,1.05
10181,8325,elder nauplius,364,3,142,1,1,2.5
10182,8469,Tojil,1681,3,183,5,1,3.5
10183,541,striking dummy,2449,0,0,0,1,1
10184,5978,Moonstone Carbuncle,413,3,7002,1,5,1.5
10185,8141,"Aenc Thon, Lord of the Lingering Gaze",2734,3,320,2,1,1.5
10186,8260,forgiven cruelty,2613,3,146,4,2,1.3
10187,108,,1197,3,271,1,3,0.5
10188,8261,forgiven whimsy,2671,3,585,1,1,0.9375
10189,7864,brightsphere,2317,3,271,1,33,1
10190,8262,forgiven obscenity,2570,3,375,3,1,1.25
10191,8262,forgiven obscenity,2570,3,375,3,1,1.25
10192,108,,2705,3,271,1,35,1
10193,8162,alpha zaghnal,342,3,120,3,1,2
10194,8163,beta zaghnal,341,3,120,2,1,1.25
10195,8164,iron cage,480,0,0,0,1,1
10196,8147,Dohnfast anemone,2534,3,84,4,1,2
10197,8148,crimson morpho,1482,3,265,1,1,0.5
10198,8149,cobalt morpho,1483,3,265,1,2,0.5
10199,8150,cadmium morpho,1314,3,265,1,3,0.5
10200,8151,Dohnfast echevore,2587,3,2,4,1,2.5
10201,8152,Dohnfast moss fungus,2574,3,569,1,1,1.2
10202,8153,Dohnfast undine,1867,3,417,2,1,0.6
10203,8154,Dohnfast Fuath,2525,3,320,2,2,1.5
10204,8856,Dohnfast basket,2558,3,49,7,1,1
10205,8156,Dohnfast etainmoth,2652,3,195,1,4,1
10206,8157,Dohnfast rowan,2648,3,27,1,6,0.65
10207,8158,honeymaker,949,3,11,2,1,1
10208,8159,honeyhunter,1297,3,176,4,1,1.2
10209,8160,Dohnfast Kelpie,2042,3,168,3,1,1.5
10210,8161,naiad,1299,3,286,1,2,1.7
10211,8361,Titania,2474,3,553,1,1,2
10212,8357,Mustardseed,2648,3,27,1,6,0.8
10213,8356,Peaseblossom,1301,2,1009,10,1,1.5
10214,8355,Puck,1949,3,392,1,2,1.5
10215,8359,spirit of dew,1299,3,286,1,2,1.7
10216,8358,spirit of flame,2702,3,114,7,1,2
10217,8357,Mustardseed,2616,3,578,1,1,3
10218,8356,Peaseblossom,2617,3,579,1,1,5.5
10219,8360,Puck,2573,3,311,5,1,4
10220,8354,spirit of wood,872,3,205,2,1,0.4
10221,8361,Titania,2474,3,553,1,1,2
10222,8357,Mustardseed,2648,3,27,1,6,0.8
10223,8356,Peaseblossom,1301,2,1009,10,1,1.5
10224,8360,Puck,1949,3,392,1,2,1.5
10225,8359,spirit of dew,1299,3,286,1,2,1.7
10226,8357,Mustardseed,2616,3,578,1,1,3
10227,8356,Peaseblossom,2617,3,579,1,1,5.5
10228,8360,Puck,2573,3,311,5,1,4
10229,8169,zaghnal,340,3,120,1,1,1
10230,8170,search drone,766,3,211,1,1,0.8
10231,7062,servomechanical minotaur,2159,3,58,9,1,0.75
10232,8172,enforcement droid 209,1089,2,2,2,1,0.6
10233,8173,clockwork ark knight,388,3,155,1,1,1.5
10234,8174,surplus Kaliya,2763,3,606,1,1,1
10235,8175,flanborg,2685,3,591,2,1,1.4
10236,8176,vitalized iksalion,1099,3,141,3,1,1
10237,8177,vitalized reptoid,842,2,1021,1,1,1.2
10238,8178,vitalized shabti,401,3,161,1,1,1.2
10239,8179,ghrah maximization,1348,3,291,1,2,1.4
10240,8180,ghrah maximization,1350,3,291,1,2,1.2
10241,8181,ghrah maximization,1349,3,291,1,2,1.2
10242,8182,Mark CXLIV Thermocoil Boilbuster,2655,3,313,1,3,1
10243,8165,Mithridates,2612,3,576,1,1,2
10244,8166,levinball,1854,3,271,1,34,1
10245,8167,the Tycoon,2563,3,354,2,1,0.9
10246,8569,echevore,2587,3,2,4,1,2.5
10247,8155,flower basket,2558,3,49,7,1,1
10248,8571,garden anemone,2534,3,84,4,1,2
10249,8572,Nu Mou fungimancer,2693,2,1037,1,2,1
10250,8573,Nu Mou potter,2693,2,1037,1,2,1
10251,8574,garden porxie,2595,3,80,3,1,1
10252,8575,phooka,2653,3,225,2,2,1
10253,8576,etainmoth,2652,3,195,1,4,1
10254,8577,green glider,2660,3,540,1,2,1.5
10255,8578,moss fungus,2574,3,569,1,1,1.2
10256,8579,purple morpho,1314,3,265,1,3,1
10257,8788,blood morpho,1482,3,265,1,1,1
10258,8581,hawker,1851,3,198,1,2,1.5
10259,8582,rainbow lorikeet,1155,3,138,1,2,1.3
10260,8583,tot aevis,604,3,60,3,1,1
10261,8584,rabbit's tail,1950,3,81,1,3,3
10262,8585,rosebear,1297,3,176,4,1,1.2
10263,8586,garden crocota,162,3,41,2,1,1.3
10264,8587,werewood,1759,3,392,1,1,1.2
10265,8588,witchweed,1270,3,280,1,1,0.6
10266,8589,psammead,1491,3,280,2,1,0.7
10267,8590,killer bee,949,3,11,2,1,1
10268,8459,nesting gizamaluk,233,3,64,1,1,1
10269,8592,undine,1867,3,417,2,1,0.6
10270,8653,Aglaope,2593,3,69,1,3,1
10271,8654,the mudman,2357,3,55,5,1,3.5
10272,8655,O Poorest Pauldia,2599,3,427,1,2,1.75
10273,8656,Domovoi,2558,3,49,7,1,2
10274,8596,tomatl,2395,3,527,1,1,0.8
10275,8597,forest echo,2513,3,26,3,1,3.5
10276,8598,cracked Ronkan doll,2707,3,416,3,1,1
10277,8599,cracked Ronkan thorn,2569,3,153,3,1,2
10278,8600,vampire vine,2648,3,27,1,6,1
10279,8601,Greatwood rail,2661,3,44,2,2,2.5
10280,8789,cracked Ronkan vessel,2738,3,339,1,3,1.6
10281,8603,snapweed,2675,3,589,1,1,1.3
10282,8604,atrociraptor,97,3,24,1,2,1
10283,8605,hoarmite,22,3,1,3,1,2
10284,8606,gizamaluk,233,3,64,1,1,1
10285,8607,blue deer stag,62,3,15,2,1,1.3
10286,8608,blue deer doe,61,3,15,1,1,1.2
10287,8609,helm beetle,1316,3,290,1,1,2
10288,8610,floor mandrill,32,3,4,1,2,1.2
10289,8611,wild swine,45,3,8,1,2,1.2
10290,8612,caracal,1815,3,17,6,1,1.5
10291,8613,vampire cup,34,3,5,1,1,1
10292,8614,woodbat,98,3,25,1,1,2
10293,8615,forest flamingo,41,3,7,1,3,1.5
10294,8616,tarichuk,154,3,40,1,1,1.2
10295,8591,djinn,1923,3,423,1,1,1.3
10296,8890,Ixtab,2596,3,365,3,1,2.7
10297,8891,Supay,2661,3,44,2,2,4
10298,8892,Grassman,735,3,183,3,1,2
10299,8893,Mindmaker,2419,3,527,1,1,1
10300,8894,Pachamama,1302,3,235,2,1,1.15
10301,8618,clionid,2432,3,539,1,1,1.5
10302,8619,dagon,2588,3,5,3,1,1
10303,8620,danbania,2676,3,590,1,1,1.5
10304,8621,cubus,2684,3,591,1,8,1.5
10305,8622,sea anemone,2651,3,84,4,2,2
10306,8638,benthos grappler,2695,2,1007,1,6,1
10307,8623,amphisbaena,1682,3,234,4,1,0.7
10308,8624,urchinfish,1683,3,26,2,1,3
10309,8625,morgawr,1522,3,314,2,2,1
10310,8626,trilobite,1719,3,385,1,1,1
10311,8627,stingray,1939,3,296,2,2,0.8
10312,8628,hydrozoan,1714,3,380,1,1,0.6
10313,8629,sea gelatin,1941,3,336,1,4,1
10314,8621,cubus,1271,3,282,2,1,1
10315,8630,Tempest swallow,2043,3,296,3,1,0.8
10316,8631,blue swimmer,355,3,133,1,1,2
10317,8632,deep-sea leech,600,3,181,1,1,1
10318,8633,mnyiri,741,3,209,1,1,1
10319,8634,nauplius,364,3,142,1,1,1
10320,8635,mantis shrimp,1709,3,215,3,1,1
10321,8638,benthos grappler,1867,3,417,2,1,1
10322,8895,Gunitt,2594,3,76,3,1,4
10323,8896,Rusalka,1867,3,417,2,1,1.5
10324,8897,Baal,2780,3,5,3,1,2
10325,8898,Gilshs Aath Swiftclaw,2695,2,1007,1,6,1.5
10326,8899,Deacon,2597,3,385,1,2,2
10327,8657,Vulpangue,2433,3,540,1,1,2.5
10328,8543,desert armadillo,2396,3,528,1,1,1
10329,8544,masterless Talos,2488,3,489,2,1,0.6
10330,8335,Ondo spearfisher,2397,3,529,1,1,1
10331,8545,evil weapon,2601,3,574,1,1,1.2
10332,8546,long-tailed armadillo,2396,3,528,1,1,1.5
10333,8547,gigantender,2445,3,416,2,1,1
10334,8548,ngozi,2659,3,396,1,2,1
10335,8549,Amber iguana,2732,3,30,2,2,1.2
10336,8550,ancient lizard,2674,3,588,1,1,1.1
10337,8551,tolba,95,3,23,1,2,1
10338,8552,ovim billy,183,3,47,1,1,1.2
10339,8553,ovim nanny,184,3,47,1,2,1.2
10340,8554,sibilus,136,3,34,2,1,1
10341,8555,shorttail sibilus,2590,3,34,1,2,1
10342,8556,sand mole,282,3,85,1,1,1.2
10343,8557,thistle mole,283,3,85,2,1,1.2
10344,8558,scissorjaws,1717,3,383,1,1,1.3
10345,8559,gnome,1849,3,49,5,2,1
10346,8560,sandsucker,238,3,68,1,1,1
10347,8561,debitage,2777,3,396,2,2,1
10348,8562,ghilman,344,3,122,1,1,1.2
10349,8563,flame zonure,179,3,46,1,1,1
10350,8564,harvester,76,3,19,1,2,1
10351,8565,phorusrhacos,1720,3,386,1,1,1
10352,8566,desert coyote,160,3,41,1,2,1
10353,8567,molamander,1737,3,352,5,1,1
10354,8568,megalobat,99,3,25,1,2,1.5
10355,8900,Tarchia,2591,3,42,8,1,1.7
10356,8901,Maliktender,2776,3,416,2,2,1.8
10357,8902,Sugaar,135,3,34,1,1,2.5
10358,8903,Worm of the Well,242,3,68,1,6,1.5
10359,8904,Juggler Hecatomb,2601,3,574,1,1,2.5
10360,8358,spirit of flame,2702,3,114,7,1,2
10361,8213,Terminus sprinter,2578,3,571,1,1,1.4
10362,8498,Chiliad cama,2428,2,1036,1,1,1.2
10363,8499,grey draco,2433,3,540,1,1,1.5
10364,8500,giant iguana,2537,3,30,2,1,1.2
10365,8501,lake anemone,2534,3,84,4,1,2
10367,8502,violet triffid,2658,3,377,3,3,1.4
10368,8503,gnole,2672,3,586,1,1,1.2
10369,8504,wetland warg,2431,3,538,1,1,1
10370,8505,white gremlin,396,3,158,1,1,2
10371,8506,silkmoth,646,3,195,1,1,0.8
10372,8507,hoptrap,49,3,9,1,2,2
10373,8508,wolverine,1948,3,176,3,3,1
10374,8509,zonure,180,3,46,1,2,1.3
10375,8786,lake viper,235,3,65,2,1,1
10376,8511,smilodon,1438,3,177,3,1,1
10377,8512,coelurosaur,96,3,24,1,1,1
10378,8513,irrlicht,80,3,20,1,3,1
10379,8514,ya-te-veo,1224,3,5,2,4,0.9
10380,8515,proterosuchus,373,3,147,1,2,1
10381,8516,elven knight,862,2,1015,2,1,1.5
10382,8905,Tyger,2724,3,53,1,4,1.6
10383,8906,Nuckelavee,2042,3,168,3,1,2
10384,8907,Nariphon,1772,3,397,1,1,1
10385,8908,La Velue,914,3,176,3,1,1.5
10386,8909,Itzpapalotl,1405,3,195,2,1,1.5
10389,8570,iron chain,2721,3,273,1,27,1
10390,8299,forgiven dissonance,2317,3,271,1,33,1.1
10391,8517,ironbeard,2583,3,408,2,1,2.6
10392,8518,hobgoblin,2688,2,1040,1,1,1.1
10393,8519,calx,2397,3,529,1,1,1
10394,8520,defective Talos,2575,3,489,4,1,1
10395,8521,Kholusian iguana,2537,3,30,2,1,1.2
10396,8522,sulphur byrgen,2669,3,417,1,4,1
10397,8523,maultasche,2650,3,54,1,3,1.5
10398,8524,huldu,2589,3,26,4,1,2
10399,8525,island rail,2649,3,44,1,5,1.5
10400,8791,upland iguana,2732,3,30,2,2,1.2
10401,8526,hobgoblin guard,2689,2,1040,1,2,1.1
10402,8527,cliffkite,2333,3,64,8,1,1.5
10403,8528,cliffmole,2778,3,85,3,2,2
10404,8529,Scree gnome,1819,3,49,5,1,1
10405,8787,big claw,150,3,38,1,3,1.6
10406,8531,toucalibri,360,3,138,1,1,1
10407,8532,wood eyes,2006,3,377,3,2,1.4
10408,8533,island wolf,159,3,41,1,1,1.5
10409,8534,Kholusian bison,138,3,35,1,1,1
10410,8535,Gulg knocker,176,3,45,1,1,1
10411,8536,whiptail,130,3,32,1,1,2
10412,8537,lowland hyssop,724,3,84,3,1,1.5
10413,8538,highland hyssop,1045,3,84,3,2,1.5
10414,8539,tragopan,42,3,7,1,4,1.5
10415,8540,saichania,1293,3,42,5,1,1
10416,8541,gulgnu,564,3,171,1,2,1.2
10417,8542,germinant,2297,3,397,1,2,0.8
10418,8913,Coquecigrue,2649,3,44,1,5,2.5
10419,8914,Indomitable,2583,3,408,2,1,3.5
10420,8911,Li'l Murderer,2690,2,1040,1,3,3
10421,8912,Huracan,2598,3,420,1,2,0.7
10422,8915,forgiven rebellion,2614,3,196,4,1,2
10423,8310,forgiven cowardice,2524,3,141,4,1,1.2
10424,8264,forgiven hypocrisy,2600,3,557,2,1,3
10425,8388,forgiven venery,2686,2,1016,4,1,1.4
10426,8308,forgiven deceit,2560,3,64,3,3,1
10427,8303,forgiven folly,2623,3,1,3,4,2.2
10428,8302,forgiven conceit,2562,3,176,1,5,1.8
10429,8306,forgiven disobedience,2561,3,171,2,2,1.5
10431,5978,Moonstone Carbuncle,413,3,7002,1,5,1.5
10432,5239,Alisaie,1652,1,604,1,1,0.97
10436,8917,Minfilia,2720,1,201,1,1,0.84
10438,8279,engendered danbania,2676,3,590,1,1,1.5
10439,8275,engendered monk,1419,3,314,2,1,1.2
10440,8278,engendered bombfish,1683,3,26,2,1,3.5
10441,8274,engendered pteraketos,2673,3,587,1,1,1.3
10442,8276,engendered shark,1271,3,282,2,1,1.3
10443,8277,engendered clionid,2432,3,539,1,1,1.5
10444,8288,engendered cactuar giant,2445,3,416,2,1,1
10445,8280,engendered lycopersicum,2395,3,527,1,1,0.8
10446,8281,engendered anemone,2534,3,84,4,1,2
10447,8287,engendered snapweed,2675,3,589,1,1,1.3
10448,8285,laboratory tomato,760,3,88,5,1,2.8
10449,8283,laboratory eggplant,758,3,88,3,1,2.8
10450,8284,laboratory garlic,759,3,88,4,1,2.8
10451,8282,laboratory onion,757,3,88,2,1,2.8
10452,8286,laboratory queen,761,3,88,6,1,2.8
10453,8292,engendered soma,2625,3,382,2,1,1.3
10454,8291,engendered pegasus,1472,3,263,1,2,2.3
10455,8289,evil armor,2665,3,73,2,2,3
10456,8293,engendered bomb,2579,3,572,1,1,1.4
10457,8290,engendered bandersnatch,913,3,177,2,1,1.5
10458,8273,Quetzalcoatl,2744,3,603,1,1,1.8
10459,108,,389,3,156,1,1,0.7
10460,8214,Ronkan idol,2707,3,416,3,1,1.2
10461,8215,Ronkan vessel,2738,3,339,1,3,1
10462,8216,razana,1509,3,39,6,1,1.5
10463,8217,acro bat,98,3,25,1,1,1.5
10464,8218,forgiven thievery,2560,3,64,3,3,1
10465,8219,forgiven flattery,2559,3,41,2,2,1.5
10466,8647,thundersphere,2448,3,44,2,1,2.5
10467,8221,Ronkan thorn,2569,3,153,3,1,3
10468,8222,anaconda,2663,3,65,4,2,1
10469,8223,horned iguana,2537,3,30,2,1,1.2
10470,8224,forgiven violence,2634,3,183,3,2,1
10471,8225,echo of Qitana,2513,3,26,3,1,3
10472,8226,graven gatekeep,480,0,0,0,1,1
10473,8154,Dohnfast Fuath,2525,3,320,2,2,1.5
10474,8263,forgiven jealousy,2524,3,141,4,1,1
10475,8264,forgiven hypocrisy,2462,3,285,1,3,2
10476,8265,forgiven ambition,2633,3,183,1,3,1.4
10477,8262,forgiven obscenity,2570,3,375,3,1,1.25
10478,8271,forgiven conformity,2559,3,41,2,2,1.5
10479,8266,forgiven extortion,2629,3,71,2,5,0.6
10480,8267,forgiven apathy,2647,3,77,1,7,3
10481,8268,forgiven venery,2686,2,1016,4,1,1.6
10482,8269,forgiven prejudice,2691,2,1021,2,2,1.2
10483,8270,forgiven revelry,2639,3,311,4,3,2.5
10484,8807,knocked-about knocker,2629,3,71,2,5,1
10485,8394,forgiven shame,2686,2,1016,4,1,2
10486,8877,vicious highwayman,2691,2,1021,2,2,1.7
10487,8227,Seraph,2619,3,7105,1,1,1.25
10488,8228,Demi-Phoenix,2620,3,7106,1,1,1
10489,8229,Esteem,2621,1,101,1,1,1
10490,8230,Automaton Queen,2618,3,7104,1,1,1.3
10491,8353,Innocence,2514,3,558,1,1,1.3
10492,8394,forgiven shame,2524,3,141,4,1,0.8
10493,8268,forgiven venery,2686,2,1016,4,1,1.5
10494,8353,Innocence,2515,3,559,1,1,2
10495,8630,Tempest swallow,2642,3,529,1,2,1
10496,8391,nail of condemnation,2654,3,266,2,1,0.5
10497,8390,thorn of condemnation,2644,3,472,2,1,1
10498,8389,sword of condemnation,2696,3,582,1,1,1
10499,8353,Innocence,2515,3,559,1,1,2
10500,8822,Formidable,2642,3,529,1,2,1
10501,8391,nail of condemnation,2654,3,266,2,1,0.5
10502,8389,sword of condemnation,2644,3,472,2,1,1
10503,8389,sword of condemnation,2696,3,582,1,1,1
10504,8394,forgiven shame,2524,3,141,4,1,0.8
10505,8268,forgiven venery,2686,2,1016,4,1,1.5
10506,8353,Innocence,480,0,0,0,1,12
10507,8379,gargantuan boulder,2656,3,318,1,2,0.8
10508,8382,Voidwalker,2627,3,581,1,1,1.3
10509,8381,nyx,2709,3,43,2,3,1.67
10510,8380,the Hand of Erebos,2628,3,524,3,1,20
10511,8382,Voidwalker,2627,3,581,1,1,1.3
10512,8381,nyx,2709,3,43,2,3,1.67
10513,8380,the Hand of Erebos,2628,3,524,3,1,20
10514,8382,Voidwalker,2626,3,9994,1,1,1
10515,8382,Voidwalker,2626,3,9994,1,1,1
10520,8253,Sul Oul,2519,2,1037,1,1,1.5
10534,8337,magicked monstrosity,363,3,141,1,1,1
10537,8924,brand of sin,2699,3,273,1,26,1
10538,8929,Cerigg,176,3,45,1,1,1
10539,8238,well armadillo,2396,3,528,1,1,1
10540,8239,royal bladebearer,2601,3,574,1,1,1.2
10541,8856,Dohnfast basket,109,3,28,1,3,2.5
10542,8241,forgiven vainglory,1452,3,153,1,8,0.8
10543,9137,multi-leg medium model,2397,3,529,1,1,0.6
10544,8243,royal cupbearer,2488,3,489,2,1,0.75
10545,8244,well phoebad,2777,3,396,2,2,1.15
10546,8245,well huldu,2589,3,26,4,1,3
10547,8246,forgiven indecency,2643,3,21,1,9,2
10548,8247,forgiven grudge,2840,3,1,7,1,1.5
10553,108,,2615,3,577,1,1,1
10554,108,,574,3,176,1,1,1.5
10555,108,,2611,3,557,2,2,4
10556,8302,forgiven conceit,2562,3,176,1,5,1.5
10557,8303,forgiven folly,2623,3,1,3,4,1.5
10558,8304,forgiven ignorance,2622,3,1,1,2,1
10559,8695,dungeon glider,2658,3,377,3,3,1.4
10560,8306,forgiven disobedience,2561,3,171,2,2,1.5
10561,8307,forgiven clamor,2559,3,41,2,2,1.2
10562,8308,forgiven deceit,2560,3,64,3,3,1
10563,8309,Switch gremlin,396,3,158,1,1,2
10564,8310,forgiven cowardice,2524,3,141,4,1,1
10565,8311,forgiven enmity,2633,3,183,1,3,1.4
10567,7864,brightsphere,2317,3,271,1,33,1
10568,8304,forgiven ignorance,2622,3,1,1,2,1.8
10569,8352,Hades,2478,3,554,1,1,0.9
10570,8352,Hades,2533,3,565,1,1,1
10571,8351,aetherial gaol,2740,3,601,1,1,8
10572,8352,Hades,2706,3,583,1,2,1
10573,8822,Formidable,2582,3,139,2,1,3
10578,8374,Ran'jit,2455,3,546,1,1,1
10580,8372,Ronkan executioner,2707,3,416,3,1,0.8
10581,8371,Ronkan guardian,2707,3,416,3,1,2
10582,8645,Eulmoran soldier,548,1,0,1,1,1
10583,8154,Dohnfast Fuath,2525,3,320,2,2,1.5
10586,8374,Ran'jit,2456,3,546,2,1,1
10587,8647,thundersphere,1015,3,156,1,29,1
10588,8374,Ran'jit,2455,3,546,1,1,1
10589,8374,Ran'jit,2456,3,546,2,1,1
10590,8399,Gukumatz,2457,3,420,3,1,0.15
10591,8398,serpent head,2667,3,253,1,4,1
10594,8889,Ryne,2720,1,201,1,1,0.84
10598,8645,Eulmoran soldier,548,1,0,1,1,1
10599,8645,Eulmoran soldier,548,1,0,1,1,1
10600,8925,brightsphere,2317,3,271,1,33,1.1
10601,8778,forgiven shame,2737,3,141,4,2,1
10602,8778,forgiven shame,2737,3,141,4,2,1
10603,8486,Leviathan,2527,3,560,1,1,3
10604,8486,Leviathan,2527,3,560,1,1,3
10605,8264,forgiven hypocrisy,2600,3,557,2,1,3.5
10609,8369,mine gnome,1819,3,49,5,1,0.7
10610,8368,mine worm,238,3,68,1,1,0.8
10611,165,milkroot cluster,240,3,68,1,3,1.2
10612,165,milkroot cluster,249,3,72,1,1,1
10613,8365,troodon,1938,3,183,5,2,1.7
10614,8364,bovian bull,1474,3,58,6,2,0.7
10615,8363,bovian,1041,3,58,3,1,1
10616,8362,loose boulder,629,3,106,1,1,2
10617,8643,enthralled citizen,548,1,0,1,1,1
10618,8644,enthralled citizen,548,1,0,1,1,1
10619,8643,enthralled citizen,548,1,0,1,1,1
10620,8644,enthralled citizen,548,1,0,1,1,1
10621,8643,enthralled citizen,548,1,0,1,1,1
10622,8644,enthralled citizen,548,1,0,1,1,1
10623,8318,wroth clionid,2432,3,539,1,1,1.5
10624,8314,foul dagon,2780,3,5,3,1,1
10625,8330,danbania netcutter,2676,3,590,1,1,1.5
10626,8316,deep-sea cubus,2684,3,591,1,8,1.5
10627,8329,deep-sea anemone,2651,3,84,4,2,2
10628,8315,Purpure nauplius,364,3,142,1,1,1
10629,8328,Crock amphisbaena,1682,3,234,4,1,0.7
10630,8317,drifting morgawr,1522,3,314,2,2,1
10631,8331,wandering hydrozoan,1714,3,380,1,1,0.6
10632,8332,wild swallow,2043,3,296,3,1,0.8
10633,8333,spawning mantis shrimp,1709,3,215,3,1,1
10634,8910,forgiven pedantry,2636,3,327,2,2,1
10636,8350,Titan,2528,3,561,1,1,4.5
10637,8348,bomb boulder,2664,3,67,3,1,1
10638,8347,massive boulder,2708,3,67,2,1,1.7
10639,8350,Titan,2528,3,561,1,1,4.5
10640,8349,Titan Maximum,2529,3,562,1,1,4.5
10641,8348,bomb boulder,2664,3,67,3,1,1
10642,8347,massive boulder,2708,3,67,2,1,1.7
10643,8346,granite gaol,439,3,72,4,1,1
10644,8379,gargantuan boulder,2656,3,318,1,2,0.8
10645,8234,Archaeotania,480,0,0,0,1,1
10646,8778,forgiven shame,2737,3,141,4,2,1
10647,8374,Ran'jit,480,0,0,0,1,1
10648,108,,2487,3,556,1,1,1
10652,8917,Minfilia,2720,1,201,1,1,0.84
10653,8374,Ran'jit,2455,3,546,1,1,1
10654,8399,Gukumatz,2457,3,420,3,1,0.15
10655,5978,Moonstone Carbuncle,413,3,7002,1,5,1.5
10656,5978,Moonstone Carbuncle,413,3,7002,1,5,1.5
10658,8650,Crystal Exarch,2610,1,701,1,1,1
10659,8308,forgiven deceit,2560,3,64,3,3,1
10660,8264,forgiven hypocrisy,2462,3,285,1,3,2
10661,8310,forgiven cowardice,2524,3,141,4,1,1
10662,8219,forgiven flattery,2559,3,41,2,2,1.2
10663,8269,forgiven prejudice,2691,2,1021,2,2,1.2
10664,8311,forgiven enmity,2633,3,183,1,3,2
10667,8394,forgiven shame,2524,3,141,4,1,1
10668,8307,forgiven clamor,2623,3,1,3,4,1.5
10672,8393,Yxtlilton,2712,3,330,3,2,1.6
10673,8214,Ronkan idol,2707,3,416,3,1,0.8
10690,8646,raging flame,1961,3,271,1,26,1
10694,8932,hollow,536,4,4012,0,1,1.5
10695,8435,forgiven clamor,480,0,0,0,1,1
10696,8933,lightning globe,1015,3,156,1,29,1
10697,8486,Leviathan,476,3,9994,1,1,1
10698,8486,Leviathan,476,3,9994,1,1,1
10699,8486,Leviathan,476,3,9994,1,1,1
10700,8486,Leviathan,476,3,9994,1,1,1
10703,8778,forgiven shame,2737,3,141,4,2,1
10707,8490,Falsiam warrior,1431,2,1027,1,1,2
10708,8491,Falsiam mage,1431,2,1027,1,1,2
10709,8492,whirlwind,1685,3,272,1,6,1
10710,8489,Ranaa Mihgo,480,0,0,0,1,1
10712,8352,Hades,476,3,9994,1,1,1
10713,8352,Hades,476,3,9994,1,1,1
10714,8352,Hades,476,3,9994,1,1,1
10715,8352,Hades,476,3,9994,1,1,1
10716,8748,fallen star,629,3,106,1,1,2
10717,8781,Andreia,480,0,0,0,1,1
10718,8780,Lue-Reeq of the Gilded Bow,480,0,0,0,1,1
10723,8784,immaculate magus,1653,1,501,1,1,1
10725,108,,557,3,174,1,1,1
10726,8374,Ran'jit,480,0,0,0,1,1
10727,8931,Phronesis,480,0,0,0,1,1
10728,8652,serpent head,2667,3,253,1,4,1
10731,8256,Nyelbert,1653,1,501,1,1,1
10734,8397,Balam-Quitz,236,3,66,1,1,2.3
10735,8636,benthos diviner,2695,2,1007,1,6,1
10736,8637,benthos harpooner,2695,2,1007,1,6,1
10737,8858,Gorib,1815,3,17,6,1,2
10738,8859,thunderball,389,3,156,1,1,1.2
10747,8374,Ran'jit,480,0,0,0,1,1
10748,8374,Ran'jit,480,0,0,0,1,1
10749,8374,Ran'jit,480,0,0,0,1,1
10750,8374,Ran'jit,480,0,0,0,1,1
10751,8374,Ran'jit,480,0,0,0,1,1
10752,8374,Ran'jit,480,0,0,0,1,1
10753,8374,Ran'jit,480,0,0,0,1,1
10754,8374,Ran'jit,480,0,0,0,1,1
10755,8916,forgiven gossip,2749,3,16,2,2,2.5
10756,8682,Fuath trickster,2722,3,320,2,3,1.5
10757,8683,the Keeper of the Keys,2662,3,54,7,2,1.7
10758,8684,dungeon onion,757,3,88,2,1,2.8
10759,8685,dungeon egg,758,3,88,3,1,2.8
10760,8686,dungeon garlic,759,3,88,4,1,2.8
10761,8687,dungeon tomato,760,3,88,5,1,2.8
10762,8688,dungeon queen,761,3,88,6,1,2.8
10763,8489,Ranaa Mihgo,480,0,0,0,1,1
10764,8395,Sophrosyne,480,0,0,0,1,1
10765,8633,mnyiri,2524,3,141,4,1,1
10766,108,,480,0,0,0,1,1
10767,8803,Crawling Death,240,3,68,1,3,2
10769,108,,480,0,0,0,1,1
10770,108,,480,0,0,0,1,1
10771,8310,forgiven cowardice,2524,3,141,4,1,1.2
10772,8308,forgiven deceit,2560,3,64,3,3,1
10773,8306,forgiven disobedience,2561,3,171,2,2,1.5
10777,108,,480,0,0,0,1,1
10778,108,,480,0,0,0,1,1
10779,108,,480,0,0,0,1,1
10780,108,,480,0,0,0,1,1
10781,108,,480,0,0,0,1,1
10782,108,,480,0,0,0,1,1
10783,108,,480,0,0,0,1,1
10784,8640,well lizard,2674,3,588,1,1,1.1
10785,8641,royal custard,2682,3,591,1,6,1.5
10786,8642,forgiven bribery,1994,3,417,1,2,1.1
10787,8689,dungeon echevore,2587,3,2,4,1,3.6
10788,8690,dungeon basket,2558,3,49,7,1,1.8
10789,8691,dungeon anemone,2534,3,84,4,1,2.3
10790,8692,dungeon porxie,2595,3,80,3,1,1.2
10791,8693,dungeon phooka,2653,3,225,2,2,1.1
10792,8694,dungeon irismoth,646,3,195,1,1,1.1
10793,8695,dungeon glider,2660,3,540,1,2,1.3
10794,8696,dungeon moss fungus,2574,3,569,1,1,1.6
10795,8697,dungeon purple morpho,1314,3,265,1,3,1.1
10796,8698,dungeon blood morpho,1482,3,265,1,1,1.1
10797,8699,dungeon hawker,1851,3,198,1,2,1.8
10798,8700,dungeon lorikeet,1155,3,138,1,2,1.7
10799,8701,dungeon tot aevis,604,3,60,3,1,1.3
10800,8702,dungeon rabbit's tail,1950,3,81,1,3,4.4
10801,8703,dungeon rosebear,1297,3,176,4,1,1.9
10802,8704,dungeon crocota,162,3,41,2,1,1.5
10803,8705,dungeon werewood,1759,3,392,1,1,1.9
10804,8706,dungeon witchweed,1270,3,280,1,1,0.8
10805,8707,dungeon psammead,1491,3,280,2,1,0.8
10806,8708,dungeon killer bee,949,3,11,2,1,1.4
10807,8709,dungeon djinn,1923,3,423,1,1,2.9
10808,8710,dungeon byrgen,1867,3,417,2,1,0.6
10809,8711,dungeon blue morpho,1483,3,265,1,2,0.7
10810,8712,dungeon naiad,1299,3,286,1,2,2.9
10811,8737,territorial dagon,2525,3,320,2,2,1.5
10812,8713,dungeon etainmoth,2652,3,195,1,4,1.1
10813,8714,dungeon rowan,2648,3,27,1,6,0.85
10814,8715,dungeon Kelpie,2042,3,168,3,1,2.2
10815,8785,immaculate knight,480,0,0,0,1,1
10816,8639,Ronkan dreamer,2596,3,365,3,1,1.5
10817,108,,480,0,0,0,1,1
10818,108,,480,0,0,0,1,1
10819,108,,480,0,0,0,1,1
10820,108,,480,0,0,0,1,1
10821,8872,Vitus quo Messalla,1090,1,501,1,1,1.1
10822,8872,Vitus quo Messalla,1209,3,273,1,2,1
10823,8874,magitek turret II,1235,3,12,3,1,1
10824,8875,magitek turret,1182,3,12,1,4,1
10827,108,,2561,3,171,2,2,1.5
10828,108,,2559,3,41,2,2,1.2
10829,108,,2560,3,64,3,3,1
10830,8858,Gorib,480,0,0,0,1,1
10831,8346,granite gaol,439,3,72,4,1,20
10832,8400,verdant treant,104,3,27,1,1,1.2
10833,8401,battle-scarred bergthurs,189,3,49,2,2,1.2
10836,8404,forgiven cowardice,2524,3,141,4,1,1
10837,8405,sandskin sibilus,136,3,34,2,1,1
10838,8406,forgiven folly,2623,3,1,3,4,1
10839,8407,rabid wolverine,1948,3,176,3,3,1
10840,8408,soldier crawler,839,3,219,1,1,0.8
10841,8409,forgiven cowardice,2524,3,141,4,1,1
10842,8410,forgiven conceit,2562,3,176,1,5,1
10843,8411,forgiven deceit,2560,3,64,3,3,1
10844,8412,Mord cutpurse,2518,2,1003,7,1,1
10845,8413,forbidden crystal peddler,2518,2,1003,7,1,1
10846,8414,mischievous plaything,292,3,87,1,1,1.8
10847,8414,mischievous plaything,295,3,87,1,4,1.8
10848,8414,mischievous plaything,1079,3,87,1,9,1.8
10851,8419,aetheric manifestation,1006,3,153,1,7,1
10852,8420,foreboding aether,717,2,1014,4,1,1
10853,8421,forgiven ignorance,2622,3,1,1,2,1
10854,8422,forgiven folly,2623,3,1,3,4,2
10855,8423,forgiven cowardice,2524,3,141,4,1,1
10856,8424,dark mutant,363,3,141,1,1,1
10857,8425,pestilent swarm,59,3,14,1,2,1
10858,8426,pestilent swarm,59,3,14,1,2,1
10859,8427,forgiven cowardice,2524,3,141,4,1,1
10860,8428,entranced citizen,548,1,0,1,1,1
10861,8429,entranced citizen,548,1,0,1,1,1
10862,8430,forgiven jealousy,2524,3,141,4,1,1
10863,8431,forgiven thievery,2560,3,64,3,3,1
10864,8432,forgiven venery,2686,2,1016,4,1,1
10865,8433,voracious wolverine,1948,3,176,3,3,1
10866,8434,forgiven shame,2524,3,141,4,1,1
10867,8435,forgiven clamor,2559,3,41,2,2,1.2
10868,8823,automaton escort,2764,3,139,2,1,1
10869,8436,forgiven folly,2623,3,1,3,4,1.5
10870,8437,forgiven shame,2524,3,141,4,1,1
10871,8438,forgiven shame,2524,3,141,4,1,1
10872,8439,ravenous smilodon,1438,3,177,3,1,1.1
10873,8440,forgiven folly,2623,3,1,3,4,1.5
10874,8441,wandering coyote,160,3,41,1,2,1
10875,8442,wandering coyote,160,3,41,1,2,1
10876,8443,forgiven cowardice,2524,3,141,4,1,1
10877,8444,forgiven folly,2623,3,1,3,4,1.5
10878,8445,forgiven dissonance,2600,3,557,2,1,3
10880,8447,soldier bee cloud,59,3,14,1,2,1
10881,8448,soldier bee cloud,59,3,14,1,2,1
10883,8450,desert vulture,41,3,7,1,3,1.5
10884,8451,wandering knocker,176,3,45,1,1,0.5
10885,8452,Fuath prankster,2525,3,320,2,2,1
10886,8323,Teushs Ooan,2694,2,1007,1,5,1
10887,8324,Zumshs Aath Deepdread,2695,2,1007,1,6,1.4
10888,8485,dread servant,2695,2,1007,1,6,1
10889,8319,wroth hydrozoan,1714,3,380,1,1,1
10893,8320,ice boulder,764,3,204,1,1,2.2
10894,8934,ancient aevis,1875,3,420,1,1,0.6
10895,8322,aether,1506,3,271,1,17,2
10896,108,,480,0,0,0,1,1
10898,8815,hobgoblin runner,2688,2,1040,1,1,1
10899,8814,hobgoblin blagger,2688,2,1040,1,1,1.2
10900,8813,hobgoblin longstick,2689,2,1040,1,2,0.9
10906,8302,forgiven conceit,2562,3,176,1,5,1.8
10907,8821,giant grenade,670,3,199,1,1,4
10908,8819,dwarven charge,785,3,156,1,16,2.5
10909,108,,480,0,0,0,1,1
10910,8477,Child of the Everlasting Dark,480,0,0,0,1,1
10911,108,,480,0,0,0,1,1
10912,8234,Archaeotania,480,0,0,0,1,1
10913,8480,Fanow warder,480,0,0,0,1,1
10914,8352,Hades,2697,3,583,1,1,1
10915,8453,Chantico,1036,3,27,1,3,1.6
10916,8454,speckled spider,1543,3,187,2,3,1
10917,8457,killer tomatl,2419,3,527,1,1,1.2
10918,8458,Kelaino,2448,3,44,2,1,4
10919,8463,Eye of Gatorl,2569,3,153,3,1,3.5
10920,8467,ancient guardian,2738,3,339,1,3,1
10921,8664,Fuath shade,2525,3,320,2,2,1.2
10922,8662,Daen Wyd,2745,3,263,1,1,2.2
10923,8663,Daen Lor,2746,3,263,1,2,2.2
10924,9029,the Daens,2747,3,71,1,1,1.5
10925,9029,the Daens,165,3,42,1,1,2
10926,8670,Samyaza,1491,3,280,2,1,1.1
10927,8673,Necropsyche,2652,3,195,1,4,1.4
10928,8680,Rukh,2748,3,60,3,1,1.3
10929,8234,Archaeotania,480,0,0,0,1,1
10930,8922,Dikaiosyne,480,0,0,0,1,1
10931,8922,Dikaiosyne,480,0,0,0,1,1
10932,8327,Halimede,2432,3,539,1,1,5
10933,8334,Mewshs Laan,2694,2,1007,1,5,1
10934,8335,Ondo spearfisher,2694,2,1007,1,5,1
10941,8848,warg betrayer,2431,3,538,1,1,1
10942,8849,gremlin shouter,396,3,158,1,1,2
10943,8850,Lugarhoo,2672,3,586,1,1,2
10944,8851,budding ya-te-veo,1224,3,5,2,4,0.9
10945,8854,malodorous anemone,2534,3,84,4,1,2
10947,8853,fish basket,2064,4,16639,0,1,1
10948,8855,Nussknacker,2537,3,30,2,1,2
10949,108,,480,0,0,0,1,1
10950,8434,forgiven shame,2524,3,141,4,1,1
10951,8493,aetheric shadow,2625,3,382,2,1,1
10952,8494,shadowy spume,1006,3,153,1,7,1
10953,8495,shadowy shade,717,2,1014,4,1,1.5
10954,8496,shadowy mist,2036,3,377,1,2,1
10955,8497,foreboding aura,789,3,156,1,20,1
10958,8493,aetheric shadow,480,0,0,0,1,1
10959,8493,aetheric shadow,480,0,0,0,1,1
10961,8782,immaculate warrior,480,0,0,0,1,1
10962,8866,Hoddyn,2524,3,141,4,1,1
10963,8872,Vitus quo Messalla,480,0,0,0,1,1
10964,8872,Vitus quo Messalla,480,0,0,0,1,1
10965,8872,Vitus quo Messalla,480,0,0,0,1,1
10966,8872,Vitus quo Messalla,480,0,0,0,1,1
10967,8872,Vitus quo Messalla,480,0,0,0,1,1
10968,8872,Vitus quo Messalla,480,0,0,0,1,1
10969,8876,Sophie the Steadfast,1207,3,272,1,3,1
10970,108,,2615,3,577,1,1,1.5
10971,108,,2615,3,577,1,1,3
10973,108,,480,0,0,0,1,1
10979,8488,Nashmeira,480,0,0,0,1,1
10980,8846,Ophion,2770,3,540,1,1,2.5
10985,8305,elder triffid,2658,3,377,3,3,1.4
10987,8493,aetheric shadow,480,0,0,0,1,1
10988,8485,dread servant,2695,2,1007,1,6,1
10989,8799,ironbeard prototype,2583,3,408,2,1,2.5
10990,8798,ironbeard mazer,2583,3,408,2,1,2.6
10991,108,,480,0,0,0,1,1
10992,8374,Ran'jit,480,0,0,0,1,1
10993,8779,tempered virtue,1687,3,212,2,1,1
10995,8797,ironbeard striker,2583,3,408,2,1,3.5
10996,8951,Cuijatender,2445,3,416,2,1,1.8
10997,8952,Offscoursman,1217,3,118,2,3,2.6
10998,8964,maester's weapon,2601,3,574,1,1,2.5
10999,8830,Bayawak,2674,3,588,1,1,2.5
11000,8834,Kurukadi,1737,3,352,5,1,2
11001,8835,Mumba,179,3,46,1,1,2
11002,108,,480,0,0,0,1,1
11003,8323,Teushs Ooan,2694,2,1007,1,5,1
11004,8812,thirsting rail,2649,3,44,1,5,1.5
11005,8810,windborne hydrozoan,1714,3,380,1,1,0.6
11006,8809,tragopan hatchling,43,3,7,1,5,1.5
11007,8808,jumbo mantis shrimp,1709,3,215,3,1,1
11008,8807,knocked-about knocker,178,3,45,1,3,2
11009,8806,discordant calx,2454,3,529,1,1,1
11010,8800,prismatic decotitus,2223,3,493,1,1,1.3
11011,8805,hobgoblin robber,2689,2,1040,1,2,1
11012,8395,Sophrosyne,480,0,0,0,1,1
11014,8926,empty-bellied draco,2433,3,540,1,1,1.5
11015,8716,territorial echevore,2587,3,2,4,1,2.5
11016,8717,territorial basket,2558,3,49,7,1,1
11017,8718,territorial anemone,2534,3,84,4,1,2
11018,8719,territorial porxie,2595,3,80,3,1,1
11019,8720,territorial phooka,2653,3,225,2,2,1
11020,8721,territorial irismoth,2652,3,195,1,4,1
11021,8722,territorial glider,2660,3,540,1,2,1.5
11022,8723,territorial moss fungus,2574,3,569,1,1,1.2
11023,8724,territorial purple morpho,1314,3,265,1,3,1
11024,8725,territorial hawker,1851,3,198,1,2,1.5
11025,8726,territorial tomatl,2395,3,527,1,1,0.8
11026,8727,territorial echo,2513,3,26,3,1,3.5
11027,8728,territorial Ronkan doll,2707,3,416,3,1,1
11028,8729,territorial Ronkan thorn,2569,3,153,3,1,2
11029,8730,territorial vampire vine,2648,3,27,1,6,1
11030,8731,territorial Greatwood rail,2661,3,44,2,2,2.5
11031,8732,territorial Ronkan vessel,2738,3,339,1,3,1.6
11032,8733,territorial snapweed,2675,3,589,1,1,1.3
11033,8734,territorial gizamaluk,233,3,64,1,1,1
11034,8735,territorial swine,45,3,8,1,2,1.2
11035,8736,territorial clionid,2432,3,539,1,1,1.5
11036,8737,territorial dagon,2588,3,5,3,1,1
11037,8738,territorial danbania,2676,3,590,1,1,1.5
11038,8739,territorial cubus,2684,3,591,1,8,1.5
11039,8740,territorial sea anemone,2651,3,84,4,2,2
11040,8741,territorial amphisbaena,1682,3,234,4,1,0.7
11041,8742,territorial urchinfish,1683,3,26,2,1,3
11042,8743,territorial swallow,1939,3,296,2,2,0.8
11043,8744,territorial deep-sea leech,600,3,181,1,1,1
11044,8745,territorial mnyiri,741,3,209,1,1,1
11045,8746,territorial armadillo,2396,3,528,1,1,1
11046,8747,territorial Talos,2488,3,489,2,1,0.6
11047,8965,territorial phorusrhacos,1720,3,386,1,1,1
11048,8749,territorial weapon,2601,3,574,1,1,1.2
11049,8750,territorial gigantender,2445,3,416,2,1,1
11050,8751,territorial ngozi,2659,3,396,1,2,1
11051,8752,territorial sand iguana,2732,3,30,2,2,1.2
11052,8753,territorial lizard,2674,3,588,1,1,1.1
11053,8754,territorial thistle mole,283,3,85,2,1,1.2
11054,8755,territorial ghilman,344,3,122,1,1,1.2
11055,8756,territorial cama,2428,2,1036,1,1,1.2
11056,8757,territorial draco,2433,3,540,1,1,1.5
11057,8758,territorial triffid,2658,3,377,3,3,1.4
11058,8759,territorial gnoll,2672,3,586,1,1,1.2
11059,8760,territorial warg,2431,3,538,1,1,1
11060,8761,territorial gremlin,396,3,158,1,1,2
11061,8762,territorial silkmoth,646,3,195,1,1,0.8
11062,8763,territorial hoptrap,49,3,9,1,2,2
11063,8764,territorial ya-te-veo,1224,3,5,2,4,0.9
11064,8765,territorial once-knight,862,2,1015,2,1,1.5
11065,8766,territorial ironbeard,2583,3,408,2,1,2.6
11066,8767,territorial hobgoblin,2688,2,1040,1,1,1.1
11067,8768,territorial calx,2454,3,529,1,1,1
11068,8769,territorial Talos,2575,3,489,4,1,1
11069,8770,territorial byrgen,2669,3,417,1,4,1
11070,8771,territorial maultasche,2650,3,54,1,3,1.5
11071,8772,territorial huldu,2589,3,26,4,1,2
11072,8773,territorial rail,2649,3,44,1,5,1.5
11073,8774,territorial cliffkite,2333,3,64,8,1,1.5
11074,8775,territorial gulgnu,564,3,171,1,2,1.2
11075,8228,Demi-Phoenix,2620,3,7106,1,1,1
11076,8227,Seraph,2619,3,7105,1,1,1.25
11077,8827,unclassified gigantender,2445,3,416,2,1,1
11078,8828,ngozi driftmaker,2659,3,396,1,2,1
11079,8829,spawning tolba,95,3,23,1,2,1
11080,8831,rock dragonling,2674,3,588,1,1,1.1
11081,8832,dryland iguana,2732,3,30,2,2,1.2
11082,8833,long-legged terror,1720,3,386,1,1,1
11083,8836,explosive huldu,2589,3,26,4,1,3
11084,8837,dancing weapon,2601,3,574,1,1,1.2
11085,8826,shadow of the ancients,2713,1,501,1,1,2.5
11086,8224,forgiven violence,2634,3,183,3,2,1
11087,8966,hobgoblin marauder,2688,2,1040,1,1,1.1
11088,8967,Jaculus,130,3,32,1,1,3
11089,8968,bloated big claw,150,3,38,1,3,0.8
11090,9034,deranged tragopan,42,3,7,1,4,1.5
11091,9033,rasher swine,45,3,8,1,2,1.2
11092,9035,deranged germinant,2297,3,397,1,2,0.8
11095,8971,dolorous shadow,1745,3,334,1,3,1
11096,8972,dolorous shadow,265,3,80,1,2,2
11097,8973,ironbeard killer,2583,3,408,2,1,3.3
11098,8974,flowering gigantender,2445,3,416,2,1,0.7
11099,8975,fruiting gigantender,2445,3,416,2,1,0.3
11100,8976,angry armadillo,2396,3,528,1,1,1
11101,9026,cursed weapon,2601,3,574,1,1,2
11102,8978,feral lizard,2674,3,588,1,1,1.6
11103,8979,gaunt coyote,160,3,41,1,2,1
11104,8980,pack phorusrhacos,1720,3,386,1,1,1
11105,8460,wood raider,32,3,4,1,2,1.2
11106,8982,Nuvy mole,283,3,85,2,1,1.2
11107,8983,Nuvy megalobat,98,3,25,1,1,1.5
11108,8984,tunnel knocker,176,3,45,1,1,1
11109,8985,frayed basket,2558,3,49,7,1,1
11112,8988,panicked phooka,2653,3,225,2,2,1
11114,8990,anguished atrociraptor,97,3,24,1,2,1
11115,8991,blooming tomatl,2395,3,527,1,1,0.8
11116,8992,snapmint,2675,3,589,1,1,1.3
11117,8993,charging swine,45,3,8,1,2,1.7
11118,8994,invasive anemone,2534,3,84,4,1,2
11119,8995,scarred caracal,1815,3,17,6,1,1.5
11120,8996,foraging doe,61,3,15,1,1,1.2
11121,8997,thickset tarichuk,154,3,40,1,1,1
11122,9036,spotted spider,1543,3,187,2,3,2
11124,8999,greater amphisbaena,1682,3,234,4,1,1
11137,8947,gibbering coyote,160,3,41,1,2,1
11138,8948,longneck phorusrhacos,1720,3,386,1,1,1
11141,9002,hobgoblin thief,2689,2,1040,1,2,1
11142,9003,defective Talos,2575,3,489,4,1,0.5
11144,9005,elderly gnome,1849,3,49,5,2,1.2
11145,9006,hardskin stingray,1939,3,296,2,2,0.8
11146,9007,deadly draco,2433,3,540,1,1,1.5
11147,9008,woken zonure,180,3,46,1,2,1.3
11148,8427,forgiven cowardice,2524,3,141,4,1,1
11150,9010,skybound sea anemone,2651,3,84,4,2,2
11151,9011,feral rail,2649,3,44,1,5,1.5
11152,9013,squat squirrel,24,3,2,1,1,1
11153,9037,molted spider,1543,3,187,2,3,1
11155,9015,honeypot rosebear,1297,3,176,4,1,1.2
11159,9016,gremlin graverobber,396,3,158,1,1,2
11160,9017,defective Ronkan thorn,2569,3,153,3,1,2
11161,9018,hovering hawker,654,3,198,1,1,1
11162,9019,giant rosebear,1297,3,176,4,1,1.4
11163,9020,kiss of fire,381,3,153,1,1,1
11164,9021,kiss of ice,382,3,153,1,2,1
11165,9022,broadwing gizamaluk,233,3,64,1,1,1
11166,9023,kiss of thunder,384,3,153,1,4,1.2
11167,9024,chasm caracal,1815,3,17,6,1,1.5
11171,9038,hardskin amphisbaena,1682,3,234,4,1,1.1
11172,9028,ferocious Fuath,2525,3,320,2,2,1.5
11173,8953,Goliath,2670,3,489,2,2,1.5
11174,8954,Goliath's javelin,2488,3,489,2,1,0.6
11175,8955,Alichino,2668,3,310,1,2,2.2
11176,8956,Alich,1376,3,310,2,1,0.6
11177,8957,Ino,1377,3,310,2,2,0.6
11178,2201,sweet song,514,3,156,1,8,1
11179,108,,480,0,0,0,1,1
11180,108,,480,0,0,0,1,1
11181,8822,Formidable,480,0,0,0,1,1
11182,8822,Formidable,480,0,0,0,1,1
11183,8154,Dohnfast Fuath,2525,3,320,2,2,1.5
11184,8992,snapmint,480,0,0,0,1,1
11186,8461,young stag,61,3,15,1,1,1.2
11187,8462,young doe,62,3,15,2,1,1.3
11188,8464,foul echo,2513,3,26,3,1,3.5
11189,8465,pestilent crawler,1489,3,219,1,3,1
11190,8466,molted tarichuk,154,3,40,1,1,1.2
11191,8468,floating snapweed,2675,3,589,1,1,1.3
11192,8666,elder glider,2660,3,540,1,2,2.5
11193,8669,dreaming rowan,2648,3,27,1,6,1
11194,8671,ravenous rosebear,1297,3,176,4,1,1.2
11195,8672,riot basket,2558,3,49,7,1,1
11196,8674,capering pixie,2766,2,1038,1,1,0.6
11197,8677,nectar-seeking pixie,2520,2,1038,1,1,0.6
11198,8678,aggrieved anemone,2534,3,84,4,1,2
11199,8679,killer honeybee,949,3,11,2,1,1
11200,8987,stony scavenger,2748,3,60,3,1,1
11201,8661,panicked pixie,2766,2,1038,1,1,0.6
11202,8662,Daen Wyd,2525,3,320,2,2,2.8
11203,8663,Daen Lor,2525,3,320,2,2,2.8
11204,8665,equable amaro,2429,2,1036,2,1,1.2
11205,8667,Nu Mou herbalist,2519,2,1037,1,1,1
11206,8668,herb casket,2767,4,22095,0,1,1
11207,8668,herb casket,2768,4,22096,0,1,1
11209,8848,warg betrayer,2431,3,538,1,1,1
11214,8872,Vitus quo Messalla,480,0,0,0,1,1
11221,8820,dwarven dynamite,2181,3,472,1,1,1.3
11222,108,,476,3,9994,1,1,2
11223,8323,Teushs Ooan,2694,2,1007,1,5,1
11224,108,,480,0,0,0,1,1
11225,108,,2739,3,600,1,1,1
11226,108,,2739,3,600,1,1,1.5
11227,108,,2739,3,600,1,1,3
11228,8819,dwarven charge,513,3,156,1,7,1.5
11229,8485,dread servant,2695,2,1007,1,6,1
11230,8294,Rhal Ral,2518,2,1003,7,1,1
11232,8294,Rhal Ral,2518,2,1003,7,1,1
11236,8949,ambushing scissorjaws,1717,3,383,1,1,1.3
11237,8950,lightbellied lizard,2674,3,588,1,1,1.1
11238,8646,raging flame,1961,3,271,1,26,1
11244,8963,ambling armadillo,2396,3,528,1,1,1.5
11245,8353,Innocence,1862,3,272,1,7,2.8
11246,8394,forgiven shame,2524,3,141,4,1,0.8
11247,8268,forgiven venery,2686,2,1016,4,1,1.5
11248,8952,Offscoursman,1217,3,118,2,3,2.6
11251,8790,dryspine gigantender,2445,3,416,2,1,1
11252,8234,Archaeotania,480,0,0,0,1,1
11253,8485,dread servant,2695,2,1007,1,6,1
11254,8485,dread servant,2695,2,1007,1,6,1
11255,8485,dread servant,2695,2,1007,1,6,1
11256,8324,Zumshs Aath Deepdread,2695,2,1007,1,6,1.4
11257,8811,barley crate,488,4,2220,0,1,1
11258,8804,storage chest,488,4,2220,0,1,1
11259,8798,ironbeard mazer,2474,3,553,1,1,2
11260,8722,territorial glider,2648,3,27,1,6,0.8
11261,8723,territorial moss fungus,1301,2,1009,10,1,1.5
11262,8723,territorial moss fungus,1949,3,392,1,2,1.5
11263,8964,maester's weapon,1299,3,286,1,2,1.7
11264,8810,windborne hydrozoan,2616,3,578,1,1,3
11265,8373,Eulmoran adjutant,2617,3,579,1,1,5.5
11266,8414,mischievous plaything,2573,3,311,5,1,4
11267,9057,Cosmos snapweed,2702,3,114,7,1,2
11268,9044,leannan sith,2817,3,69,2,1,1
11269,9045,lover's ring,2790,3,527,2,1,0.6
11270,9064,enslaved love,1923,3,423,1,1,3
11271,9148,reverse-jointed Goliath,2829,3,632,1,1,1.2
11272,9149,small biped,2823,3,627,1,1,1.2
11273,9150,Marx L,2815,3,622,1,1,1
11274,9151,Marx R,2815,3,622,1,1,1
11275,9152,Marx,2821,3,620,1,2,0.7
11276,9152,Marx,2821,3,620,1,2,0.7
11277,9041,Seeker of Solitude,2785,3,604,1,1,2
11278,9049,velvet drapery,2835,3,9994,1,1,3
11279,9047,grand piano,2837,3,9994,1,1,4.2
11280,9048,gilded stool,2834,3,9994,1,1,1
11281,9050,plush sofa,2833,3,9994,1,1,3
11282,9065,crystal chandelier,2836,3,9994,1,1,5
11283,9046,Lugus,2789,3,73,3,1,4
11284,108,,480,0,0,0,1,5
11285,108,,480,0,0,0,1,1
11286,108,,480,0,0,0,1,2
11287,108,,480,0,0,0,1,3
11288,108,,480,0,0,0,1,1.6
11289,108,,480,0,0,0,1,6
11290,9041,Seeker of Solitude,2785,3,604,1,1,2
11291,9063,magicked broom,2813,3,624,1,1,6.25
11292,8352,Hades,2478,3,554,1,1,0.9
11293,8352,Hades,2576,3,565,1,1,1
11294,8352,Hades,2794,3,616,1,1,1.7
11295,8352,Hades,476,3,9994,1,1,1
11296,8352,Hades,476,3,9994,1,1,1
11297,8352,Hades,476,3,9994,1,1,1
11298,8352,Hades,476,3,9994,1,1,1
11299,8826,shadow of the ancients,2765,1,501,1,1,2.5
11300,9180,Nabriales's shade,547,1,101,1,1,2
11301,9181,Lahabrea's shade,547,1,101,1,1,2
11302,9182,Igeyorhm's shade,547,1,101,1,1,2
11303,9183,Ascian prime's shade,1047,3,103,2,1,3.8
11304,8351,aetherial gaol,2740,3,601,1,1,8
11305,9184,arcane globe,2811,3,272,1,17,1
11306,9185,arcane font,2812,3,272,1,18,1
11307,9143,Hobbes,2786,3,611,1,1,1
11308,9143,Hobbes,2787,3,612,1,1,1
11309,9143,Hobbes,2788,3,613,1,1,1
11316,9052,agilulfo,121,3,29,1,1,3
11317,9063,magicked broom,2813,3,624,1,1,2.5
11318,9053,over weapon,2601,3,574,1,1,1.2
11319,9053,over weapon,2601,3,574,1,1,1.2
11320,9053,over weapon,2601,3,574,1,1,1.2
11321,9054,bellporxie,2595,3,80,3,1,1
11322,9055,Cosmos witchweed,1270,3,280,1,1,0.8
11323,9056,Cosmos echo,2513,3,26,3,1,3.5
11324,9062,Cosmos ya-te-veo,1224,3,5,2,4,1.3
11325,9057,Cosmos snapweed,2675,3,589,1,1,1.3
11326,9179,paraporxie,2595,3,80,3,1,2
11327,9058,draco statue,2770,3,540,1,1,2
11334,9061,Lord Tolthewil,2793,3,549,2,1,1.8
11335,9211,living liquid,1061,3,260,1,1,3.5
11336,9212,liquid hand,1063,3,261,2,1,1.6
11337,9213,liquid rage,1300,3,287,1,1,2.5
11338,9214,jagd doll,978,2,1007,6,1,0.8
11339,9215,embolus,1202,3,271,1,8,1
11340,9216,Brute Justice,1357,3,300,1,1,0.45
11341,9217,steam chakram,1425,3,315,1,1,1
11342,9218,Cruise Chaser,1606,3,361,1,1,0.85
11343,8658,plasma shield,1661,5,0,0,1,10
11344,9221,plasmasphere,513,3,156,1,7,3
11345,9222,Shanoa,1499,3,331,1,1,2
11346,9223,true heart,1448,3,321,1,1,1
11347,9220,Alexander Prime,1583,3,354,1,1,0.9
11348,9224,judgment crystal,1671,3,368,1,1,0.7
11349,9042,Perfect Alexander,2783,3,598,1,1,0.9
11351,9186,Lahabrea's and Igeyorhm's shades,480,0,0,0,1,1
11352,9231,Papa Humbaba,1767,3,58,7,1,0.9
11353,9232,thunderhead,1572,3,273,1,5,1
11354,9134,small stubby,785,3,156,1,16,1
11355,9239,shikigami of the pyre,1664,3,260,1,2,3
11356,9240,shikigami of the pyre,1666,3,287,1,2,2.5
11357,9241,shikigami of the undertow,1061,3,260,1,1,3
11358,9242,right hand of the undertow,1062,3,261,1,1,1.8
11359,9243,left hand of the undertow,1063,3,261,2,1,1.3
11360,9244,shikigami of the undertow,1300,3,287,1,1,2.5
11361,9141,serial-jointed command model,2791,3,614,1,1,1.4
11362,9146,small exploder,2824,3,627,2,1,1.2
11363,9142,serial-jointed service model,2852,3,614,1,1,1
11365,9142,serial-jointed service model,2809,3,273,1,28,1
11366,9131,2P,2810,1,201,1,1,1.024
11367,9245,Siegfried,2832,2,1024,2,1,2
11368,2667,bomb,670,3,199,1,1,2
11369,9149,small biped,672,3,199,2,1,2
11370,9245,Siegfried,2832,2,1024,2,1,2
11371,8851,budding ya-te-veo,557,3,174,1,1,1
11372,9245,Siegfried,2832,2,1024,2,1,2
11373,9245,Siegfried,2832,2,1024,2,1,2
11374,9245,Siegfried,2832,2,1024,2,1,2
11375,9245,Siegfried,2832,2,1024,2,1,2
11376,8347,massive boulder,557,3,174,1,1,1
11377,8853,fish basket,670,3,199,1,1,2
11378,9155,serial-jointed service model,672,3,199,2,1,2
11379,9143,Hobbes,476,3,9994,1,1,1
11380,9153,9S-operated walking fortress,2792,3,615,1,1,1
11381,9154,9S-operated flight unit,2795,3,617,1,1,1
11382,9155,serial-jointed service model,2791,3,614,1,1,1.4
11383,9156,Goliath tank,2828,3,631,1,1,1.2
11384,9157,Marx,2846,3,635,1,1,1
11385,9136,small flyer,2809,3,273,1,28,1
11386,9134,small stubby,2822,3,626,1,1,1.2
11387,9135,small biped,2823,3,627,1,1,1.2
11388,9136,small flyer,2825,3,628,1,1,1.2
11389,9137,multi-leg medium model,2826,3,629,1,1,1.2
11390,9138,Goliath tank,2828,3,631,1,1,1.2
11391,9139,medium exploder,2827,3,630,1,1,1.2
11392,9140,flight unit,2842,3,617,1,2,1
11393,9219,gelid gaol,779,3,72,1,2,1.6
11396,9230,arena mirrorknight,378,3,151,1,1,1.5
11397,9189,Arch Ultima,2806,3,621,1,1,1
11398,108,,2845,3,634,1,1,1
11399,108,,2845,3,634,1,1,1
11400,108,,2845,3,634,1,1,1
11401,9190,Gaius Baelsar,542,1,501,1,1,1.1
11402,9190,Gaius Baelsar,1209,3,273,1,2,1
11408,9196,canis praetorianus,1732,3,8,2,1,1
11409,9197,praedator praetorianus,1669,3,366,1,1,1
11410,9143,Hobbes,1679,3,1,5,1,3.4
11411,9199,scorpio praetorianus,1808,3,410,1,1,1.1
11412,9200,colossus praetorianus,255,3,76,1,3,3.2
11413,9201,sicilis praetoriana,1654,3,148,4,1,0.7
11414,7857,Julia quo Soranus,2471,1,601,1,1,1
11415,7860,Annia quo Soranus,2472,1,601,1,1,1.2
11416,9189,Arch Ultima,1209,3,273,1,2,1
11417,9202,lembus praetorianus,930,3,230,1,1,0.4
11419,9204,synthetic auracite generator,480,0,0,0,1,1
11420,9205,Arch Ultima bit,55,3,12,1,1,1
11421,9218,Cruise Chaser,1605,3,360,1,1,0.85
11422,9220,Alexander Prime,2782,3,597,1,1,0.9
11423,9042,Perfect Alexander,2784,3,598,1,2,0.9
11424,9178,Ezel II,2851,3,637,1,1,1
11425,9177,Tyr Beq,2520,2,1038,1,1,0.6
11426,9176,An Lad,2520,2,1038,1,1,0.6
11427,9160,nightmare pudding,1311,3,55,1,15,1.5
11428,9159,nightmare puppet,1764,3,148,5,1,1
11429,9162,nightmare flamebeast,1846,3,415,1,1,1
11430,9161,nightmare worm,239,3,68,1,2,1
11431,9207,nightmare bubble,392,3,156,1,4,2
11432,9208,Destrudo,2804,3,129,3,1,0.7
11433,9209,crack in unreality,536,4,4012,0,1,1.5
11434,9210,clouded dream,480,0,0,0,1,1.5
11437,9159,nightmare puppet,1764,3,148,5,1,1.5
11438,9160,nightmare pudding,1311,3,55,1,15,2
11439,9161,nightmare worm,239,3,68,1,2,1
11440,9162,nightmare flamebeast,1846,3,415,1,1,1.5
11441,8126,arena viking,1431,2,1027,1,1,2
11442,8105,arena vodoriga,363,3,141,1,1,1
11443,9163,bitsy basket,2558,3,49,7,1,0.5
11444,9164,sweet echevore,2587,3,2,4,1,2.5
11445,9165,flowering witchweed,1270,3,280,1,1,0.9
11446,9166,killer moss fungus,2574,3,569,1,1,1.2
11447,9167,pouting phooka,2653,3,225,2,2,1
11448,9168,deepglider,2660,3,540,1,2,1.5
11449,9169,icewater undine,1867,3,417,2,1,0.6
11450,9170,fresh anemone,2534,3,84,4,1,2
11451,9171,greedy Fuath,2525,3,320,2,2,1.5
11452,9172,fibrous psammead,1491,3,280,2,1,0.5
11453,9172,fibrous psammead,1491,3,280,2,1,0.7
11454,9172,fibrous psammead,1491,3,280,2,1,0.9
11455,9173,Nu Mou porxienapper,2693,2,1037,1,2,1
11456,9173,Nu Mou porxienapper,2693,2,1037,1,2,1
11457,9174,Nu Mou fungipicker,2693,2,1037,1,2,1
11458,9175,wandering coyote,160,3,41,1,2,1
11459,8517,ironbeard,2867,3,58,10,1,1.5
11460,9131,2P,2796,3,617,2,1,1
11461,9229,Estinien Wyrmblood,480,0,0,0,1,1
11462,9247,ice boulder,1571,3,271,1,18,2
11463,108,,2845,3,634,1,1,1
11464,108,,2845,3,634,1,1,1
11465,108,,2845,3,634,1,1,1
11466,9346,Alphinaud,1684,3,171,2,1,1
11470,9131,2P,480,0,0,0,1,1
11471,108,,480,0,0,0,1,1
11472,9208,Destrudo,202,3,55,1,2,1.5
11473,9219,gelid gaol,670,3,199,1,1,2
11474,9233,Durinn,1498,3,330,2,1,2
11475,9234,undead serf,597,1,101,1,1,1
11476,9235,undead serf,548,1,0,1,1,1
11478,9237,undead warrior,1641,2,1009,12,1,1
11479,9238,undead gravekeeper,1624,1,901,1,1,1.5
11481,9260,Unknown,2873,3,233,5,1,1.4
11482,9261,Unknown,2873,3,233,5,1,1.4
11483,9262,sinister bubble,1372,3,271,1,13,1.5
11484,9250,the Ruby Weapon,2814,3,625,1,1,1
11485,9365,phantom Varis,629,3,106,1,1,1.6
11486,731,comet,629,3,106,1,1,1.6
11487,9250,the Ruby Weapon,2879,3,648,1,1,1
11488,9254,Raven's image,647,3,196,1,1,1.5
11489,9254,Raven's image,647,3,196,1,1,1.5
11490,9250,the Ruby Weapon,2814,3,625,1,1,1
11491,9259,Ruby bit,2872,3,12,4,1,1.1
11492,9253,meteor,629,3,106,1,1,1.6
11493,731,comet,629,3,106,1,1,1.6
11494,9250,the Ruby Weapon,2879,3,648,1,1,1
11495,9254,Raven's image,647,3,196,1,1,1.5
11496,9254,Raven's image,647,3,196,1,1,1.5
11497,9255,white fury,2887,3,345,2,1,0.5
11498,9256,white agony,2888,3,345,3,1,0.5
11499,8647,thundersphere,672,3,199,2,1,2
11500,9246,magitek explosive,804,3,199,2,1,4
11501,108,,476,3,9994,1,1,1
11504,9829,vision of Ryne,2720,1,201,1,1,1.5
11511,9245,Siegfried,2481,3,55,6,1,3.8
11512,3046,Typhon,261,3,78,1,1,2.5
11513,2667,bomb,670,3,199,1,1,4
11515,9248,cloud wyvern,1042,3,60,4,1,1
11516,9249,Abalathian wamoura,646,3,195,1,1,1.1
11518,9263,kyklops,2864,3,427,2,1,2
11519,9264,Rukshs Dheem,2865,3,456,2,1,8
11520,9265,depth grip,2878,3,647,1,1,2.5
11521,9266,queen's harpooner,2695,2,1007,1,6,1.5
11522,9281,Ramuh,2866,3,639,1,1,2.2
11523,9282,stormcloud,1572,3,273,1,5,1
11524,9283,gathered storm,1572,3,273,1,5,1.7
11525,9284,will of Ramuh,2875,3,639,1,2,2
11526,9285,will of Ixion,2874,3,407,1,3,0.5
11527,9404,Llofii the Forthright,2886,3,141,6,1,0.8
11528,9281,Ramuh,2866,3,639,1,1,2.2
11529,9282,stormcloud,1572,3,273,1,5,1
11530,9283,gathered storm,1572,3,273,1,5,1.7
11531,9284,will of Ramuh,2875,3,639,1,2,2
11532,9285,will of Ixion,2874,3,407,1,3,0.5
11533,9286,raiden,2886,3,141,6,1,0.8
11534,9287,Garuda,2797,3,618,1,1,0.5
11535,9288,Ifrit,2883,3,459,2,1,3
11536,9289,Raktapaksa,2889,3,459,2,2,3.5
11537,9290,tumultuous nexus,2920,3,655,1,5,1.5
11538,9291,great ball of fire,2942,3,653,1,1,1.5
11539,9287,Garuda,2797,3,618,1,1,0.5
11540,9288,Ifrit,2883,3,459,2,1,3
11541,9289,Raktapaksa,2889,3,459,2,2,3.5
11542,9290,tumultuous nexus,2920,3,655,1,5,1.5
11543,9291,great ball of fire,2942,3,653,1,1,1.5
11544,9292,twisting blaze,1666,3,287,1,2,2.5
11545,9267,trench danbania,2676,3,590,1,1,1.5
11546,9268,trench xzomit,2373,3,523,1,1,1.5
11547,9269,trench phuabo,2470,3,551,1,1,1.5
11548,9271,trench dagonite,2884,3,5,3,2,2
11549,108,,480,0,0,0,1,5
11550,9272,trench yovra,2453,3,544,1,1,1
11551,9273,Anyder squib,2088,3,290,2,1,1.5
11552,9274,Anyder clionid,2432,3,539,1,1,1.5
11553,9275,Anyder leech,1056,3,181,1,2,1.5
11554,9276,Anyder grappler,2695,2,1007,1,6,1.5
11555,9277,Anyder harpooner,2695,2,1007,1,6,1.5
11556,9278,Anyder diviner,2695,2,1007,1,6,1.5
11557,9316,corrupted sprite,612,3,153,1,6,1.2
11558,9830,vision of Gaia,2853,2,1041,1,1,1.5
11559,9288,Ifrit,2883,3,459,2,1,3
11560,9289,Raktapaksa,2889,3,459,2,2,3.5
11561,108,,476,3,9994,1,1,0.3
11562,108,,476,3,9994,1,1,0.3
11563,9279,panopt ousia,2877,3,646,1,1,2
11564,9280,io ousia,2885,3,238,4,1,1.5
11565,9298,the Idol of Darkness,2880,3,649,1,1,1
11566,9299,unforgiven idolatry,2906,3,658,1,1,1
11567,9298,the Idol of Darkness,2906,3,658,1,1,1
11568,9301,idolatry,2906,3,658,1,1,1
11569,9301,idolatry,2906,3,658,1,1,1
11570,9298,the Idol of Darkness,2880,3,649,1,1,1
11571,9299,unforgiven idolatry,2906,3,658,1,1,1
11572,9300,blasphemy,2906,3,658,1,1,1
11573,9301,idolatry,2906,3,658,1,1,1
11574,9301,idolatry,2906,3,658,1,1,1
11575,9293,iguana huaca,2905,3,657,1,1,1
11576,9302,chiaro,789,3,156,1,20,1.4
11577,9303,scuro,2943,3,653,1,2,1
11578,108,,2912,3,659,1,1,1
11579,108,,2854,3,638,1,1,1
11580,9296,huaca,2915,2,1021,5,1,2.5
11585,9293,iguana huaca,2537,3,30,2,1,1.2
11586,9294,thorn huaca,2569,3,153,3,1,2
11587,9295,cubus huaca,2683,3,591,1,7,1.5
11588,9297,voidgate,1208,3,273,1,1,1
11589,9341,Varis yae Galvus,2914,2,1042,1,1,2
11590,9365,phantom Varis,2914,2,1042,1,1,2
11591,9356,ruby sphere,2505,3,9994,1,1,1
11592,9360,Terminus Est,2917,3,655,1,2,1
11593,9361,Ignis Est,2918,3,655,1,3,1
11594,9362,Ventus Est,2919,3,655,1,4,1
11595,9355,bladesblood,2956,3,9994,1,1,2
11596,3819,magitek turret I,1236,3,12,1,5,1
11597,3820,magitek turret II,1235,3,12,3,1,1
11598,9342,confines of memory,2931,3,72,5,1,1
11599,9356,ruby sphere,2911,3,655,1,1,1
11600,9331,altered Bahamut,336,3,117,1,2,0.7
11601,9331,altered Bahamut,336,3,117,1,2,0.7
11619,9340,antibody,2932,3,380,1,2,0.6
11620,9341,Varis yae Galvus,2914,2,1042,1,1,2
11621,9365,phantom Varis,2914,2,1042,1,1,2
11622,9360,Terminus Est,2917,3,655,1,2,1
11623,9361,Ignis Est,2918,3,655,1,3,1
11624,9362,Ventus Est,2919,3,655,1,4,1
11625,9355,bladesblood,2956,3,9994,1,1,2
11626,9342,confines of memory,2931,3,72,5,1,1
11627,9353,Shiva,2902,3,640,1,1,3.5
11628,9407,Red Comet,2809,3,273,1,28,1
11629,9318,holy light,2943,3,653,1,2,2
11630,9319,electric aether,2922,3,153,1,11,1.2
11631,9320,aqueous aether,2921,3,153,1,10,1.2
11632,9321,earthen aether,2924,3,153,2,2,1.2
11633,9322,luminous aether,1452,3,153,1,8,1.2
11634,9323,drachen wanderer,1602,3,253,1,2,1
11635,9353,Shiva,2902,3,640,1,1,3.5
11636,9409,Lyon the Beast King,2809,3,273,1,28,1
11637,9410,vermilion flame,2943,3,653,1,2,1
11638,9319,electric aether,2922,3,153,1,11,1.2
11639,9320,aqueous aether,2921,3,153,1,10,1.2
11640,9321,earthen aether,2924,3,153,2,2,1.2
11641,9324,great wyrm,476,3,9994,1,1,1
11645,9347,Ryne,2720,1,201,1,1,0.84
11651,9358,ice veil,476,3,9994,1,1,5
11653,9278,Anyder diviner,2695,2,1007,1,6,1.5
11654,9325,Mothercrystal,476,3,9994,1,1,1
11655,9491,Titania,2711,3,553,2,1,2
11656,9490,Feo Ul,2520,2,1038,1,1,0.6
11657,9502,eale's golem,81,3,21,1,1,2
11659,9392,rotten mandragora,2695,2,1007,1,6,1.5
11660,267,Allagan naga,81,3,21,1,1,2
11661,9379,Test Subject VIII Dabog,985,3,247,1,1,1.8
11662,9394,Canis Dirus,1293,3,42,5,1,0.8
11663,9386,4th Legion signifer,1519,3,339,1,1,1
11664,9397,Test Subject VIII Dabog,176,3,45,1,1,2.5
11665,9410,vermilion flame,104,3,27,1,1,1
11666,9411,imperial pyromancer,655,3,5,2,1,1.2
11667,9412,pyrobolus mater,1759,3,392,1,1,1.5
11668,9413,pyrobolus pater,358,3,135,1,1,4
11669,9994,Eastern alliance samurai,49,3,9,1,2,3
11670,9326,Gaia,2853,2,1041,1,1,1
11671,9299,unforgiven idolatry,2906,3,658,1,1,1
11672,9299,unforgiven idolatry,2947,3,658,1,2,1
11673,9405,Spartoi,1196,3,271,1,2,2
11674,731,comet,629,3,106,1,1,1.6
11677,10119,debris,476,3,9994,1,1,4.5
11679,9317,frozen mirror,476,3,9994,1,1,1
11680,9317,frozen mirror,476,3,9994,1,1,1
11681,9288,Ifrit,2883,3,459,2,1,3
11682,9289,Raktapaksa,2889,3,459,2,2,3.5
11686,9391,Peerifool,115,3,28,2,1,1
11687,9400,Akbaba,2816,3,359,3,1,1.2
11688,9513,tamed carrion crow,2816,3,359,3,1,0.5
11690,9402,whirlwind,478,3,9995,1,2,1
11691,9350,Moonstone Carbuncle,413,3,7002,1,5,1.5
11692,9359,gunshield,2946,3,9994,1,1,3
11693,9254,Raven's image,647,3,196,1,1,1.5
11694,9254,Raven's image,647,3,196,1,1,1.5
11697,9278,Anyder diviner,2695,2,1007,1,6,1.5
11701,9424,Dáinsleif,2928,3,665,1,1,0.8
11702,9425,magitek bit,55,3,12,1,1,2
11703,9398,Gabriel,2926,3,663,1,1,1
11704,9399,magitek missile,2181,3,472,1,1,1.3
11705,9403,monoceros,3026,3,168,1,13,1
11707,9405,Spartoi,2807,3,295,3,1,0.75
11708,9406,grasping rancor,1820,3,114,4,1,1.6
11709,9396,Vigilia,2927,3,664,1,1,1
11723,9427,Chlevnik,2830,3,42,9,1,1.5
11724,9428,bestial corpse,165,3,42,1,1,0.75
11725,9462,Warrior of Light,2904,3,656,1,1,3.4
11726,9829,vision of Ryne,2720,1,201,1,1,1.5
11727,9830,vision of Gaia,2853,2,1041,1,1,1.5
11728,9702,Black Wolf's image,542,1,501,1,1,2
11729,9702,Black Wolf's image,542,1,501,1,1,2
11730,9693,4th-make Hashmal,3206,3,432,1,3,2.7
11739,9472,Wyrm of Light,2971,3,117,1,5,0.7
11740,9473,spectral egi,2971,3,117,1,5,0.3
11741,9462,Warrior of Light,2904,3,656,1,1,3.4
11742,9462,Warrior of Light,2904,3,656,1,1,3.4
11743,9823,sorrow's hourglass,476,3,9994,1,1,1
11744,541,striking dummy,1502,3,332,1,1,1
11745,9450,twister,2942,3,653,1,1,1.5
11746,10188,subject VIII construct,2942,3,653,1,1,3
11754,9472,Wyrm of Light,2971,3,117,1,5,0.7
11755,9473,spectral egi,2971,3,117,1,5,0.3
11756,9505,spectral thief,2993,1,101,1,1,1.75
11757,9506,spectral thief,2993,1,101,1,1,1.75
11758,108,,2955,3,659,1,1,1
11759,108,,2954,3,638,1,1,1
11761,9508,spectral necromancer,2996,2,1016,5,1,2.3
11762,9510,necrobomb,548,1,0,1,1,1.5
11763,9510,necrobomb,548,1,0,1,1,1.5
11764,9510,necrobomb,548,1,0,1,1,1.5
11765,9510,necrobomb,548,1,0,1,1,1.5
11766,9509,necrobomb,597,1,101,1,1,1.5
11767,9509,necrobomb,597,1,101,1,1,1.5
11768,9509,necrobomb,597,1,101,1,1,1.5
11769,9509,necrobomb,597,1,101,1,1,1.5
11770,9458,the Sapphire Weapon,3029,3,691,1,1,1.94
11771,9459,Regula's image,1090,1,501,1,1,1.5
11772,9460,magitek turret,1236,3,12,1,5,2.75
11773,5045,ceruleum servant,1561,3,177,1,4,2.5
11774,9461,guidance system,316,3,105,1,1,1.75
11775,9461,guidance system,316,3,105,1,1,1.75
11776,9461,guidance system,316,3,105,1,1,1.75
11777,9442,Adrammelech,2930,3,667,1,1,1.75
11778,9443,torrid orb,783,3,156,1,14,1.3
11779,9444,frozen orb,784,3,156,1,15,1.3
11780,9445,aqueous orb,2997,3,655,1,6,1.3
11781,9446,charged orb,785,3,156,1,16,1.3
11782,9447,vortical orb,1197,3,271,1,3,0.7
11783,9448,sabulous orb,910,3,156,1,22,1.3
11784,9449,electric charge,1008,3,156,1,27,1.3
11785,9450,twister,1912,3,272,1,20,1.95
11786,9299,unforgiven idolatry,2947,3,658,1,2,1
11787,9299,unforgiven idolatry,2947,3,658,1,2,1
11788,9891,Diadem melia,2199,3,272,1,13,1.95
11789,9494,Tupaq Amaro,2199,3,272,1,13,1.95
11790,9451,arcane sphere,769,3,213,1,1,1
11791,108,,3212,3,726,1,1,1.3
11792,9364,724P-operated superior flight unit (A-lpha),2958,3,669,1,1,1
11793,9617,767P-operated superior flight unit (B-eta),2958,3,669,1,1,1
11794,9618,772P-operated superior flight unit (C-hi),2958,3,669,1,1,1
11795,9322,luminous aether,1452,3,153,1,8,1.2
11796,9417,Patriot,3017,3,27,3,2,1.5
11797,9515,Bozjan korrigan,1046,3,88,1,2,1.7
11798,9516,Bozjan orobon,270,3,82,2,1,4
11799,9517,4th Legion slasher,1654,3,148,4,1,0.7
11800,9518,Bozjan mudpuppy,151,3,39,1,1,1.2
11801,9519,4th Legion nimrod,2876,3,645,1,1,1.5
11802,9520,Bozjan nepenthes,2675,3,589,1,1,1.3
11803,9521,Bozjan matamata,1718,3,384,1,1,1.5
11804,9522,4th Legion death claw,331,3,114,1,1,1.5
11805,9523,4th Legion roader,1712,3,378,1,1,0.6
11806,108,,231,3,63,1,3,1
11807,108,,213,3,56,1,1,2
11808,108,,732,3,23,3,1,0.8
11809,108,,1366,3,308,1,1,1
11810,11320,spear of the Fury,2923,3,9994,1,1,2
11811,110,skeleton soldier,480,0,0,0,1,1
11812,9530,Ink Claw,1158,3,215,2,3,2
11813,9531,fern flower,1270,3,280,1,1,0.8
11814,9532,tideborn angel,2043,3,296,3,1,0.9
11815,9533,water sprite,385,3,153,1,5,1
11816,9534,Bozjan geshunpest,2185,3,476,1,1,1.5
11817,9535,Bozjan wraith,1504,3,334,1,1,2.5
11818,9483,Ghen Gen,116,3,28,2,2,1
11819,9643,mine,117,3,28,2,3,1
11820,9485,Cassard,118,3,28,2,4,1
11821,10263,Emerald Garuda,119,3,28,2,5,1
11822,10015,confluence,476,3,9994,1,1,1.8
11823,9391,Peerifool,2831,3,88,8,1,7.5
11824,9392,rotten mandragora,2831,3,88,8,1,3.5
11825,9393,pheromones,2263,3,321,1,3,1.5
11826,9536,lightning sprite,384,3,153,1,4,1
11827,9537,wind sprite,383,3,153,1,3,1
11828,9538,earth sprite,386,3,153,2,1,1
11829,9931,4th-make Shemhazai,3128,3,702,1,1,2.75
11830,9539,4th Legion vanguard,215,3,56,1,3,1.5
11831,9540,Bozjan doblyn,178,3,45,1,3,1.5
11832,9541,Bozjan sabotender,142,3,36,1,2,2.5
11833,9542,Bozjan tormentor,2674,3,588,1,1,1.6
11834,9408,red chocobo,2132,2,1,9,2,1.2
11835,9544,4th Legion avenger,1818,3,183,6,1,1.1
11836,9533,water sprite,385,3,153,1,5,1
11837,9545,Bozjan antlion,1717,3,383,1,1,1.3
11838,9546,Bozjan worm,238,3,68,1,1,1
11839,9547,4th Legion gunship,1030,3,230,1,2,0.6
11840,9536,lightning sprite,384,3,153,1,4,1
11841,9548,Bozjan wight,862,2,1015,2,1,1.8
11842,9549,Bozjan taipan,2663,3,65,4,2,1
11843,9550,Bozjan bandersnatch,913,3,177,2,1,1
11844,9551,Bozjan biast,180,3,46,1,2,1.5
11845,9537,wind sprite,383,3,153,1,3,1
11846,10107,telotek sky armor,1366,3,308,1,1,1
11848,108,,476,3,9994,1,1,3.5
11849,9538,earth sprite,386,3,153,2,1,1
11850,9555,Bozjan dullahan,2420,3,73,2,1,2.5
11851,9556,Viy,220,3,58,1,2,1.2
11852,9557,Smok,1681,3,183,5,1,2.3
11853,9558,Psoglav,1293,3,42,5,1,1
11854,9559,4th Legion hexadrone,1404,3,276,1,1,0.65
11855,9560,Bozjan elbst,182,3,46,3,1,1.2
11856,9561,Bozjan screamer,39,3,7,1,1,2
11857,9562,Bozjan ranunculus,2534,3,84,4,1,2
11858,9563,Bozjan phobosuchus,1509,3,39,6,1,1.4
11859,9564,4th Legion scorpion,1808,3,410,1,1,0.9
11860,9536,lightning sprite,384,3,153,1,4,1
11861,9565,Bozjan monitor,2770,3,540,1,1,2
11862,9430,4th Legion armored weapon,1679,3,1,5,1,4
11863,9567,Bozjan ochu,35,3,5,1,2,1.5
11864,9533,water sprite,385,3,153,1,5,1
11865,9568,Bozjan gravekeeper,1624,1,901,1,1,1.5
11866,9569,Bozjan goobbue,198,3,54,1,1,1.5
11867,9570,Bozjan wadjet,137,3,34,2,2,1.2
11868,9571,Bozjan snake,772,3,173,1,2,1.5
11869,9538,earth sprite,386,3,153,2,1,1
11870,9572,Bozjan anzu,604,3,60,3,1,0.9
11871,9573,Bozjan doll,1949,3,392,1,2,1.7
11872,9679,Bozjan elasmoth,165,3,42,1,1,0.75
11873,9537,wind sprite,383,3,153,1,3,1
11874,9575,Bozjan rider,2256,3,237,2,1,1.8
11875,9576,Patty,1439,3,238,2,1,2
11876,9577,Clingy Clare,147,3,37,1,4,1.4
11877,9578,bird of barathrum,1217,3,118,2,3,2.6
11878,9394,Canis Dirus,3025,3,128,2,2,1.17
11879,9395,hellsfire,2998,3,655,1,7,1
11880,9407,Red Comet,2132,2,1,9,2,1.8
11881,9408,red chocobo,2132,2,1,9,2,1.2
11882,9650,905P-operated heavy artillery unit,2960,3,410,2,2,1
11883,9603,tamed panther,2842,3,617,1,2,1
11884,9664,energy,2809,3,273,1,28,1
11885,9651,pod,2933,3,675,1,2,4
11887,9422,peri,1666,3,287,1,2,2.5
11888,9423,Huma,2446,3,118,1,3,0.8
11889,9507,chicken knife,77,3,451,2,1,1
11892,9412,pyrobolus mater,1298,3,286,1,1,2.5
11893,9413,pyrobolus pater,1299,3,286,1,2,1.7
11894,9414,pyrobolus soror,100,3,26,1,1,3
11895,9415,pyrobolus frater,1308,3,26,1,6,2
11896,9416,wandering flame,1623,3,271,1,21,1.5
11897,108,,2488,3,489,2,1,0.6
11898,9492,"Aenc Thon, Lord of the Lengthsome Gait",2477,3,74,3,1,2.5
11899,9493,Nu Mou,2519,2,1037,1,1,1
11900,9494,Tupaq Amaro,2429,2,1036,2,1,1.2
11901,9495,Mustardseed,2648,3,27,1,6,0.8
11902,9496,Peaseblossom,1301,2,1009,10,1,1.5
11907,9656,heavy artillery unit,2959,3,410,2,1,1
11908,9664,energy,2809,3,273,1,28,1
11909,9657,barricade,2956,3,9994,1,1,2.5
11916,9426,Mark XIII-X magitek laborer,3019,3,489,1,5,1.2
11917,9409,Lyon the Beast King,3799,1,301,1,1,1.2
11919,9410,vermilion flame,1623,3,271,1,21,1.2
11937,108,,480,0,0,0,1,1
11938,9642,813P-operated aegis unit,2957,3,668,1,1,1.5
11939,9381,Construct 10,2541,3,489,1,2,0.9
11940,9588,imperial supply crate,488,4,2220,0,1,1.5
11941,9382,magitek laborer,2212,3,489,1,1,0.9
11942,9383,Mark XII-B magitek laborer,3019,3,489,1,5,1.2
11948,108,,2520,2,1038,1,1,0.6
11949,108,,2525,3,320,2,2,1.5
11950,108,,2519,2,1037,1,1,1
11951,108,,2519,2,1037,1,1,1
11952,108,,2429,2,1036,2,1,1.2
11953,9411,imperial pyromancer,480,0,0,0,1,1
11954,9403,monoceros,3026,3,168,1,13,1
11956,9674,Ilberd,480,0,0,0,1,1
11957,9675,Lucia,312,3,101,1,1,1
11958,9676,Magnai,835,3,72,1,3,1.2
11959,9677,Sadu,825,2,1009,9,1,1
11960,9678,Yugiri,480,0,0,0,1,1
11961,9412,pyrobolus mater,480,0,0,0,1,1
11962,9412,pyrobolus mater,480,0,0,0,1,1
11963,9409,Lyon the Beast King,3799,1,301,1,1,1.2
11964,9412,pyrobolus mater,1623,3,271,1,21,1.2
11965,9452,Dawon,2945,3,236,3,1,3
11966,9453,verdant plume,1957,3,93,1,7,1
11967,9454,scarlet plume,2999,3,93,1,8,1
11968,9455,tamed beetle,1316,3,290,1,1,2
11969,9456,tamed coeurl,65,3,17,1,1,1.5
11970,9457,tamed manticore,603,3,183,1,1,1.5
11971,9513,tamed carrion crow,2973,3,359,4,1,1
11972,9646,the Compound,2970,3,105,7,1,2.3
11973,9647,the Puppets,2970,3,105,7,1,2.3
11974,9644,Compound 2P,2964,3,674,1,1,1
11975,9645,Puppet 2P,3020,3,674,1,2,1
11976,9648,Compound pod,2972,3,675,2,1,6.8
11979,9140,flight unit,2842,3,617,1,2,1
11980,9436,Brionac,2925,3,662,1,1,1
11981,9437,lightsphere,3030,3,653,1,3,1
11982,9438,shadowsphere,789,3,156,1,20,1.5
11983,9419,eale,563,3,171,1,1,2.8
11984,9420,demonic eye,3004,3,156,1,31,2
11985,9421,demonic eye,511,3,156,1,5,1
11986,108,,480,0,0,0,1,1
11987,9439,4th Legion helldiver,2929,3,666,1,1,1.3
11988,9439,4th Legion helldiver,2929,3,666,1,1,1
11989,9439,4th Legion helldiver,2929,3,666,1,1,1
11990,9436,Brionac,480,0,0,0,1,1
11991,9440,tunnel armor,2581,3,367,3,1,1.3
11992,9710,halo of flame,480,0,0,0,1,1
11993,9441,castrum gate,2956,3,9994,1,1,2
11998,9429,4th Legion predator,1669,3,366,1,1,1
11999,9430,4th Legion armored weapon,1679,3,1,5,1,3.4
12003,9432,4th Legion colossus,253,3,76,1,1,2.5
12004,9652,light artillery unit,2962,3,491,2,1,1
12005,9655,YoRHa close-combat unit: spear,3002,1,201,1,1,1
12006,9653,YoRHa close-combat unit: martial,3002,1,201,1,1,1
12007,9654,YoRHa close-combat unit: blade,3002,1,201,1,1,1
12008,9967,4th Legion aquilifer,480,0,0,0,1,1
12011,9649,2B,2810,1,201,1,1,1.024
12012,9140,flight unit,2842,3,617,1,2,1
12024,9659,813P,3002,1,201,1,1,1
12025,9662,724P,3002,1,201,1,1,1
12026,9660,767P,3002,1,201,1,1,1
12027,9661,772P,3002,1,201,1,1,1
12028,9663,905P,3002,1,201,1,1,1
12029,9511,spectral berserker,2968,3,109,2,1,3
12030,9512,rubble,1268,3,274,1,3,1
12034,9418,magitek bartizan,476,3,9994,1,1,1
12036,9484,Ghun Gun,2518,2,1003,7,1,1
12039,9680,Albeleo's Canis Dirus,3025,3,128,2,2,0.7
12040,9433,Albeleo the Maleficent,3016,1,501,1,1,1
12041,9681,Albeleo's monstrosity,563,3,171,1,1,2
12042,9434,Albeleo's Hrodvitnir,248,3,71,1,1,0.9
12043,9486,Magnus,1496,3,56,3,1,1.2
12044,9595,reconnaissance slasher,1654,3,148,4,1,1.5
12050,2118,Livia sas Junius,545,1,601,1,1,1.1
12051,2160,Rhitahtyn sas Arvina,546,1,901,1,1,1.1
12052,2135,Nero tol Scaeva,544,1,501,1,1,1.1
12053,2136,Gaius van Baelsar,542,1,501,1,1,1.1
12054,9667,Terminus Est,1209,3,273,1,2,1
12058,3639,Ser Grinnaux,1250,2,1025,1,1,2.2
12059,3642,Ser Charibert,1250,2,1025,1,1,2.2
12060,3633,Ser Zephirin,1250,2,1025,1,1,2.2
12061,3632,King Thordan,1067,2,1024,1,1,3.8
12065,3458,Nidhogg,1531,3,285,3,1,2.7
12066,3458,Nidhogg,1647,3,285,3,2,2.7
12067,5576,Grynewaht,1823,1,901,1,1,1
12072,6039,Zenos yae Galvus,2555,3,403,3,2,1.15
12073,7537,specter of Zenos,2554,3,403,3,1,1.15
12074,6041,the Swell,1913,3,326,3,1,3
12075,6042,the Storm,1914,3,326,3,2,3
12076,6040,Ame-no-Habakiri,1915,3,326,4,1,3
12077,9673,dimensional tear,1208,3,273,1,1,1.5
12079,9533,water sprite,2708,3,67,2,1,1
12092,9669,corrupted creation,2684,3,591,1,8,1.5
12093,8826,shadow of the ancients,2713,1,501,1,1,2.5
12101,8826,shadow of the ancients,2765,1,501,1,1,2.5
12102,9670,creation magick,480,0,0,0,1,1
12103,9586,necrophagous hound,1276,3,71,2,1,0.9
12104,9587,necrophagous vodoriga,363,3,141,1,1,1.5
12110,9514,4th Legion sky armor,1366,3,308,1,1,1
12111,9432,4th Legion colossus,253,3,76,1,1,3.5
12112,9596,blooming snapweed,2675,3,589,1,1,1.5
12113,9787,stylish tentacle,1732,3,8,2,1,1
12114,9597,spirulina,1315,3,289,1,1,2
12117,9378,Daguza the Shrewd,2108,3,453,2,1,1.5
12120,9425,magitek bit,55,3,12,1,1,1.1
12121,9378,Daguza the Shrewd,2108,3,453,2,1,1.5
12122,9589,Daguza's henchman,10,2,1008,1,1,1
12123,9589,Daguza's henchman,1726,2,1012,5,1,1.2
12124,9589,Daguza's henchman,1812,2,1030,1,1,1.2
12125,9589,Daguza's henchman,11,2,1009,1,1,1
12126,9590,tamed peiste,136,3,34,2,1,1
12127,9591,tamed mada,1904,3,54,5,3,1.2
12128,9592,tamed lion,720,3,203,1,1,1
12129,9593,tamed cyclops,219,3,58,1,1,1
12130,9594,war Garula,1738,3,35,4,1,1
12131,9587,necrophagous vodoriga,103,3,26,1,4,7
12132,155,mitetrap,2961,3,49,8,1,2.3
12134,9606,shadow familiar,2625,3,382,2,1,1
12135,9604,aqueous familiar,1867,3,417,2,1,1
12144,9605,fire familiar,1737,3,352,5,1,1.5
12145,9598,nimrod escort,2876,3,645,1,1,1.5
12146,9599,armored weapon escort,1679,3,1,5,1,4.5
12147,9600,Gamma R-1,1940,3,1,5,2,4.5
12155,9603,tamed panther,68,3,17,1,4,1.25
12156,9602,tamed ziz,154,3,40,1,1,0.6
12159,9581,4th Legion sky armor,1030,3,230,1,2,0.5
12162,9582,vampire bat,98,3,25,1,1,2
12163,9582,vampire bat,98,3,25,1,1,2
12164,9582,vampire bat,98,3,25,1,1,2
12166,9582,vampire bat,98,3,25,1,1,2
12167,9582,vampire bat,98,3,25,1,1,2
12168,9582,vampire bat,98,3,25,1,1,2
12172,9559,4th Legion hexadrone,1404,3,276,1,1,0.8
12174,9639,armored weapon prototype,1679,3,1,5,1,4.5
12176,9566,4th Legion scraper,1404,3,276,1,1,0.8
12180,9850,aura sphere,1271,3,282,2,1,0.65
12181,9589,Daguza's henchman,1726,2,1012,5,1,1.2
12182,9589,Daguza's henchman,1812,2,1030,1,1,1.2
12183,9408,red chocobo,2132,2,1,9,2,1.2
12184,9407,Red Comet,2132,2,1,9,2,1.8
12185,9632,war primelephas,2076,3,246,4,1,1.5
12186,9601,magitek core,2751,5,0,0,1,1
12187,9629,magitek rearguard prototype,1496,3,56,3,1,2
12188,9630,magitek avenger prototype,1818,3,183,6,1,1
12189,9631,magitek colossus prototype,253,3,76,1,1,1.5
12192,9636,tamed drake,179,3,46,1,1,1.5
12193,9602,tamed ziz,154,3,40,1,1,0.6
12194,9635,white lion,1844,3,415,1,2,1
12196,9647,the Puppets,3014,3,681,1,1,1
12197,9647,the Puppets,3015,1,201,1,1,1
12200,9637,Feathered Rainbow,1530,3,118,2,4,2.4
12201,9604,aqueous familiar,1867,3,417,2,1,1
12204,9633,tamed bandersnatch,913,3,177,2,1,1
12206,9634,Cacus,2542,3,76,1,6,4
12207,9621,Diadem plantoid,1015,3,156,1,29,2
12208,7974,ball lightning,1015,3,156,1,29,2
12214,9457,tamed manticore,1749,3,183,1,2,1.25
12215,9636,tamed drake,179,3,46,1,1,1.5
12216,9602,tamed ziz,154,3,40,1,1,0.6
12219,9685,learned familiar,82,3,21,1,2,2
12220,9685,learned familiar,1088,3,247,1,2,1.8
12221,9685,learned familiar,1908,3,339,1,2,0.8
12222,9673,dimensional tear,1843,3,42,6,1,1
12223,9673,dimensional tear,177,3,45,1,2,2.5
12224,9615,Bombardier,106,3,27,1,5,1
12225,9617,767P-operated superior flight unit (B-eta),1072,3,5,2,3,1.2
12226,9690,phantom tiger,1949,3,392,1,2,1.5
12227,9588,imperial supply crate,656,3,135,1,2,4
12228,9588,imperial supply crate,48,3,9,1,1,3
12230,9640,leucrocota,1404,3,276,1,1,1
12231,9599,armored weapon escort,1679,3,1,5,1,3
12232,9636,tamed drake,179,3,46,1,1,1.5
12233,9602,tamed ziz,154,3,40,1,1,0.6
12234,9564,4th Legion scorpion,1808,3,410,1,1,1.5
12237,6945,archaeodemon,2093,3,49,6,1,1.5
12238,9425,magitek bit,55,3,12,1,1,1.1
12239,9378,Daguza the Shrewd,2108,3,453,2,1,1.5
12243,108,,476,3,9994,1,1,1.8
12245,9636,tamed drake,179,3,46,1,1,1.5
12246,9602,tamed ziz,154,3,40,1,1,0.6
12247,9585,tamed canis pugnax,1732,3,8,2,1,1
12248,9714,exoray,3066,3,569,1,2,1
12249,9715,relict werewood,1949,3,392,1,2,1
12250,9716,cave mantis,374,3,148,1,1,1
12251,9717,cave tarantula hawk,1416,3,11,2,3,1
12252,9718,spriggan stonebearer,108,3,28,1,2,2
12253,9719,spriggan quarrier,109,3,28,1,3,2
12254,9720,sonny of Ziggy,3067,3,316,2,1,1
12255,9721,cave pugil,861,3,134,1,3,1
12256,9722,cave gelatin,3068,3,336,2,2,1
12257,9723,cave opken,834,3,49,3,1,1
12258,9724,cave hropken,1040,3,49,3,2,1
12259,9725,lava phoebad,3069,3,396,2,3,0.7
12260,9726,molten phoebad,3069,3,396,2,3,2
12261,9727,relict licorice,204,3,55,1,4,1
12262,9728,relict flan,206,3,55,1,6,1
12263,9729,relict marshmallow,203,3,55,1,3,1
12264,9730,relict bavarois,205,3,55,1,5,1
12265,9731,relict pudding,201,3,55,1,1,1
12266,9732,relict slime,292,3,87,1,1,1
12267,9733,relict syrup,294,3,87,1,3,1
12268,9734,pyroduct Eldthurs,2372,3,54,7,1,1
12269,9665,4th Legion supply ship,930,3,230,1,1,0.6
12270,9734,pyroduct Eldthurs,480,0,0,0,1,1
12271,9735,mudman,480,0,0,0,1,1
12281,10099,Tiamat,1051,3,119,3,1,1
12282,9682,4th Legion colossus rubricatus,254,3,76,1,2,2.5
12283,9683,4th Legion Prometheus,2400,3,367,2,1,0.8
12284,9684,tamed garm,968,3,53,1,2,1
12285,9603,tamed panther,68,3,17,1,4,2.5
12286,9685,learned familiar,1631,3,183,4,2,1.5
12287,9686,blazing familiar,1664,3,260,1,2,3
12292,9916,viscous clot,292,3,87,1,1,1
12293,9439,4th Legion helldiver,2929,3,666,1,1,1
12294,8826,shadow of the ancients,2713,1,501,1,1,2.5
12295,8826,shadow of the ancients,2713,1,501,1,1,2.5
12296,541,striking dummy,2449,0,0,0,1,1
12297,9737,mud bubble,3074,3,222,1,2,4
12298,9688,Lacus Litore duplicarius,480,0,0,0,1,1
12299,9741,mother porxie,3054,3,637,2,1,6
12300,9735,mudman,3075,3,377,1,3,1.75
12301,9736,mudman's double,3075,3,377,1,3,1.75
12302,9737,mud bubble,3074,3,222,1,2,2
12303,9788,secret djinn,1923,3,423,1,1,2.9
12304,9789,secret rabbit's tail,1950,3,81,1,3,4.4
12305,9790,secret undine,1867,3,417,2,1,1.5
12306,9791,flawless bubble,2997,3,655,1,6,1.3
12307,9792,aqueous aether,385,3,153,1,5,1.4
12308,9795,secret porxie,2595,3,80,3,1,3
12309,9796,magicked broom,2813,3,624,1,1,6.25
12310,9793,secret pegasus,1472,3,263,1,2,2.5
12311,9794,thunderhead,1572,3,273,1,5,1
12312,9797,greedy pixie,2520,2,1038,1,1,2
12313,9799,secret morpho,1314,3,265,1,3,0.9
12314,9808,Daen Ose the Avaricious,2525,3,320,2,2,1.5
12315,9810,lingering snort,383,3,153,1,3,1
12316,9800,secret mandragora,2438,3,88,1,1,2.8
12317,9801,secret onion,757,3,88,2,1,2.8
12318,9802,secret egg,758,3,88,3,1,2.8
12319,9803,secret garlic,759,3,88,4,1,2.8
12320,9804,secret tomato,760,3,88,5,1,2.8
12321,9805,secret queen,761,3,88,6,1,2.8
12322,9806,secret korrigan,1046,3,88,1,2,9.5
12323,9807,secret keeper,2662,3,54,7,2,2.1
12324,9809,wriggling menace,2087,3,286,2,1,1.2
12325,9776,secret serpent,919,3,173,1,5,2.3
12326,9777,serpent hatchling,772,3,173,1,2,1.5
12327,9778,secret Cladoselache,2571,3,49,8,1,1.9
12328,9779,secret shark,1271,3,282,2,1,1
12329,9780,secret worm,239,3,68,1,2,2
12330,9781,bubble,390,3,156,1,2,1.5
12331,9782,secret swallow,2043,3,296,3,1,1
12332,9783,swallow hatchling,2148,3,296,3,1,0.5
12333,9784,secret basket,2558,3,49,7,1,1.8
12334,9785,secret echivore,2587,3,2,4,1,3.5
12335,9786,Fuath troublemaker,2722,3,320,2,3,6.5
12336,9808,Daen Ose the Avaricious,2525,3,320,2,2,1.5
12337,9787,stylish tentacle,871,3,205,3,1,0.6
12338,9808,Daen Ose the Avaricious,2525,3,320,2,2,1.5
12339,9774,Fuath trickster,2722,3,320,2,3,1.5
12340,9773,the Keeper of the Keys,2662,3,54,7,2,1.7
12341,9811,giant beaver,3156,3,8307,1,2,5
12342,9775,secret sweeper,1861,3,61,1,4,2.5
12343,9681,Albeleo's monstrosity,1436,3,177,1,2,2
12344,346,shallowscale Reaver,1436,3,177,1,2,1
12346,9696,the Emerald Weapon,2966,3,676,1,1,1.2
12347,9697,claw bit,3116,3,695,1,1,1
12348,9698,energy,2705,3,271,1,35,0.5
12349,9699,magnetic mine,3062,3,368,2,1,1.2
12350,9697,claw bit,3117,3,695,2,1,1
12352,9702,Black Wolf's image,542,1,501,1,1,1
12353,9696,the Emerald Weapon,2966,3,676,1,1,1.2
12354,9697,claw bit,3116,3,695,1,1,1
12355,9783,swallow hatchling,2705,3,271,1,35,0.5
12356,9699,magnetic mine,3062,3,368,2,1,1.2
12357,9697,claw bit,3117,3,695,2,1,1
12359,9702,Black Wolf's image,542,1,501,1,1,1
12360,9703,airborne image,3070,3,308,1,3,1
12362,9705,ceruleum sphere,3092,3,653,1,5,1
12363,9706,nitrosphere,3093,3,653,1,6,1
12364,9798,pixie double,2520,2,1038,1,1,2
12365,9798,pixie double,2520,2,1038,1,1,2
12366,9850,aura sphere,1436,3,177,1,2,1
12367,9812,fake Fuath,2490,3,8301,1,1,6.5
12368,9808,Daen Ose the Avaricious,906,3,9994,1,6,1
12369,9808,Daen Ose the Avaricious,907,3,9995,1,11,1
12370,9742,aeolian cave sprite,383,3,153,1,3,2
12371,9743,Puro Roggo the Unwashed,1211,3,89,1,2,1.2
12372,9744,Mero Roggo the Damp,3064,3,89,1,5,1.2
12373,9745,Buro Roggo the Tepid,3065,3,89,1,6,1.2
12374,9764,Cloud of Darkness,3022,3,684,1,1,3
12375,9765,Clone of Darkness,3087,3,684,1,2,3
12376,9766,hypercharged cloud,1009,3,156,1,28,1
12377,9767,stygian tendrils,1360,3,302,1,1,1
12378,9768,stygian arbor,480,0,0,0,1,1
12379,9764,Cloud of Darkness,3022,3,684,1,1,3
12380,9766,hypercharged cloud,1009,3,156,1,28,1
12381,9767,stygian tendrils,1360,3,302,1,1,1
12382,9765,Clone of Darkness,3087,3,684,1,2,3
12383,9768,stygian arbor,480,0,0,0,1,1
12384,9515,Bozjan korrigan,3048,3,120,4,1,2.1
12385,9769,Shadowkeeper,3119,3,120,4,2,2.1
12386,9769,Shadowkeeper,3023,3,120,4,1,2.1
12387,9769,Shadowkeeper,3118,3,120,4,2,2.1
12388,9769,Shadowkeeper,3023,3,120,4,1,1.5
12389,9769,Shadowkeeper,3094,3,272,1,22,1
12391,9771,shadefire,3048,3,120,4,1,2.1
12392,9769,Shadowkeeper,3119,3,120,4,2,2.1
12393,9769,Shadowkeeper,3023,3,120,4,1,2.1
12394,9769,Shadowkeeper,3118,3,120,4,2,2.1
12395,9769,Shadowkeeper,3023,3,120,4,1,1.5
12396,9769,Shadowkeeper,3094,3,272,1,22,1
12398,9770,flameshadow,789,3,156,1,20,1.5
12399,9771,shadefire,3126,3,653,1,9,1.3
12400,9707,Fatebreaker,3021,3,683,1,1,3.6
12401,9708,Fatebreaker's image,3021,3,683,1,1,3.6
12402,9853,trinity avowed,3021,3,683,1,1,3.6
12403,9709,Demi-Gukumatz,3024,3,420,3,2,0.54
12404,9710,halo of flame,3095,3,708,1,1,1
12405,9711,halo of levin,3096,3,708,1,2,1
12406,9708,Fatebreaker's image,480,0,0,0,1,1
12407,9707,Fatebreaker,3021,3,683,1,1,3.6
12408,9708,Fatebreaker's image,3021,3,683,1,1,3.6
12409,9842,aetherial burst,3021,3,683,1,1,3.6
12410,9709,Demi-Gukumatz,3024,3,420,3,2,0.54
12411,9710,halo of flame,3095,3,708,1,1,1
12412,9711,halo of levin,3096,3,708,1,2,1
12413,9712,portal of flame,3097,3,708,1,3,1
12414,9713,portal of levin,3098,3,708,1,4,1
12415,9738,nixie,3086,2,1033,3,1,8
12416,9739,unfinished nixie,3086,2,1033,3,1,4
12417,9740,icicle,764,3,204,1,1,1
12418,9808,Daen Ose the Avaricious,906,3,9994,1,6,1
12419,9619,Diadem golem,81,3,21,1,1,2
12420,9886,Diadem zoblyn,1039,3,45,1,4,2.5
12421,9887,Diadem ice golem,825,2,1009,9,1,1.2
12422,9888,Diadem ice bomb,864,3,26,1,5,4
12423,9889,Diadem beast,1293,3,42,5,1,0.8
12424,9890,Diadem icetrap,1035,3,9,1,4,3
12425,9891,Diadem melia,1036,3,27,1,3,1
12426,9892,proto-noctilucale,1034,3,5,2,2,1.2
12427,9893,Diadem bloated bulb,1378,3,135,1,3,4
12428,9894,Diadem werewood,1759,3,392,1,1,1.5
12429,9813,Eden's Promise,2967,3,677,1,1,0.13
12430,9813,Eden's Promise,3150,3,677,1,1,2
12431,9815,bomb boulder,2664,3,67,3,1,1
12432,9816,titanic bomb boulder,2664,3,67,3,1,2.5
12433,9817,lissom sculpture,2686,2,1016,4,1,2
12434,9818,chiseled sculpture,3060,3,127,5,1,3
12435,9819,beastly sculpture,3059,3,177,6,1,1
12436,9829,vision of Ryne,2720,1,201,1,1,1.5
12437,9830,vision of Gaia,2853,2,1041,1,1,1.5
12438,9826,treasured memory,476,3,9994,1,1,3.5
12439,9827,treasured memory,476,3,9994,1,1,3.5
12440,9828,treasured memory,476,3,9994,1,1,3.5
12441,9813,Eden's Promise,2967,3,677,1,1,0.13
12442,9814,Guardian of Eden,3151,3,677,1,1,2
12443,9815,bomb boulder,2664,3,67,3,1,1
12444,9821,ice pillar,764,3,204,1,1,2
12445,9818,chiseled sculpture,3060,3,127,5,1,3
12446,9819,beastly sculpture,3059,3,177,6,1,1
12447,9820,regal sculpture,3059,3,177,6,1,2
12448,9830,vision of Gaia,2853,2,1041,1,1,1
12449,9831,Mitron,547,1,101,1,1,1
12450,9832,Oracle of Darkness,3057,2,1049,1,1,3.2
12451,9747,bicolor golem,3071,3,21,1,10,2
12452,9748,ruins golem,81,3,21,1,1,2
12453,9746,grim reaper,1619,3,352,4,1,2
12454,9751,dahu,1681,3,183,5,1,2.3
12455,9752,marchosias,913,3,177,2,1,1
12456,9751,dahu,1681,3,183,5,1,2.3
12457,9752,marchosias,913,3,177,2,1,1
12458,9753,crowned marchosias,1226,3,177,2,2,1
12459,9754,stygimoloch warrior,3073,3,58,3,3,1
12460,9755,Bozjan phantom,1668,3,365,1,1,2
12461,9756,stuffy wraith,1745,3,334,1,3,2.2
12462,9755,Bozjan phantom,1668,3,365,1,1,2
12463,9756,stuffy wraith,1745,3,334,1,3,2.2
12464,9757,bloody wraith,1599,3,334,1,2,2
12465,9758,misty wraith,2153,3,334,1,4,2
12466,9759,stygimoloch lord,3072,3,58,3,2,1
12467,9760,stygimoloch monk,3073,3,58,3,3,1
12468,9761,ball of fire,783,3,156,1,14,1
12469,9935,Dyunbu the Accursed,785,3,156,1,16,1
12470,9763,ball of earth,2091,3,273,1,10,1
12472,9923,serial-jointed model,2420,3,73,2,1,2.7
12473,9750,Bozjan soldier,862,2,1015,2,1,1.6
12474,9838,queen's knight,3088,3,408,3,1,4
12475,9839,aetherial ward,3091,3,655,1,8,3
12476,9840,queen's warrior,3055,3,408,3,1,4
12477,9841,aetherial bolt,670,3,199,1,1,3
12478,9842,aetherial burst,670,3,199,1,1,6
12479,9843,queen's soldier,3085,2,1048,1,1,4
12480,9844,soldier avatar,3085,2,1048,1,1,4
12481,9849,queen's gunner,3085,2,1048,1,1,4
12482,9847,automatic turret,3178,3,7101,2,1,4
12483,9838,queen's knight,3088,3,408,3,1,4
12484,9839,aetherial ward,3091,3,655,1,8,3
12485,9851,aetherial sphere,1841,3,271,1,22,2.5
12486,9852,spiritual sphere,1506,3,271,1,17,1
12487,9840,queen's warrior,3055,3,408,3,1,4
12488,9841,aetherial bolt,670,3,199,1,1,3
12489,9842,aetherial burst,670,3,199,1,1,6
12490,9850,aura sphere,1198,3,271,1,4,1
12491,9843,queen's soldier,3085,2,1048,1,1,4
12492,9844,soldier avatar,3085,2,1048,1,1,4
12493,9845,raging flame,2942,3,653,1,1,1.5
12494,9846,immolating flame,2942,3,653,1,1,3
12495,9849,queen's gunner,3085,2,1048,1,1,4
12496,9847,automatic turret,3178,3,7101,2,1,4
12497,9848,gun turret,3177,3,7101,1,1,4
12498,108,,3326,3,8367,1,1,2
12499,108,,3316,3,8369,1,1,10
12500,9888,Diadem ice bomb,306,3,98,1,1,1.5
12501,9889,Diadem beast,484,5,0,0,1,1
12502,9890,Diadem icetrap,237,3,67,1,1,1
12503,9988,Hansel,249,3,72,1,1,1
12504,9989,Gretel,618,3,7004,1,2,1
12505,9877,O'Ghomoro golem,480,0,0,0,1,1
12506,9939,4th Legion satellite,480,0,0,0,1,1
12507,752,Kuplu Kopo,1433,3,272,1,4,1
12508,9853,trinity avowed,3027,3,689,1,1,1.7
12509,9855,spark arrow,3076,3,472,3,1,2
12510,9856,flame arrow,3077,3,472,3,2,2
12511,9857,frost arrow,3078,3,472,3,3,2
12512,9858,glacier arrow,3079,3,472,3,4,2
12513,9859,swirling orb,2090,3,272,1,11,1
12514,9860,tempestuous orb,3090,3,272,1,21,1
12515,9861,blazing orb,3170,3,653,1,8,2.25
12516,9862,roaring orb,3089,3,653,1,4,1.5
12517,9854,avowed avatar,3027,3,689,1,1,1.7
12518,9853,trinity avowed,3027,3,689,1,1,1.7
12519,9855,spark arrow,3076,3,472,3,1,2
12520,9856,flame arrow,3077,3,472,3,2,2
12521,9857,frost arrow,3078,3,472,3,3,2
12522,9858,glacier arrow,3079,3,472,3,4,2
12523,9859,swirling orb,2090,3,272,1,11,1
12524,9860,tempestuous orb,3090,3,272,1,21,1
12525,9861,blazing orb,3170,3,653,1,8,2.25
12526,9862,roaring orb,3089,3,653,1,4,1.5
12527,9854,avowed avatar,3027,3,689,1,1,1.7
12528,9796,magicked broom,2813,3,624,1,1,6.25
12529,9796,magicked broom,2813,3,624,1,1,6.25
12530,9796,magicked broom,2813,3,624,1,1,6.25
12531,9796,magicked broom,2813,3,624,1,1,6.25
12532,9796,magicked broom,2813,3,624,1,1,6.25
12533,9908,"Gogo, Master of Mimicry",3058,3,74,4,1,2
12534,9909,Imitation Gogo,3058,3,74,4,1,2
12535,9908,"Gogo, Master of Mimicry",3058,3,74,4,1,2
12536,10002,4th Legion Gamma,3058,3,74,4,1,2
12537,9910,maelstrom,635,3,9995,1,6,1
12539,9870,Angelo,2850,3,80,3,1,1
12540,9871,Admiral Bloefhiswyn,3148,1,1001,1,1,1
12544,9875,2nd Order pickman,5,2,1003,1,1,1.5
12545,9876,2nd Order alchemist,5,2,1003,1,1,1.5
12546,9874,2nd Order roundsman,5,2,1003,1,1,1.5
12547,9877,O'Ghomoro golem,81,3,21,1,1,1
12548,9878,Construct 2,1304,3,58,4,1,0.8
12549,316,bomb,100,3,26,1,1,3
12550,9879,grenade,101,3,26,1,2,6
12551,9881,2nd Order rocksplitter,5,2,1003,1,1,1.8
12552,9880,2nd Order Patriarch Za Da,5,2,1003,1,1,1.5
12553,108,,5,2,1003,1,1,1.5
12554,108,,480,0,0,0,1,1
12555,9863,the Queen,2963,2,1045,1,1,1.8
12556,9838,queen's knight,3088,3,408,3,1,4
12557,9840,queen's warrior,3055,3,408,3,1,4
12558,9841,aetherial bolt,670,3,199,1,1,3
12559,9842,aetherial burst,670,3,199,1,1,6
12560,9843,queen's soldier,3085,2,1048,1,1,4
12561,9844,soldier avatar,3085,2,1048,1,1,4
12562,9849,queen's gunner,3085,2,1048,1,1,4
12563,9847,automatic turret,3178,3,7101,2,1,3
12564,9863,the Queen,2963,2,1045,1,1,1.8
12565,9838,queen's knight,3088,3,408,3,1,4
12566,9938,4th Legion infantry,3091,3,655,1,8,3
12567,9851,aetherial sphere,1841,3,271,1,22,2.5
12568,9840,queen's warrior,3055,3,408,3,1,4
12569,9841,aetherial bolt,670,3,199,1,1,3
12570,9842,aetherial burst,670,3,199,1,1,6
12571,10037,Lunar Ravana,1198,3,271,1,4,1
12572,9843,queen's soldier,3085,2,1048,1,1,4
12573,9844,soldier avatar,3085,2,1048,1,1,4
12574,9849,queen's gunner,3085,2,1048,1,1,4
12575,9847,automatic turret,3178,3,7101,2,1,3
12576,10042,lunar nail,3177,3,7101,1,1,3
12577,187,marshlight,2128,3,191,1,2,2
12578,187,marshlight,2128,3,191,1,2,2
12586,9398,Gabriel,2926,3,663,1,1,1
12587,9902,Delta Gabriel,3084,3,663,1,2,1
12588,9903,4th Legion predator,1669,3,366,1,1,1
12589,9904,4th Legion sky armor,1366,3,308,1,1,1
12591,11321,holy comet,629,3,106,1,1,1.2
12592,3633,Ser Zephirin,3268,2,1054,1,1,2.2
12593,9834,trinity seeker,3053,3,690,1,3,0.8
12594,9836,aetherial orb,3030,3,653,1,3,2
12595,9978,4th Legion eques,910,3,156,1,22,1
12596,9980,beastly familiar,480,0,0,0,1,15
12597,9834,trinity seeker,3053,3,690,1,3,0.8
12598,9835,seeker avatar,3053,3,690,1,3,0.8
12599,9836,aetherial orb,3030,3,653,1,3,2
12600,9984,white pylon,910,3,156,1,22,1
12601,3634,Ser Adelphel,3268,2,1054,1,1,2.2
12602,3639,Ser Grinnaux,3268,2,1054,1,1,2.2
12603,3642,Ser Charibert,3268,2,1054,1,1,2.2
12604,3632,King Thordan,3269,2,1053,1,1,3.8
12605,3458,Nidhogg,3146,3,711,1,1,2.7
12606,3458,Nidhogg,3147,3,711,1,2,2.7
12607,11315,the Azure Price,3503,3,653,1,15,1
12608,11316,the Gilded Price,3093,3,653,1,6,1
12609,108,,3140,3,105,8,1,0.5
12610,11318,right eye,3141,3,105,8,2,0.5
12611,3632,King Thordan,3269,2,1053,1,1,3.8
12612,3458,Nidhogg,3444,3,755,2,1,1
12613,4954,Hraesvelgr,3386,3,755,1,1,1
12615,3458,Nidhogg,1406,3,119,1,4,1
12616,11319,Dragon-king Thordan,2969,3,678,1,1,4
12627,9696,the Emerald Weapon,3061,3,676,1,2,1.2
12628,9696,the Emerald Weapon,3061,3,676,1,2,1.2
12630,3983,Darkscale,3647,3,163,1,6,1.4
12631,11314,Vidofnir,3648,3,163,3,1,1.2
12632,3635,Ser Janlenoux,3268,2,1054,1,1,2.2
12633,3636,Ser Vellguine,3268,2,1054,1,1,2.2
12634,3637,Ser Paulecrain,3268,2,1054,1,1,2.2
12635,3638,Ser Ignasse,3268,2,1054,1,1,2.2
12636,3640,Ser Hermenost,3268,2,1054,1,1,2.2
12637,3641,Ser Guerrique,3268,2,1054,1,1,2.2
12638,3643,Ser Haumeric,3268,2,1054,1,1,2.2
12639,3644,Ser Noudenet,3268,2,1054,1,1,2.2
12640,9696,the Emerald Weapon,3112,3,676,1,1,1.2
12641,9696,the Emerald Weapon,3112,3,676,1,1,1.2
12642,9700,bitblade,3113,3,695,1,2,1
12643,9700,bitblade,3114,3,695,2,2,1
12644,9700,bitblade,3113,3,695,1,2,1
12645,9700,bitblade,3114,3,695,2,2,1
12646,3984,Vedrfolnir,3389,3,60,6,1,1.5
12647,3983,Darkscale,1277,3,63,1,8,1.4
12648,11314,Vidofnir,1186,3,63,3,1,1.2
12649,10075,amhuluk,3081,3,17,4,5,2.4
12650,10077,Lunar Bahamut,3063,3,117,2,1,0.7
12651,10074,lunar nail,3082,3,90,1,3,1
12653,9696,the Emerald Weapon,2966,3,676,1,1,1.2
12654,9696,the Emerald Weapon,3112,3,676,1,1,1.2
12655,10037,Lunar Ravana,2966,3,676,1,1,1.2
12656,9513,tamed carrion crow,3112,3,676,1,1,1.2
12657,9696,the Emerald Weapon,3061,3,676,1,2,1.2
12658,10124,4th Legion infantry,2966,3,676,1,1,1.2
12659,9696,the Emerald Weapon,3112,3,676,1,1,1.2
12660,9696,the Emerald Weapon,3061,3,676,1,2,1.2
12661,4093,lightning sprite,384,3,153,1,4,1
12662,9864,void torch,1006,3,153,1,7,1
12663,9865,void wanderer,1574,3,352,1,1,1
12664,9866,void scavenger,2625,3,382,2,1,1
12665,9867,Dvalinn,1498,3,330,2,1,1
12666,9871,Admiral Bloefhiswyn,480,0,0,0,1,1
12667,9911,master coeurl,65,3,17,1,1,1.7
12668,9912,courser chocobo,2132,2,1,9,2,1.2
12679,9879,grenade,480,0,0,0,1,1
12680,9917,sanguine clot,1079,3,87,1,9,1
12682,108,,3,2,1001,1,1,1
12683,9902,Delta Gabriel,3084,3,663,1,2,1
12684,9879,grenade,101,3,26,1,2,6
12685,9948,False Idol,3127,3,701,1,1,26
12686,108,,3246,3,272,1,24,1
12687,108,,3245,3,272,1,23,1
12688,9949,Her Inflorescence,3121,3,700,1,1,4.85
12689,9950,Red Girl,3179,2,1050,1,1,2.3
12690,9951,energy,2809,3,273,1,28,1
12691,9918,2P,2810,1,201,1,1,1.024
12692,9919,2P-operated flight unit,2796,3,617,2,1,1
12693,9921,Xun-Zi,3181,3,715,1,1,1.5
12694,9922,Meng-Zi,3181,3,715,1,1,1.5
12695,9664,energy,2809,3,273,1,28,1
12696,9136,small flyer,2825,3,628,1,1,1.2
12697,9923,serial-jointed model,2852,3,614,1,1,1
12698,10064,Hanbi,3266,3,124,2,1,2.5
12699,10063,embittered soul,2709,3,43,2,3,4
12700,9941,Hrodvitnir,3297,3,71,1,1,1.4
12701,9942,ice sprite,3247,3,153,1,12,1
12702,9943,icicle,764,3,204,1,1,3
12704,9945,blackburn,3133,3,666,2,1,1.3
12705,9946,4th Legion escort,3133,3,666,2,1,1
12706,10065,ball of levin,3292,3,653,1,10,1.3
12707,10066,supercharged levin,3292,3,653,1,10,2.3
12708,9989,Gretel,3130,3,703,1,1,1.842
12709,9988,Hansel,3131,3,703,2,1,1.842
12710,9992,magical confluence,790,3,9994,1,5,1
12711,9993,magic bullet,3242,3,708,1,5,1
12712,9649,2B,2810,1,201,1,1,1.024
12713,10059,9S,2820,1,201,1,1,1.024
12715,10004,4th-make Cuchulainn,3129,3,558,2,1,3
12716,10076,magitek core,3192,3,105,3,2,1
12718,10069,Mark II telotek colossus,255,3,76,1,3,3
12719,10070,telotek predator,1669,3,366,1,1,1
12720,10071,telotek sky armor,1366,3,308,1,1,1
12721,10072,Paglth'an flamekeeper,3,2,1001,1,1,1
12722,10073,magitek missile,2181,3,472,1,1,1
12723,10007,the Diablo Armament,3134,3,705,1,1,1.5
12724,10008,diabolic bit,1074,3,12,1,3,2
12725,10009,aether,3092,3,653,1,5,1.5
12726,108,,476,3,9994,1,1,1
12727,10064,Hanbi,3002,1,201,1,1,1
12728,9955,Knave of Hearts,3132,3,704,1,1,2
12729,9938,4th Legion infantry,3249,1,101,1,1,2
12730,9947,Terminus Est,2917,3,655,1,2,1
12731,9514,4th Legion sky armor,1366,3,308,1,1,1
12732,9429,4th Legion predator,1669,3,366,1,1,1
12733,9939,4th Legion satellite,3161,3,313,2,1,1
12734,9940,4th Legion death machine,3185,3,366,2,1,1.5
12735,10095,kampe,1808,3,410,1,1,1.2
12736,9999,tamed alkonost,864,3,26,1,5,7
12737,9409,Lyon the Beast King,3799,1,301,1,1,1
12739,9694,vermilion flame,1200,3,271,1,6,1.5
12741,9924,magitek turret,55,3,12,1,1,1
12742,9928,4th Legion cavalry,3138,3,237,3,1,2
12743,9929,clibanarius,3201,3,237,3,2,2.4
12744,9930,4th-make Belias,3207,3,480,1,3,3
12745,9925,Ayida,1875,3,420,1,1,0.85
12746,9926,purple levin,1008,3,156,1,27,1
12747,9927,ball of fire,1961,3,271,1,26,1
12748,9969,Hedetet,3294,3,1,7,1,4
12749,9970,dim crystal,2882,3,204,9,1,1.6
12750,9971,corrupted crystal,3195,3,204,2,2,1.6
12751,9972,sand sphere,910,3,156,1,22,4
12752,9973,alkonost,3184,3,386,2,1,1.5
12753,9974,alkonost's shadow,3197,3,386,2,2,1.5
12754,10057,vortical orb,1195,3,93,1,6,1
12755,10100,Tiamat,3203,3,724,1,1,1
12756,108,,3,2,1001,1,1,1
12759,10109,Lunar Bahamut,3063,3,117,2,1,0.7
12760,10113,lesser telodragon,371,3,146,1,1,1
12761,10108,telotek predator,1669,3,366,1,1,1
12762,10101,telodragon,231,3,63,1,3,1
12763,10107,telotek sky armor,1366,3,308,1,1,1
12764,108,,5,2,1003,1,1,1.5
12765,10192,saunion,3144,3,598,2,1,0.75
12766,10006,Dawon the Younger,3275,3,236,3,2,3
12767,9409,Lyon the Beast King,3799,1,301,1,1,1
12768,9694,vermilion flame,1200,3,271,1,6,0.75
12769,9453,verdant plume,1957,3,93,1,7,1
12770,10005,Menenius sas Lanatus,476,3,9994,1,1,1
12772,10010,Moonstone Carbuncle,413,3,7002,1,5,1.5
12773,9869,Alisaie,1652,1,604,1,1,0.97
12774,9870,Angelo,2850,3,80,3,1,1
12781,10016,telotek colossus,253,3,76,1,1,3.2
12782,10017,telotek armored weapon,1679,3,1,5,1,3.4
12783,10018,telotek gunship,930,3,230,1,1,0.5
12784,10019,telotek sky armor,1366,3,308,1,1,1
12785,10020,telotek predator,1669,3,366,1,1,1
12788,10024,Ixali strongtalon,4,2,1002,1,1,1
12789,10026,sylvan sigh,7,2,1005,1,1,1
12790,10025,Ixali strongbeak,4,2,1002,1,1,1
12791,10026,sylvan sigh,7,2,1005,1,1,1
12792,10053,Pipin of the Steel Heart,476,3,9994,1,1,1.8
12795,10030,lan'gaii Vanu Vanu,1101,2,1001,6,1,1.2
12796,3573,Gnath firedrone,832,2,1020,1,1,1
12797,10031,twisted imperial,548,1,0,1,1,1
12798,10032,twisted imperial,548,1,0,1,1,1
12799,10033,twisted imperial,548,1,0,1,1,1
12800,10034,Lunar Odin,3160,3,549,3,1,2.5
12801,10037,Lunar Ravana,3083,3,244,1,5,0.8
12802,10041,Lunar Ifrit,3125,3,96,1,3,1.1
12803,10041,Lunar Ifrit,3125,3,96,1,3,1.1
12804,10042,lunar nail,3082,3,90,1,3,1
12805,10043,infernal nail,298,3,90,1,1,1
12806,10044,infernal nail,298,3,90,1,1,1.5
12808,10024,Ixali strongtalon,4,2,1002,1,1,1
12809,10026,sylvan sigh,7,2,1005,1,1,1
12810,10030,lan'gaii Vanu Vanu,1101,2,1001,6,1,1.2
12811,3573,Gnath firedrone,832,2,1020,1,1,1
12814,10049,kobold roundsman,5,2,1003,1,1,1.5
12815,10050,Sahagin skirmisher,9,2,1007,1,1,1.5
12818,10055,Zanr'ak pugilist,3,2,1001,1,1,1.2
12819,10056,Ananta kshatriya,1740,2,1029,1,1,1.2
12821,10016,telotek colossus,253,3,76,1,1,3.2
12822,10017,telotek armored weapon,1679,3,1,5,1,3.4
12823,10018,telotek gunship,930,3,230,1,1,0.5
12824,10036,lunar fetters,1010,3,256,1,1,1
12825,10038,moon gana,1096,3,265,1,1,0.5
12826,10039,spirit gana,1097,3,265,1,2,0.3
12827,10040,Ravana's will,1198,3,271,1,4,1
12828,10035,Gungnir,941,3,159,1,2,2
12833,10380,Zot sky armor,1366,3,308,1,1,1
12834,10381,Mark II Zot colossus,1903,3,76,1,5,2.5
12835,10382,Zot death claw,331,3,114,1,1,1
12836,10383,Zot hypertuned,3274,3,388,1,3,0.7
12837,10384,Zot umbril,3338,3,749,1,1,1.1
12839,10386,Zot predator,1669,3,366,1,1,1
12840,10387,Zot gunship,1030,3,230,1,2,0.8
12841,10388,Zot armored fiend,3323,3,489,5,2,1
12842,10389,Zot roader,1890,3,378,1,2,1.2
12843,10390,Zot armored weapon,1679,3,1,5,1,6
12844,10058,copied knave,3132,3,704,1,1,2
12845,9956,spheroid,3204,3,725,1,1,1
12846,9664,energy,3248,3,708,1,8,1
12847,10082,Perky Piggy,3295,3,191,1,3,2
12848,10191,high-strung hen,2128,3,191,1,2,2
12850,9932,shock sphere,511,3,156,1,5,1
12851,9933,war wraith,1599,3,334,1,2,1.8
12855,9937,monoceros,3026,3,168,1,13,1
12856,108,,1669,3,366,1,1,1
12857,10057,vortical orb,1195,3,93,1,6,1
12858,10057,vortical orb,1195,3,93,1,6,1
12859,9961,stormborne zirnitra,1188,3,234,2,3,0.65
12860,9962,waveborne zirnitra,1189,3,234,2,4,0.65
12861,9963,flameborne zirnitra,3143,3,234,5,1,0.65
12862,9963,flameborne zirnitra,3143,3,234,5,1,0.65
12863,9961,stormborne zirnitra,1188,3,234,2,3,0.65
12864,9963,flameborne zirnitra,3143,3,234,5,1,0.65
12865,9962,waveborne zirnitra,1189,3,234,2,4,0.65
12866,9964,storm sphere,1197,3,271,1,3,0.7
12867,9965,wave sphere,2997,3,655,1,6,1.3
12868,9966,flame sphere,1200,3,271,1,6,0.5
12875,11214,wooly yak,951,3,35,3,1,1
12876,10456,Zodiark,3163,3,713,1,1,0.6
12877,10456,Zodiark,3163,3,713,1,1,0.6
12878,10073,magitek missile,864,3,26,1,5,3
12879,10074,lunar nail,3161,3,313,2,1,1.5
12881,9423,Huma,2446,3,118,1,3,0.8
12882,9384,Sartauvoir the Inferno,1623,3,271,1,21,4.5
12883,9361,Ignis Est,2918,3,655,1,3,1
12885,9682,4th Legion colossus rubricatus,254,3,76,1,2,2.5
12887,10160,4th Legion rearguard,1496,3,56,3,1,2
12888,9429,4th Legion predator,1669,3,366,1,1,1
12889,9432,4th Legion colossus,253,3,76,1,1,2.5
12890,10001,4th Legion cavalry,3138,3,237,3,1,1.5
12891,9559,4th Legion hexadrone,1404,3,276,1,1,0.65
12892,2142,magitek bit,55,3,12,1,1,1.1
12893,10002,4th Legion Gamma,1940,3,1,5,2,4.5
12894,10000,4th Legion satellite,3161,3,313,2,1,1.5
12895,10003,4th Legion Mark II colossus,255,3,76,1,3,2.5
12896,278,lead coblyn,382,3,153,1,2,1
12897,9958,Hypertuned Dabog,3274,3,388,1,3,0.9
12898,9959,Dabog fragment,3274,3,388,1,3,0.9
12899,9960,atomic sphere,1200,3,271,1,6,1
12902,7954,Fran,2382,2,1034,1,1,1.19
12907,10214,,3016,1,501,1,1,1
12908,9682,4th Legion colossus rubricatus,254,3,76,1,2,3.5
12909,9564,4th Legion scorpion,1808,3,410,1,1,1.5
12912,7954,Fran,2382,2,1034,1,1,1.19
12914,10120,Zadnor beetle,1316,3,290,1,1,1.5
12915,10121,Zadnor hippogryph,134,3,33,1,2,1.5
12916,10122,4th Legion nimrod,2876,3,645,1,1,1.5
12917,10123,Zadnor gaur,1684,3,171,2,1,1.5
12918,10124,4th Legion infantry,3249,1,101,1,1,2
12919,10125,Zadnor ziz,155,3,40,1,2,1.5
12920,10126,lightning sprite,384,3,153,1,4,1
12921,10130,Zadnor dhalmel,1064,3,262,1,1,1.2
12922,10131,4th Legion hexadrone,1404,3,276,1,1,0.65
12923,10132,4th Legion gunship,930,3,230,1,1,0.6
12924,10127,water sprite,385,3,153,1,5,1
12925,10133,Zadnor bhoot,602,3,182,1,2,1.6
12926,10128,ice sprite,382,3,153,1,2,1
12927,10129,wind sprite,383,3,153,1,3,1
12928,10134,Zadnor dullahan,125,3,29,1,5,2
12929,10135,anancus,2076,3,246,4,1,1.5
12930,10136,vinegaroon executioner,943,3,233,2,1,1.4
12931,10137,stratogryph,955,3,236,1,1,2
12932,10138,4th Legion death machine,3185,3,366,2,1,1
12933,10139,Zadnor stoneshell,355,3,133,1,1,1.5
12934,10140,Zadnor crawler,1489,3,219,1,3,1.3
12935,10141,Zadnor exoray,2574,3,569,1,1,1.6
12936,10142,Zadnor abaddon,128,3,30,1,3,1.2
12937,10143,4th Legion armored weapon,1679,3,1,5,1,4
12938,10129,wind sprite,383,3,153,1,3,1
12939,10144,Zadnor grizzly,1297,3,176,4,1,1.2
12940,10145,4th Legion satellite,3161,3,313,2,1,1.5
12941,10146,4th Legion colossus,253,3,76,1,1,2.5
12942,10128,ice sprite,382,3,153,1,2,1
12943,10147,Zadnor banshee,1714,3,380,1,1,0.6
12944,10148,Zadnor leshy,3041,3,377,3,4,1.4
12945,10149,Zadnor sasquatch,735,3,183,3,1,1.3
12946,10150,Zadnor coeurl,65,3,17,1,1,1.5
12947,10126,lightning sprite,384,3,153,1,4,1
12948,10127,water sprite,385,3,153,1,5,1
12949,10151,Zadnor gourmand,1747,3,54,4,1,1.2
12950,10152,aglaophotis,1072,3,5,2,3,2
12951,10153,earth eater,1767,3,58,7,1,1.2
12952,10154,Lord Ochu,1772,3,397,1,1,1
12953,10155,4th Legion roader,1890,3,378,1,2,0.6
12954,10156,Zadnor cliffmole,2778,3,85,3,2,2
12955,10157,Zadnor wamouracampa,645,3,194,1,1,1.3
12956,10158,Zadnor yamaa,185,3,47,2,1,1.2
12957,10159,Zadnor raptor,96,3,24,1,1,1.2
12958,10160,4th Legion rearguard,1496,3,56,3,1,1.5
12959,10127,water sprite,385,3,153,1,5,1
12960,10161,Zadnor wamoura,646,3,195,1,1,1.1
12961,10162,4th Legion cavalry,3138,3,237,3,1,1.8
12962,10163,4th Legion helldiver,2929,3,666,1,1,1
12963,10126,lightning sprite,384,3,153,1,4,1
12964,10164,imperial dead,548,1,0,1,1,1.5
12965,10165,Zadnor decotitus,2223,3,493,1,1,1.3
12966,10166,Zadnor lycanthrope,2672,3,586,1,1,1.5
12967,10167,Zadnor harpy,2448,3,44,2,1,2.5
12968,10129,wind sprite,383,3,153,1,3,1
12969,10168,Zadnor wivre,1746,3,235,1,2,1.15
12970,10169,Zadnor golem,985,3,247,1,1,1.5
12971,10170,Zadnor gagana,1720,3,386,1,1,1.5
12972,10128,ice sprite,382,3,153,1,2,1
12973,10171,Zadnor haunt,1761,3,380,2,1,0.8
12974,10172,molten scorpion,1680,3,1,6,1,3
12975,10173,glyptodon,2535,3,528,2,1,2
12976,10174,Vapula,603,3,183,1,1,2
12987,9950,Red Girl,3179,2,1050,1,1,5
12988,9920,Red Girl,3179,2,1050,1,1,1.5
12989,9950,Red Girl,3180,2,1056,1,1,35
12990,9950,Red Girl,3180,2,1056,1,1,35
12991,10212,4th Legion blackburn,3133,3,666,2,1,1.3
12992,10211,4th Legion infantry,3249,1,101,1,1,2
12993,9947,Terminus Est,2917,3,655,1,2,1
12994,346,shallowscale Reaver,2918,3,655,1,3,1
12995,10574,telotek bit,2919,3,655,1,4,1
12996,9380,Sicinius the Methodical,480,0,0,0,1,1
12997,10210,flameborne zirnitra,1188,3,234,2,3,0.8
12998,10209,waveborne zirnitra,1189,3,234,2,4,0.8
12999,10208,stormborne zirnitra,3143,3,234,5,1,0.8
13002,10205,tamed carrion crow,2816,3,359,3,1,1.2
13003,10204,tamed alkonost,3184,3,386,2,1,1.5
13004,10057,vortical orb,1195,3,93,1,6,1
13005,10057,vortical orb,1195,3,93,1,6,1
13006,10213,tamed alkonost's shadow,3197,3,386,2,2,1.5
13011,108,,3002,1,201,1,1,1
13012,108,,3002,1,201,1,1,1
13018,9980,beastly familiar,563,3,171,1,1,1.5
13019,9957,Lyon's image,3799,1,301,1,1,1
13020,9953,the Diamond Weapon,3056,3,692,1,1,1
13021,9954,articulated bit,3256,3,729,1,1,1
13022,9954,articulated bit,3257,3,729,2,1,1
13023,9953,the Diamond Weapon,3056,3,692,1,1,1
13024,9954,articulated bit,3256,3,729,1,1,1
13025,9954,articulated bit,3257,3,729,2,1,1
13026,9432,4th Legion colossus,253,3,76,1,1,3.5
13027,9981,white lance,3243,3,708,1,6,1
13028,9982,black lance,3244,3,708,1,7,1
13029,9983,black pylon,3187,3,717,1,2,1
13030,108,,480,0,0,0,1,1
13031,9984,white pylon,3186,3,717,1,1,1.5
13032,9983,black pylon,3187,3,717,1,2,1.5
13033,9985,red sphere,3188,3,718,1,1,4
13034,9985,red sphere,480,0,0,0,1,1
13035,9986,white wall,476,3,9994,1,1,1
13036,9987,black wall,476,3,9994,1,1,1
13053,9946,4th Legion escort,3133,3,666,2,1,1
13054,10067,magitek fortress,476,3,9994,1,1,1
13056,10215,shikigami yoki,2145,3,58,8,1,1
13057,6529,shikigami koja,1821,3,55,4,1,1
13066,108,,224,3,60,1,1,1
13067,10614,ianthine petalouda,664,3,163,1,4,1
13068,10411,Eta invader,1366,3,308,1,1,1
13069,10616,Ker shroud,3063,3,117,2,1,0.7
13070,4385,brightsphere,3501,3,653,1,14,1
13071,3293,aetherial tear,3502,3,708,1,14,1
13075,108,,3,2,1001,1,1,1
13076,108,,3,2,1001,1,1,1
13077,108,,3,2,1001,1,1,1
13078,108,,1232,3,275,1,1,3.8
13079,10288,Anima,480,0,0,0,1,1
13080,10292,Rhitahtyn the Unshakable,480,0,0,0,1,1
13081,10295,sinking arrogance,480,0,0,0,1,1
13082,10193,Ice Bombard,3300,3,405,2,1,2.3
13083,108,,476,3,9994,1,1,1
13084,9380,Sicinius the Methodical,480,0,0,0,1,1
13086,10252,Delta Gabriel Kai,3084,3,663,1,2,1
13087,9425,magitek bit,55,3,12,1,1,1.1
13088,10892,magitek crane,3344,3,613,2,1,0.6
13089,10062,phantom Hashmal,3206,3,432,1,3,2.7
13091,10396,Lyssa,3251,3,538,2,1,1.6
13092,10397,ice pillar,764,3,204,1,1,2
13093,108,,5,2,1003,1,1,1.5
13094,108,,3,2,1001,1,1,1
13095,108,,3,2,1001,1,1,1
13102,108,,3,2,1001,1,1,1
13106,10219,icefall familiar,3296,2,1009,9,1,1.4
13107,10224,Th'uban,1303,3,288,1,1,1.2
13108,10242,graven familiar,3298,3,49,5,1,1.2
13112,9378,Daguza the Shrewd,2108,3,453,2,1,1.5
13113,10251,Red Comet II,2132,2,1,9,2,1.8
13117,1455,Haurchefant,3289,1,501,1,1,1
13118,11313,Ysayle,3290,1,601,1,1,1
13119,11312,Estinien,3291,1,501,1,1,1
13120,10099,Tiamat,1051,3,119,3,1,1
13121,10099,Tiamat,1051,3,119,3,1,1
13122,10099,Tiamat,1051,3,119,3,1,1
13130,10240,4th-make Famfrit,2197,3,481,1,1,1.8
13133,10222,Berda the Younger,1993,3,236,1,6,1.25
13134,10223,Obda the Younger,1993,3,236,1,6,1.25
13135,10110,telodragonet,983,3,239,1,1,0.9
13136,10111,telotulihand,1052,3,140,1,4,1
13137,10112,telovouivre,952,3,64,4,1,1.2
13140,10114,teloclaw,331,3,114,1,1,1
13141,108,,331,3,114,1,1,1
13142,108,,1669,3,366,1,1,1
13143,10115,telobrobinyak,950,3,34,3,1,1
13144,10102,telodragon,229,3,63,1,1,1
13145,10117,telotek vanguard,213,3,56,1,1,2
13146,10118,armored telodragon,732,3,23,3,1,0.8
13147,10240,4th-make Famfrit,480,0,0,0,1,1
13153,10239,shikigami koja,1821,3,55,4,1,1
13154,10229,shikigami tenma,2187,3,285,8,1,2.7
13155,10220,ultima demon,2093,3,49,6,1,1.9
13156,10393,Zenos viator Galvus,3139,3,403,5,1,1.15
13157,10393,Zenos viator Galvus,3200,3,403,6,1,1.15
13158,10394,Zenos's avatar,3202,3,723,1,1,1.15
13160,9425,magitek bit,55,3,12,1,1,1.1
13161,9665,4th Legion supply ship,1030,3,230,1,2,0.6
13162,10024,Ixali strongtalon,4,2,1002,1,1,1
13163,10026,sylvan sigh,7,2,1005,1,1,1
13164,10030,lan'gaii Vanu Vanu,1101,2,1001,6,1,1.2
13165,3573,Gnath firedrone,832,2,1020,1,1,1
13166,10049,kobold roundsman,5,2,1003,1,1,1.5
13167,10050,Sahagin skirmisher,9,2,1007,1,1,1.5
13168,10055,Zanr'ak pugilist,3,2,1001,1,1,1.2
13169,10056,Ananta kshatriya,1740,2,1029,1,1,1.2
13170,10019,telotek sky armor,1366,3,308,1,1,1
13171,10020,telotek predator,1669,3,366,1,1,1
13173,10221,archaeodemon,2093,3,49,6,1,1.5
13174,10189,telotek Gamma,1940,3,1,5,2,4.5
13175,253,Amalj'aa pugilist,100,3,26,1,1,3
13176,10356,airborne Freedom Fighter,3332,3,744,1,1,1
13177,10357,landed Freedom Fighter,3333,3,745,1,1,1
13181,10222,Berda the Younger,1993,3,236,1,6,1.25
13182,10223,Obda the Younger,1993,3,236,1,6,1.25
13183,10234,tamed gagana,1720,3,386,1,1,1.5
13184,10235,tamed mylodon,957,3,238,1,1,1.5
13185,10236,tamed grizzly,1850,3,176,1,4,1.5
13186,10237,tamed wivre,948,3,235,1,1,1
13187,10243,white mana,1506,3,271,1,17,1.5
13188,10244,black mana,789,3,156,1,20,2
13192,10225,Wepwawet,3025,3,128,2,2,0.7
13193,10226,Hapi-ankh,563,3,171,1,1,2
13194,10227,laboratory chocobo,1,2,1,1,1,1.2
13195,10228,perverse shade,2625,3,382,2,1,1
13196,9595,reconnaissance slasher,1654,3,148,4,1,1
13197,10245,Mark II 4th Legion vanguard,215,3,56,1,3,1.5
13198,10241,dark current,1300,3,287,1,1,2.5
13205,10159,Zadnor raptor,5,2,1003,1,1,1.5
13214,10217,earthen familiar,2394,2,1016,3,1,1.8
13221,9939,4th Legion satellite,3161,3,313,2,1,1
13222,10124,4th Legion infantry,3249,1,101,1,1,2
13223,10216,air support,480,0,0,0,1,1
13224,10218,shikigami sharin,2234,3,340,2,1,1
13226,10239,shikigami koja,1821,3,55,4,1,1
13227,9519,4th Legion nimrod,2876,3,645,1,1,1.5
13228,9902,Delta Gabriel,3084,3,663,1,2,1
13230,6945,archaeodemon,2093,3,49,6,1,1.5
13231,108,,480,0,0,0,1,1
13232,108,,480,0,0,0,1,1
13233,9633,tamed bandersnatch,913,3,177,2,1,1.2
13234,5851,tamed torama,67,3,17,1,3,1.7
13235,10230,Gabriel Plus,2926,3,663,1,1,1
13236,10231,helldiver bit,2929,3,666,1,1,1.1
13237,10232,Delta Gabriel Plus,2926,3,663,1,1,1
13238,3459,the Scarlet Price,3170,3,653,1,8,1.5
13253,9595,reconnaissance slasher,1654,3,148,4,1,1
13254,10216,air support,480,0,0,0,1,1
13255,10252,Delta Gabriel Kai,3084,3,663,1,2,1
13256,9425,magitek bit,55,3,12,1,1,1.1
13257,9939,4th Legion satellite,3161,3,313,2,1,1
13258,10238,Lyuba,984,3,246,1,1,4
13259,108,,480,0,0,0,1,1
13268,10586,Venat,3439,1,601,1,1,1
13271,10898,Emet-Selch,2941,1,0,1,1,1
13272,10898,Emet-Selch,2941,1,0,1,1,1
13274,10243,white mana,2943,3,653,1,2,1.5
13275,10244,black mana,789,3,156,1,20,2
13277,9408,red chocobo,2132,2,1,9,2,1
13279,108,,3799,1,301,1,1,1
13280,10231,helldiver bit,2929,3,666,1,1,1.1
13281,108,,480,0,0,0,1,1
13282,10207,4th Legion augur,480,0,0,0,1,1
13283,10250,stone familiar,386,3,153,2,1,1
13284,10249,ice familiar,3247,3,153,1,12,1
13288,10717,Terminus snatcher,3165,3,377,4,1,1.4
13289,10718,Terminus wrecker,3196,3,215,4,1,2
13290,10269,Daivadipa,1959,3,271,1,24,1
13291,10719,Svarbhanu,3137,3,420,4,1,0.7
13292,10272,orb of conflagration,476,3,9994,1,1,1
13293,9425,magitek bit,55,3,12,1,1,1.1
13294,10256,Minduruva,3329,2,1047,1,1,3
13295,10257,Sanduruva,3327,1,601,1,1,2.5
13296,10258,berserker sphere,3364,3,156,1,32,1.5
13297,10259,Cinduruva,3328,2,1046,1,1,2.2
13298,10257,Sanduruva,3327,1,601,1,1,2.5
13299,10256,Minduruva,3329,2,1047,1,1,3
13300,108,,476,3,9994,1,1,1
13301,10249,ice familiar,382,3,153,1,2,1.5
13303,10279,Barnabas,3193,3,98,3,1,1.2
13304,10280,thunderball,1015,3,156,1,29,1
13306,10282,Lugae,3208,3,154,2,1,3
13307,10283,magitek chakram,1909,3,315,2,1,1
13308,10284,magitek explosive,672,3,199,2,1,10
13309,10285,Anima,3120,3,699,1,1,1.1
13310,10286,lunar nail,3082,3,90,1,3,1
13311,10287,mega-graviton,1967,3,273,1,7,1
13312,10288,Anima,3252,3,754,1,1,1.1
13313,10289,iron nail,3387,3,756,1,1,1
13314,10419,broken Omicron,3493,2,1051,1,2,1.8
13315,10420,drifting Ea,3450,3,706,1,3,2
13316,10421,Beta,3394,3,105,9,1,0.4
13317,10422,Delta,3342,3,753,1,1,1.2
13318,10423,Lambda,3380,3,378,3,2,0.8
13319,10424,level tricker,2040,3,9,2,2,1.8
13320,10425,stellar dragonfly,362,3,140,1,1,1
13321,10426,stellar dragon,1277,3,63,1,8,1
13322,10427,stellar amphiptere,1106,3,267,1,1,0.7
13323,10428,stellar wyvern,224,3,60,1,1,0.8
13324,10429,lesser stellar dragon,371,3,146,1,1,0.8
13325,10430,stellar brobinyak,950,3,34,3,1,1
13326,10431,stellar shelled dragon,732,3,23,3,1,0.8
13327,10432,luminion,1348,3,291,1,2,1.4
13328,10433,luminion,1350,3,291,1,2,1.2
13329,10434,luminion,1349,3,291,1,2,1.2
13330,10435,other one,1755,3,389,1,1,0.7
13334,10403,Arch-Lambda,3254,3,378,3,1,1.5
13335,10401,Proto-Omega,3303,3,110,2,1,0.7
13336,10402,Mark II guided missile,2181,3,472,1,1,1
13337,10364,Terminus shriver,3449,3,352,1,3,1
13338,10365,Terminus howler,1439,3,238,2,1,1.5
13339,10366,Terminus pursuer,3445,3,41,2,3,2
13340,10367,Terminus horror,3476,3,58,7,2,1
13341,10446,fiery star,1076,3,55,2,3,1
13342,10369,Terminus sprinter,2578,3,571,1,1,2
13343,11166,Profane Fafnir follower,1619,3,352,4,1,1.4
13344,10371,Terminus shadower,2087,3,286,2,1,1
13345,10372,Terminus stalker,795,2,1003,5,1,2.5
13346,10373,Terminus twitcher,378,3,151,1,1,2
13347,10374,Terminus robber,2601,3,574,1,1,1.5
13348,10375,Terminus trampler,2592,3,68,2,1,1
13349,10398,Ladon Lord,3182,3,709,1,2,1.7
13350,10395,pyric sphere,1200,3,271,1,6,0.7
13351,10327,smiley regolith,480,0,0,0,1,1
13352,10404,Stigma-4,3313,3,740,1,1,3
13353,10405,proto-rocket punch,2374,3,114,5,1,2.5
13354,10406,Omega frame,3304,3,110,3,1,0.7
13355,10407,hybrid dragon,3318,3,63,5,1,1
13356,10586,Venat,3482,1,601,1,1,1
13357,10587,Venat's phantom,3439,1,601,1,1,1
13358,10588,True Aero IV,1197,3,271,1,3,0.7
13359,10589,thelema,2353,3,273,1,21,1
13361,10457,lunatender,3250,3,727,1,1,0.8
13362,10458,daphnia,3255,3,539,2,1,1.5
13363,10459,osculator,3376,3,181,1,3,1.5
13364,10460,sweeper,3365,3,5,3,3,1
13365,10461,wanderer,3337,3,748,1,1,1.3
13366,10462,weeper,3336,3,747,1,1,1
13367,10463,thinker,3334,3,746,1,1,1
13368,9598,nimrod escort,3338,3,749,1,1,1
13369,10464,regolith,3339,3,750,1,1,1
13370,10465,trimmer,3340,3,751,1,1,1
13371,10467,panopt,2397,3,529,1,1,1
13372,10467,panopt,2877,3,646,1,1,2
13373,10468,dynamite,2589,3,26,4,1,3
13374,10469,armalcolite,1771,3,396,1,1,1
13375,10470,caretaker,3446,3,247,2,2,1.5
13376,10471,mousse,2683,3,591,1,7,1.5
13377,10473,downfall alarum,508,3,136,1,1,1
13378,10473,downfall alarum,633,3,187,1,1,1
13379,10474,downfall droid,1089,2,2,2,1,0.8
13380,10475,downfall hunter,1283,1,101,1,1,1.5
13388,10668,troll,3460,3,741,1,1,2
13389,10669,genomos,3458,3,55,7,1,1
13390,10670,caribou,3258,3,15,3,1,1.3
13391,10671,berkanan,3379,3,377,3,5,1.4
13392,10672,limascabra,3374,3,142,1,3,1
13393,10673,luncheon toad,3367,3,30,1,5,1.2
13394,10674,yakow,1684,3,171,2,1,1.5
13395,10675,merino,284,3,86,1,1,2
13396,10676,black merino,288,3,86,1,5,2
13397,10677,labyrinth screamer,39,3,7,1,1,2.5
13398,10678,northern snapweed,2675,3,589,1,1,1.8
13399,10679,pephredo,1416,3,11,2,3,1.5
13400,108,,1366,3,308,1,1,1
13401,10680,labyrinth sankchinni,1045,3,84,3,2,2
13402,10681,labyrinth narbrooi,724,3,84,3,1,2
13403,10682,cryoconite,1315,3,289,1,1,1.5
13404,108,,1669,3,366,1,1,1
13405,10683,mythrilcap,3066,3,569,1,2,1.5
13409,108,,1732,3,8,2,1,0.8
13410,10684,stray mandragora,297,3,88,1,1,1.7
13411,10685,stray korrigan,1046,3,88,1,2,1.7
13412,10686,stray onion,757,3,88,2,1,1.7
13413,10687,stray egg,758,3,88,3,1,1.7
13414,10688,stray garlic,759,3,88,4,1,1.7
13415,10689,stray tomato,760,3,88,5,1,1.7
13416,10690,stray queen,761,3,88,6,1,1.7
13417,10290,Livia the Undeterred,3253,3,327,3,1,0.7
13418,10291,aethershot,3276,3,472,4,1,1.5
13419,10292,Rhitahtyn the Unshakable,3198,3,388,2,1,0.7
13420,108,,3403,3,272,1,28,1
13421,108,,3403,3,272,1,28,1
13422,10293,Amon the Undying,3209,3,307,2,1,3.5
13423,10762,Ysayle's spirit,3413,3,101,1,1,1
13424,108,,476,3,9994,1,1,6
13425,10590,ophion,3142,3,709,1,1,1
13426,10591,yggdreant,3341,3,752,1,1,1.3
13427,10592,okyupete,3184,3,386,2,1,1
13428,10707,ufiti,1805,3,407,1,1,0.6
13429,10594,gryps,1525,3,236,1,4,1.2
13430,10595,monoceros,534,3,168,1,1,1.3
13431,10596,pegasos,1065,3,263,1,1,1.3
13432,10597,bird of Elpis,953,3,118,2,1,1
13433,10598,primordial hippocerf,133,3,33,1,1,1.5
13434,10599,hippe,2042,3,168,3,1,1.5
13435,10600,harpuia,727,3,141,2,1,1
13436,10601,morbol marquis,3447,3,277,4,2,1
13437,10602,akantha,1772,3,397,1,1,1
13438,10603,lykopersikon,2395,3,527,1,1,0.8
13439,10604,medusa,2534,3,84,4,1,1.7
13440,10605,ouranou medusa,2651,3,84,4,2,1.7
13441,10606,lotis,1936,3,70,3,2,1.2
13442,10607,phanopsyche,2652,3,195,1,4,0.7
13443,10608,melanion,236,3,66,1,1,1.3
13444,10609,ophiotauros,1225,3,238,1,2,1.2
13445,10610,Elpis minotaur,1473,3,58,6,1,1
13446,10611,remora,2676,3,590,1,1,1
13447,10612,kokkine petalouda,1482,3,265,1,1,0.6
13448,10613,kyane petalouda,1483,3,265,1,2,0.6
13449,10614,ianthine petalouda,1314,3,265,1,3,0.6
13450,10399,Hermes,3194,3,123,2,1,1.2
13451,10494,Karukeion,3406,3,655,1,13,1
13452,10495,meteor,1442,3,106,1,5,2
13453,108,,3396,3,758,1,1,2.8
13454,10408,Omicron regenerator,3264,2,1051,1,1,1.8
13455,10409,Omicron invader,3493,2,1051,1,2,1.8
13456,10410,level tricker,2040,3,9,2,2,1.8
13457,10411,Eta invader,3310,3,71,6,1,0.6
13458,10412,Gordhona guardian,2138,3,460,1,1,2
13459,10413,Lambda invader,3380,3,378,3,2,0.8
13460,10414,Delta invader,3342,3,753,1,1,1.2
13461,10415,Beta invader,3394,3,105,9,1,0.4
13462,10407,hybrid dragon,3318,3,63,5,1,1
13463,10406,Omega frame,3304,3,110,3,1,0.7
13464,10648,automated satellite,3161,3,313,2,1,1
13465,10649,automated death machine,3185,3,366,2,1,1
13466,10650,automated cavalry,3138,3,237,3,1,1.5
13467,10651,automated bit,55,3,12,1,1,1
13468,10652,automated roader,1712,3,378,1,1,0.6
13469,10653,automated slasher,1654,3,148,4,1,0.7
13470,10654,automated colossus,253,3,76,1,1,2
13471,10655,automated avenger,1818,3,183,6,1,1
13472,10656,almasty,767,3,54,5,1,1.3
13473,10657,Eblan bear,870,3,176,1,3,1
13474,10658,Eblan icetrap,1035,3,9,1,4,2.2
13475,10659,ovibos,951,3,35,3,1,1
13477,10660,jotunn,189,3,49,2,2,1.4
13478,10661,ceruleum zoblyn,1039,3,45,1,4,1.5
13479,10662,Ilsabardian tursus,777,3,46,3,2,1.3
13480,10663,canis lupinus,161,3,41,1,3,1.2
13481,10664,overgrown rose,2216,3,277,3,1,0.6
13482,10665,ceruleum sprite,382,3,153,1,2,1
13483,10666,morozko,864,3,26,1,5,3
13488,10259,Cinduruva,3328,2,1046,1,1,2.2
13489,10257,Sanduruva,3327,1,601,1,1,2.5
13490,10256,Minduruva,3329,2,1047,1,1,3
13491,10409,Omicron invader,3493,2,1051,1,2,1.8
13492,10412,Gordhona guardian,2138,3,460,1,1,2
13493,10411,Eta invader,3310,3,71,6,1,0.6
13494,10413,Lambda invader,3380,3,378,3,2,0.8
13495,10416,stellar dragon,660,3,63,1,4,1
13496,10417,stellar dragon,1277,3,63,1,8,1
13497,10376,Vrtra,3211,3,119,7,1,1
13498,1401,Emerald Carbuncle,411,3,7002,1,3,1
13499,4149,Ruby Carbuncle,410,3,7002,1,2,1
13500,1400,Topaz Carbuncle,412,3,7002,1,4,1
13501,1401,Emerald Carbuncle,409,3,7002,1,1,1
13502,1400,Topaz Carbuncle,415,3,7003,1,1,0.4
13503,10261,Carbuncle,416,3,7004,1,1,0.35
13504,10261,Carbuncle,417,3,7005,1,1,0.4
13505,10262,Ruby Ifrit,3122,3,7107,1,1,1
13506,10263,Emerald Garuda,3123,3,7108,1,1,1
13507,10264,Topaz Titan,3124,3,7109,1,1,1
13508,10313,caustic Grebuloff,3415,2,1003,8,1,7
13509,10314,weeping miasma,3500,3,653,1,13,1
13510,10315,Peacekeeper,3278,3,240,2,1,0.9
13511,10316,Ra-la,3136,3,707,1,1,1.25
13512,10317,golden wings,3320,3,265,1,4,0.5
13513,10450,mystic refulgence,2943,3,653,1,2,2
13514,10450,mystic refulgence,2943,3,653,1,2,2
13515,10400,Chi,3145,3,710,1,1,1
13516,10400,Chi,480,0,0,0,1,1
13517,10400,Chi,480,0,0,0,1,1
13518,10702,guhasaya,1964,3,272,1,8,1
13519,10331,face,3321,3,343,6,1,2.5
13520,10332,relatively small face,3277,3,343,5,1,1.7
13521,10333,frameworker,3414,2,1025,5,1,2.7
13522,10335,smiley supporter,3259,3,313,3,1,1
13523,10336,the Big Cheese,3396,3,758,1,1,2.8
13524,10697,pisaca,3162,3,712,1,1,1.5
13525,11217,levinsphere,785,3,156,1,16,1
13526,10698,vajralangula,3279,3,528,3,1,1
13527,10699,kacchapa,3366,3,23,1,4,1
13528,10700,hamsa,3370,3,44,1,6,1.3
13529,10701,asvattha,3368,3,37,2,2,1.3
13530,10702,guhasaya,575,3,177,1,1,1.1
13531,10703,bhujamga,3461,3,65,4,2,1
13532,10704,sotormurg,1720,3,386,1,1,1
13533,10705,gaja,1427,3,246,2,1,1.8
13534,10706,Thavnairian jhammel,1943,3,262,1,2,1.4
13535,10707,ufiti,735,3,183,3,1,1.3
13536,10708,hanuman langur,2270,3,4,1,4,1.3
13537,10709,chamrosh,360,3,138,1,1,1.2
13538,10710,srngapaksi,1604,3,359,1,1,0.8
13539,10711,starmite,1945,3,290,1,2,1.3
13540,10712,manjusaka,1033,3,9,1,5,1.5
13541,10713,odqan,2513,3,26,3,1,3
13542,10714,kumbhira,1509,3,39,6,1,1.3
13543,10715,Akyaali crab,355,3,133,1,1,1.5
13544,10716,valras,1721,3,387,1,1,1.5
13545,10334,printed worker,3414,2,1025,5,1,2.7
13546,10453,Hydaelyn,3164,3,714,1,1,2.8
13547,10454,echo of Hydaelyn,3393,3,714,1,2,2.8
13548,10452,Crystal of Light,806,3,9994,1,1,2.5
13549,10453,Hydaelyn,3164,3,714,1,1,2.8
13550,10454,echo of Hydaelyn,3393,3,714,1,2,2.8
13551,10830,venomous python,3393,3,714,1,2,2.8
13552,10452,Crystal of Light,806,3,9994,1,1,2.5
13553,10451,parhelion,3390,3,315,5,1,1
13554,10451,parhelion,3390,3,315,5,1,1
13555,10448,the Endsinger,3191,3,720,1,1,3
13556,5640,Shinryu,1893,3,376,2,1,1
13557,10448,the Endsinger,3324,3,742,1,1,0.6
13558,10448,the Endsinger,3324,3,742,1,1,0.6
13559,10447,kakodaimon,3312,3,382,3,1,1
13560,11195,doomed stars,3540,3,738,1,6,1
13562,10443,feather of despair,3302,3,204,8,1,1.5
13563,108,,1042,3,60,4,1,1
13564,108,,1277,3,63,1,8,1
13568,108,,3389,3,60,6,1,1.5
13569,108,,1186,3,63,3,1,1.2
13571,10449,mystic refulgence,2943,3,653,1,2,1
13572,10449,mystic refulgence,2943,3,653,1,2,1
13573,10400,Chi,480,0,0,0,1,1
13579,10906,canis pugnax,1732,3,8,2,1,1
13580,10907,magitek vanguard,215,3,56,1,3,1.5
13581,10908,magitek slasher,1654,3,148,4,1,0.7
13582,10909,magitek colossus,254,3,76,1,2,3.5
13583,10456,Zodiark,3161,3,313,2,1,1
13584,10911,magitek death claw,331,3,114,1,1,1.5
13585,10912,magitek death machine,3185,3,366,2,1,1
13589,10905,tempered imperial,548,1,0,1,1,1
13590,10905,tempered imperial,548,1,0,1,1,1
13591,10905,tempered imperial,548,1,0,1,1,1.3
13594,10913,morozko,864,3,26,1,5,3
13595,10914,Eblan bear,870,3,176,1,3,1
13596,10915,almasty,767,3,54,5,1,1.3
13597,10916,ceruleum zoblyn,1039,3,45,1,4,1.2
13599,10918,ceruleum tank,998,3,250,1,1,1
13600,11070,corrupted imperial,548,1,0,1,1,1.8
13601,10345,Erichthonios,3270,3,731,1,1,3.5
13602,10345,Erichthonios,3270,3,731,1,1,3.5
13603,108,,3307,3,739,1,1,1
13604,108,,3308,3,739,2,1,1
13605,108,,3309,3,739,3,1,1
13606,10920,ktiseos leon,1846,3,415,1,1,1
13607,10910,magitek satellite,3161,3,313,2,1,1
13608,10497,ktiseos panther,65,3,17,1,1,1
13609,10921,ktiseos lykos,161,3,41,1,3,1
13610,10922,ktiseos ktenos,3451,3,238,4,2,1.3
13611,10500,ktiseos chione,2237,3,396,3,1,0.8
13612,10501,ktiseos daidalion,604,3,60,3,1,0.7
13613,10502,ktiseos okyupete,851,3,60,3,2,0.5
13614,10503,ktiseos gryps,1525,3,236,1,4,1.2
13615,10504,ktiseos hippocerf,133,3,33,1,1,1
13616,10505,ktiseos hippogryph,134,3,33,1,2,1
13617,10506,ktiseos ophiotauros,957,3,238,1,1,1.3
13618,10507,ktiseos lailaps,913,3,177,2,1,1
13619,10508,ktiseos erinys,233,3,64,1,1,1
13620,10509,ktiseos alkyone,794,3,64,3,1,1
13621,10510,ktiseos stymphalide,1973,3,359,1,3,0.8
13622,10511,ktiseos aello,2020,3,118,3,2,1.8
13624,10497,ktiseos panther,65,3,17,1,1,1
13625,10920,ktiseos leon,1846,3,415,1,1,1
13626,10496,ktiseos saura,179,3,46,1,1,1
13627,10720,phoinix,3271,3,732,1,1,2.3
13628,10721,sparkfledged,3397,3,759,1,1,3
13629,10909,magitek colossus,3452,3,359,4,2,0.3
13630,10722,sunbird,3454,3,359,4,4,0.5
13631,10720,phoinix,3271,3,732,1,1,2.3
13632,10721,sparkfledged,3397,3,759,1,1,3
13633,10724,sunbird,3452,3,359,4,2,0.3
13634,10806,ophiotauros picker,3453,3,359,4,3,0.5
13635,10722,sunbird,3454,3,359,4,4,0.75
13636,10725,sunshadow,3319,3,118,1,4,0.7
13637,10726,darkened fire,848,3,220,1,1,2
13638,10727,fountain of fire,849,3,220,1,2,2
13639,10728,darkblaze twister,3401,3,272,1,26,2.5
13640,10318,smiley supporter,3259,3,313,3,1,1
13641,10319,smiley scraper,3488,3,154,3,1,1.75
13642,10320,smiley lunatender,3250,3,727,1,1,0.8
13643,10321,smiley daphnia,3255,3,539,2,1,1.5
13644,10322,smiley kisser,3376,3,181,1,3,1.5
13645,10323,smiley sweeper,3365,3,5,3,3,2
13646,10324,smiley wanderer,3337,3,748,1,1,1.3
13647,10325,smiley weeper,3336,3,747,1,1,1.3
13648,10326,smiley thinker,3334,3,746,1,1,1.7
13649,10327,smiley regolith,3339,3,750,1,1,1.5
13650,10328,smiley metalloid,2397,3,529,1,1,1
13651,10329,smiley panopt,2877,3,646,1,1,2
13652,10330,smiley dynamite,2589,3,26,4,1,3
13653,10347,Loporrit,3263,2,1052,1,1,0.85
13654,10347,Loporrit,3263,2,1052,1,1,0.85
13655,10347,Loporrit,3263,2,1052,1,1,0.85
13656,10347,Loporrit,3263,2,1052,1,1,0.85
13657,10871,Babil bit,55,3,12,1,1,1
13658,10869,Babil slasher,1654,3,148,4,1,1
13659,10870,Babil nimrod,2876,3,645,1,1,1.5
13660,10873,Babil canis pugnax,1732,3,8,2,1,0.7
13665,10872,Babil satellite,3161,3,313,2,1,1
13666,108,,480,0,0,0,1,1
13668,10879,Babil predator,1669,3,366,1,1,1
13669,10881,Babil sky armor,1366,3,308,1,1,1
13670,10880,Babil helldiver,2929,3,666,1,1,1
13671,10882,Babil rearguard,1496,3,56,3,1,2
13672,10883,Babil colossus,253,3,76,1,1,2.5
13673,10884,Babil avenger,1818,3,183,6,1,1
13674,10885,Babil death machine,3185,3,366,2,1,1
13676,108,,480,0,0,0,1,1
13677,10269,Daivadipa,3301,3,131,2,1,5
13678,10926,Terminus shriver,3449,3,352,1,3,1
13679,10271,orb of immolation,2998,3,655,1,7,1
13680,10271,orb of immolation,3411,3,708,1,13,1
13681,10272,orb of conflagration,1961,3,271,1,26,1
13682,10272,orb of conflagration,3405,3,653,1,12,1
13683,10269,Daivadipa,480,0,0,0,1,1
13684,10269,Daivadipa,480,0,0,0,1,1
13685,10269,Daivadipa,480,0,0,0,1,1
13686,10479,Admiral Bloefhiswyn,3148,1,1001,1,1,1
13691,10484,Brayflox Alltalks,6,2,1004,1,1,1
13692,10485,Crushing Tide skirmisher,9,2,1007,1,1,1
13693,10486,Crushing Tide skirmisher,9,2,1007,1,1,1
13694,10919,Noll of the Calming Seas,9,2,1007,1,1,1
13695,10488,whelk ballista,679,3,201,1,1,1
13696,10490,turned Sahagin,2780,3,5,3,1,1
13697,10489,the Indigo Beast,3382,3,573,1,2,0.8
13698,10492,aetherial orb,3399,3,271,1,36,0.8
13699,10491,aetherial orb,3399,3,271,1,36,1.15
13700,10479,Admiral Bloefhiswyn,480,0,0,0,1,1
13701,11215,bomb,480,0,0,0,1,1
13706,4636,southern seas colibri,360,3,138,1,1,1
13707,4637,malboro terra,146,3,37,1,2,1
13708,3799,blooming ochu,34,3,5,1,1,1
13709,10734,chi bomb,1198,3,271,1,4,1
13710,10735,strengthened noulith,3388,3,757,1,1,1
13711,10455,arcane sigil,3408,3,708,1,10,1
13712,10455,arcane sigil,3409,3,708,1,11,1
13713,10455,arcane sigil,3410,3,708,1,12,1
13714,10455,arcane sigil,3408,3,708,1,10,1
13715,10455,arcane sigil,3409,3,708,1,11,1
13716,10455,arcane sigil,3410,3,708,1,12,1
13717,10800,roiling Darkness,3519,3,708,1,15,2
13718,10341,Charlet,3372,3,98,2,2,1.5
13721,10348,hippokampos,3273,3,501,2,1,0.65
13722,10348,hippokampos,3425,3,501,2,1,0.65
13723,10348,hippokampos,3273,3,501,2,1,0.65
13724,10348,hippokampos,3425,3,501,2,1,0.65
13725,10342,thunderhead,1572,3,273,1,5,1
13727,10295,sinking arrogance,1575,3,352,1,2,1.5
13728,541,striking dummy,2449,0,0,0,1,1
13729,10438,Gleipnir,3369,3,42,4,3,1.2
13730,10650,automated cavalry,1622,3,271,1,20,1
13731,10441,poison cloud,1199,3,271,1,5,1.5
13732,10439,creeping beast,1439,3,238,2,1,1.1
13735,10294,sinking resentment,2153,3,334,1,4,1.8
13736,10295,sinking arrogance,1575,3,352,1,2,1.5
13737,10296,sinking cynicism,265,3,80,1,2,2
13738,10297,sinking rivalry,1739,3,377,2,1,1
13739,10908,magitek slasher,1654,3,148,4,1,0.7
13740,10299,sinking desire,1848,3,417,1,1,0.5
13741,10911,magitek death claw,331,3,114,1,1,1.5
13742,10301,sinking partiality,1745,3,334,1,3,1.8
13743,10302,sinking dissension,1714,3,380,1,1,0.6
13744,10303,sinking dishonesty,1711,3,377,1,1,0.8
13745,10304,sinking impatience,1006,3,153,1,7,1
13746,10305,sinking imparity,2625,3,382,2,1,1
13747,10306,sinking regret,1668,3,365,1,1,1.5
13749,11196,Scion's memory,3526,3,212,5,1,1
13750,11197,Archon's memory,3527,3,212,6,1,1
13752,11198,knight's memory,3528,3,212,7,1,1
13754,10354,Global Citizen,3478,1,101,1,1,1
13755,108,,2713,1,501,1,1,1
13756,10278,Meteion,3536,3,8386,1,6,1.3
13757,10620,Ruminator,3335,3,746,1,2,2.6
13758,10619,Armstrong,3322,3,489,5,1,1.2
13759,10625,Yilan,153,3,39,2,2,2
13760,10634,Arch-Eta,3310,3,71,6,1,1.6
13761,10633,Fan Ail,555,3,60,2,2,1.4
13766,10733,Guildivain of the Tainted Edge,2266,3,361,2,1,0.85
13767,10734,chi bomb,1198,3,271,1,4,1
13768,10735,strengthened noulith,3392,3,472,5,1,1
13769,4130,Alphinaud,3499,1,504,1,1,1
13770,10337,Profane Fafnir,3371,3,63,4,2,1.4
13771,10337,Profane Fafnir,3398,3,163,4,2,1.4
13772,10338,the Scarlet Price,783,3,156,1,14,1
13775,10615,Ker,3343,3,126,2,1,2
13776,10273,clown wraith,2153,3,334,1,4,1.8
13777,10274,captive soul,3363,1,0,1,1,1
13778,10270,captive soul,3363,1,0,1,1,1
13779,10274,captive soul,3363,1,0,1,1,1
13780,10270,captive soul,3363,1,0,1,1,1
13781,10270,captive soul,3363,1,0,1,1,1
13782,10274,captive soul,3363,1,0,1,1,1
13786,108,,476,3,9994,1,1,1
13787,10622,Narrow-rift,3383,3,706,1,2,6
13788,10621,Ophioneus,3183,3,709,1,3,2.5
13789,10624,hulder,3441,3,69,2,1,1.5
13790,10623,Storsie,573,3,173,1,4,2.3
13791,10629,lunatender queen,3385,3,727,2,1,1.4
13792,10923,Terminus flesher,2577,3,570,1,1,1.5
13793,10924,Terminus twitcher,378,3,151,1,1,2
13794,10925,Terminus crier,397,3,158,1,2,2
13795,10926,Terminus shriver,3449,3,352,1,3,1
13796,10927,Terminus sprinter,2578,3,571,1,1,1.4
13797,10928,Terminus detonator,2580,3,572,1,2,2
13798,10929,Terminus beholder,1076,3,55,2,3,1.1
13799,10930,Terminus pursuer,3445,3,41,2,3,1.2
13800,10931,Terminus howler,1439,3,238,2,1,1.1
13801,10932,Terminus idolizer,3535,3,327,2,5,0.9
13802,10931,Terminus howler,1439,3,238,2,1,1.1
13803,10928,Terminus detonator,2580,3,572,1,2,2
13804,10933,Terminus lacerator,3522,3,62,1,2,2
13805,10934,meteorite,629,3,106,1,1,2
13806,10933,Terminus lacerator,3522,3,62,1,2,2
13807,10935,Terminus vanquisher,3521,3,389,1,2,0.7
13808,10936,spark sphere,3292,3,653,1,10,1.3
13819,10632,petalodus,3455,3,49,8,2,1.8
13820,10626,Sugriva,3435,3,238,2,2,2
13821,10742,Hesperos,3272,3,733,1,1,3
13822,108,,3325,3,743,1,1,1
13823,10743,explosive aether,513,3,156,1,7,1
13824,10744,Hesperos,3317,3,124,3,1,2
13825,10745,akantha,3402,3,272,1,27,1
13826,10742,Hesperos,3272,3,733,1,1,3
13827,10743,explosive aether,513,3,156,1,7,1
13830,10418,stellar dragon,230,3,63,1,2,1
13831,10414,Delta invader,3342,3,753,1,1,1.2
13832,10415,Beta invader,3394,3,105,9,1,0.4
13833,10627,Minerva,3434,3,183,6,2,2
13834,10617,Burfurlur the Canny,3315,3,741,2,1,2
13835,10630,mousse princess,3432,3,55,1,17,3
13836,10647,Izanami,3378,3,327,2,4,0.85
13840,10259,Cinduruva,480,0,0,0,1,1
13841,2667,bomb,670,3,199,1,1,4
13842,2667,bomb,670,3,199,1,1,4
13843,108,,3120,3,699,1,1,1.1
13844,10886,Babil hexadrone,1404,3,276,1,1,0.8
13845,10887,Babil roader,1712,3,378,1,1,0.6
13846,10888,tempered imperial,548,1,0,1,1,1.5
13847,10889,Babil gunship,930,3,230,1,1,0.6
13848,10890,Babil armored weapon,1679,3,1,5,1,3.3
13849,10891,Babil hypertuned specimen,1754,3,388,1,1,0.7
13851,10631,Gurangatch,3377,3,183,8,1,2.5
13854,10400,Chi,480,0,0,0,1,1
13862,10548,transport carriage,3436,2,1059,1,1,1
13866,10552,telocanis,1732,3,8,2,1,0.8
13867,10553,telotek vanguard,213,3,56,1,1,2
13871,10552,telocanis,1732,3,8,2,1,0.8
13877,10559,telotek hexadrone,1404,3,276,1,1,0.65
13881,10552,telocanis,1732,3,8,2,1,0.8
13882,10560,telotek sky armor,1366,3,308,1,1,1
13884,10562,telotek predator,1669,3,366,1,1,1
13894,10572,Vergilia van Corculum,3506,1,0,1,1,1
13896,108,,1964,3,272,1,8,1.2
13897,10939,Estinien,55,3,12,1,1,1
13898,10575,Dotharli khun chuluu,2055,3,343,2,2,1
13899,108,,213,3,56,1,1,2
13900,10400,Chi,480,0,0,0,1,1
13901,10400,Chi,480,0,0,0,1,1
13902,10498,annihilation flare,2998,3,655,1,7,1
13911,10278,Meteion,3537,3,8386,1,7,1.3
13912,10278,Meteion,3538,3,8386,1,8,1.3
13913,655,behemoth,165,3,42,1,1,1
13914,11165,python,1905,3,65,2,3,1.8
13918,10444,dark star,3395,3,738,1,3,3
13919,10512,ktiseos ophion,3142,3,709,1,1,1
13920,4386,Meteor circle,3417,3,213,1,1,1
13921,10578,myrmidon marshal,193,3,51,1,2,1.3
13922,10579,myrmidon soldier,192,3,51,1,1,0.7
13923,10580,mired chimera,197,3,53,1,1,1
13924,10581,Orcus,3506,1,0,1,1,1
13926,10584,void hecteyes,690,3,55,2,1,1
13927,10585,void persona,717,2,1014,4,1,1.2
13936,10618,Sphatika,3384,3,712,1,2,3.5
13937,10628,Aegeiros,3433,3,27,1,7,1.5
13938,10616,Ker shroud,1599,3,334,1,2,2.5
13939,10476,supporter,3259,3,313,3,1,1
13940,10477,scraper,3488,3,154,3,1,1.75
13941,10478,cleaner,3448,3,322,1,2,1
13944,10273,clown wraith,2153,3,334,1,4,1.5
13945,10350,Grebuloff,3300,3,405,2,1,2.3
13946,759,,3300,3,405,2,1,2.3
13947,10350,Grebuloff,3300,3,405,2,1,2.3
13948,10667,saiga,863,3,15,1,2,1.2
13949,10691,center anila,1923,3,423,1,1,2
13950,10692,center apa,1867,3,417,2,1,1
13951,10693,center dhara,1819,3,49,5,1,1.3
13952,10694,center anala,1737,3,352,5,1,1.8
13953,10695,center prabhasa,2886,3,141,6,1,0.8
13954,10696,center soma,825,2,1009,9,1,1.5
13955,10351,warped flesh,3338,3,749,1,1,1
13956,10352,warped flesh,1620,3,55,1,16,2
13957,10353,warped flesh,3075,3,377,1,3,1
13958,10347,Loporrit,3263,2,1052,1,1,0.85
13959,10347,Loporrit,3263,2,1052,1,1,0.85
13960,10347,Loporrit,3263,2,1052,1,1,0.85
13961,10349,liturgic bell,3437,3,7103,1,2,1
13962,10355,Freedom Fighter,3478,1,101,1,1,1
13963,108,,3136,3,707,1,1,1.25
13964,10359,xenoflora,3375,3,146,5,2,1
13965,10360,xenoprotist,3381,3,539,1,2,1.5
13966,10361,xenofauna,3373,3,118,2,5,1
13967,10358,golden wings,3320,3,265,1,4,0.7
13968,10635,green Archon,3458,3,55,7,1,2.5
13969,10636,ü-u-ü-u,1684,3,171,2,1,2
13970,10637,Vajrakumara,3279,3,528,3,1,2
13971,10638,Iravati,1427,3,246,2,1,1.8
13972,10639,warmonger,3185,3,366,2,1,1.5
13973,10640,Emperor's rose,2216,3,277,3,1,0.8
13974,787,giant reader,3338,3,749,1,1,1.5
13975,10642,genesis rock,1771,3,396,1,1,1.5
13976,10643,Yumcax,3341,3,752,1,1,2
13977,10644,Shockmaw,2673,3,587,1,1,1.3
13978,10645,level cheater,2040,3,9,2,2,3
13979,10646,Oskh Rhei,3318,3,63,5,1,1
13980,11056,swirling apa,1867,3,417,2,1,0.6
13981,11057,swirling sprite,385,3,153,1,5,1
13982,11056,swirling apa,1867,3,417,2,1,0.6
13983,11055,burning anala,1737,3,352,5,1,1.8
13984,11049,Terminus snatcher,3165,3,377,4,1,0.9
13985,11050,Terminus stalker,795,2,1003,5,1,2.5
13986,11052,Terminus wrecker,3196,3,215,4,1,1.5
13987,11053,Terminus bellwether,2531,3,564,1,1,2.5
13988,11051,Terminus pursuer,3445,3,41,2,3,2
13989,11054,Terminus shadower,2087,3,286,2,1,1
13990,11053,Terminus bellwether,2531,3,564,1,1,2.5
13991,11052,Terminus wrecker,3196,3,215,4,1,1.5
13992,11051,Terminus pursuer,3445,3,41,2,3,2
13993,11050,Terminus stalker,795,2,1003,5,1,2.5
13994,11049,Terminus snatcher,3165,3,377,4,1,0.9
13995,11048,Loporrit,3263,2,1052,1,1,0.85
13996,11048,Loporrit,3263,2,1052,1,1,0.85
13997,11048,Loporrit,3263,2,1052,1,1,0.85
13998,11047,wandering daphnia,3255,3,539,2,1,1.5
13999,11046,overflow Omicron,3493,2,1051,1,2,2.5
14000,11045,overflow Beta,3394,3,105,9,1,0.5
14001,11044,overflow level checker,2040,3,9,2,2,1.8
14002,11043,malformed dragonet,952,3,64,4,1,0.35
14009,11040,fell beast,2577,3,570,1,1,1.5
14010,11039,tainted sprite,385,3,153,1,5,1
14011,11038,tainted sprite,383,3,153,1,3,1
14012,11037,tainted sprite,386,3,153,2,1,1
14013,11036,fell beast,1439,3,238,2,1,1
14014,11036,fell beast,1439,3,238,2,1,1
14015,11036,fell beast,1439,3,238,2,1,1
14016,11035,creeping chigoe,36,3,6,1,1,2
14017,11238,Kapikulu,3543,3,372,2,1,1
14018,11033,fell beast,2780,3,5,3,1,1
14019,11033,fell beast,2780,3,5,3,1,1
14020,11032,noble mythrilcap,3066,3,569,1,2,1
14021,11032,noble mythrilcap,3066,3,569,1,2,1
14022,11031,hunting troll,3460,3,741,1,1,0.9
14023,11030,hunting coyote,159,3,41,1,1,1.2
14024,11030,hunting coyote,159,3,41,1,1,1
14025,11029,fell beast,2275,3,62,1,2,1
14026,11028,fell beast,795,2,1003,5,1,1.6
14027,11027,bloodsupped voidsent,1094,3,172,1,4,1.3
14028,11026,bloodsupped voidsent,2160,3,103,3,1,2.5
14029,11025,greater colibri,360,3,138,1,1,1.5
14030,11024,drone crawler,839,3,219,1,1,1.5
14031,11023,Lost Hope antling,192,3,51,1,1,2
14032,10408,Omicron regenerator,3264,2,1051,1,1,1.8
14033,10409,Omicron invader,3493,2,1051,1,2,1.8
14034,10408,Omicron regenerator,3264,2,1051,1,1,1.8
14035,10409,Omicron invader,3493,2,1051,1,2,1.8
14036,10412,Gordhona guardian,2138,3,460,1,1,2
14037,10409,Omicron invader,3493,2,1051,1,2,1.8
14038,541,striking dummy,3475,3,332,4,1,1
14039,11022,wandering starmite,1945,3,290,1,2,1.6
14040,11021,greater asvattha,3368,3,37,2,2,1.2
14041,11020,wild bhujamga,2663,3,65,4,2,1
14042,11019,wandering pisaca,3162,3,712,1,1,1.5
14043,11018,charging gaja,1427,3,246,2,1,1.5
14044,11017,Omicron aggressor,3494,2,1051,2,2,2.6
14045,11016,expansive one,3450,3,706,1,3,2.8
14046,11015,father of armored dragons,732,3,23,3,1,1
14047,11014,horrific hatchling,952,3,64,4,1,0.7
14048,11013,bellicose broodmother,1277,3,63,1,8,1.5
14049,11012,clockwork alarum,633,3,187,1,1,1
14050,11011,clockwork system,323,3,105,2,7,0.5
14051,11010,mankind checker,3488,3,154,3,1,2.1
14052,11009,mankind checker,3448,3,322,1,2,1
14053,11008,carrot supporter,3259,3,313,3,1,1
14054,11007,enraged melanion,236,3,66,1,1,1
14055,11006,overgrown bryon,1315,3,289,1,1,1.5
14056,11005,enraged Elpis minotaur,1473,3,58,6,1,1
14057,11004,enraged pegasos,1065,3,263,1,1,1.5
14058,11003,eidos,292,3,87,1,1,1.5
14059,11002,man-made melanion,236,3,66,1,1,1.5
14060,11001,man-made hippocerf,133,3,33,1,1,1
14062,10999,stray lotis,1936,3,70,3,2,1
14063,10998,stray akantha,1772,3,397,1,1,1
14064,10997,dueling yggdreant,3341,3,752,1,1,1.5
14065,10996,dueling gryps,1993,3,236,1,6,1
14066,10995,nesting daidalion,604,3,60,3,1,1
14067,10994,escaped oreias,111,3,28,1,5,1
14068,10947,blazing anala,1737,3,352,5,1,2
14069,10993,troll ruffian,3460,3,741,1,1,2
14070,10992,enraged Elpis minotaur,1473,3,58,6,1,1
14071,10990,riotous morbol,3447,3,277,4,2,1
14072,10991,riotous medusa,2534,3,84,4,1,2
14073,10990,riotous morbol,3447,3,277,4,2,1
14074,10989,fire aether,783,3,156,1,14,1
14075,10989,fire aether,783,3,156,1,14,1
14076,10988,lingering grief,265,3,80,1,2,1
14077,10988,lingering grief,265,3,80,1,2,1
14078,10987,wild saiga,863,3,15,1,2,1
14081,10985,tempered imperial,548,1,0,1,1,1
14090,10979,massive berkanan,3379,3,377,3,5,1.7
14091,10978,searching avenger,1818,3,183,6,1,1.4
14092,10977,searching roader,1712,3,378,1,1,0.6
14093,11047,wandering daphnia,3255,3,539,2,1,1.5
14094,10976,riotous rose,2216,3,277,3,1,0.6
14095,10975,ceruleum slush zoblyn,1039,3,45,1,4,1.5
14096,10974,flux Ea,3135,3,706,1,1,2
14097,10973,unified Ea,3450,3,706,1,3,3
14098,10972,patrol hunter,1283,1,101,1,1,1.5
14099,10971,patrol droid,1089,2,2,2,1,0.8
14100,10970,brutal almasty,767,3,54,5,1,1.5
14101,10969,searching satellite,3161,3,313,2,1,1
14103,10967,booted death machine,3185,3,366,2,1,1
14104,10966,ludicrously massive bear,870,3,176,1,3,1.8
14105,10965,hungry tursus,777,3,46,3,2,1.3
14106,10964,hungry canis lupinus,161,3,41,1,3,1.2
14107,10963,searching slasher,1654,3,148,4,1,0.7
14108,10962,cunning bhujamga,2663,3,65,4,2,1.4
14109,10961,old pisaca,3162,3,712,1,1,1.8
14110,10960,killer kumbhira,1509,3,39,6,1,1.3
14111,10959,Terminus howler,1439,3,238,2,1,0.9
14112,10958,kumbhira ambusher,1509,3,39,6,1,1.3
14113,10957,bhujamga ambusher,2663,3,65,4,2,1
14114,10956,guhasaya ambusher,575,3,177,1,1,1
14116,10954,wild chamrosh,360,3,138,1,1,1.2
14117,10953,furious pisaca,3162,3,712,1,1,1.5
14118,10952,young vajralangula,3279,3,528,3,1,1.3
14121,10949,hungry sotormurg,1720,3,386,1,1,1
14122,10948,broken viking,1431,2,1027,1,1,1.2
14123,10947,blazing anala,1737,3,352,5,1,1.8
14124,10946,runaway coblyn,176,3,45,1,1,1
14125,108,,3293,2,1055,1,1,1
14126,108,,3293,2,1055,1,1,0.6
14128,2095,Amber Carbuncle,412,3,7002,1,4,1.5
14129,1383,queer bubble,392,3,156,1,4,2.5
14130,11023,Lost Hope antling,1961,3,271,1,26,1.5
14133,10273,clown wraith,2153,3,334,1,4,1.8
14135,10274,captive soul,3462,1,0,1,1,1
14139,10391,tempered imperial,548,1,0,1,1,1
14140,10370,Terminus bellwether,2531,3,564,1,1,3
14141,10368,Terminus idolizer,3457,3,327,2,3,0.9
14142,10793,spawning ophion,3142,3,709,1,1,1
14143,10794,alseis,3341,3,752,1,1,1.3
14144,10804,phantom phanopsyche,2652,3,195,1,4,0.7
14145,11216,excavation bomb,1207,3,272,1,3,1
14146,10749,toxic icetrap,1035,3,9,1,4,2.2
14147,10750,Heliogabalus,2216,3,277,3,1,1.25
14148,10756,overridden satellite,3161,3,313,2,1,1
14149,10757,overridden armored weapon,1679,3,1,5,1,4
14150,10760,wandering death machine,3185,3,366,2,1,1
14151,10758,overridden bit,55,3,12,1,1,1
14152,10754,rampaging roader,1890,3,378,1,2,0.6
14153,10759,Seneca,2542,3,76,1,6,3.5
14154,10755,stray canis pugnax,1732,3,8,2,1,1
14156,10796,bony hippocerf,133,3,33,1,1,1.5
14157,10795,thunderhead keraunos,1805,3,407,1,1,0.6
14158,10798,hungry harpuia,727,3,141,2,1,1
14159,10555,Alphinaud,3447,3,277,4,2,1
14160,10805,delirious melanion,236,3,66,1,1,1.3
14161,10807,Elpis minotaur,1473,3,58,6,1,1
14162,10801,lush medusa,2534,3,84,4,1,1.7
14163,10802,lush medusa,2651,3,84,4,2,1.7
14164,10830,venomous python,1905,3,65,2,3,1.4
14165,10803,Eurydike,1936,3,70,3,2,2
14166,10797,first-generation monoceros,534,3,168,1,1,1.3
14167,10806,ophiotauros picker,1225,3,238,1,2,1.2
14168,10641,daphnia magna,3255,3,539,2,1,3
14169,10923,Terminus flesher,2577,3,570,1,1,1.5
14170,10924,Terminus twitcher,378,3,151,1,1,2
14171,10927,Terminus sprinter,2578,3,571,1,1,1.4
14172,10926,Terminus shriver,1574,3,352,1,1,1
14173,10490,turned Sahagin,2780,3,5,3,1,1
14174,10746,forgotten ovibos,951,3,35,3,1,1
14175,10747,snegovik,2265,3,289,3,1,1.5
14176,10748,wailing almasty,767,3,54,5,1,1.3
14177,10751,scabrous jotunn,189,3,49,2,2,1.4
14179,10274,captive soul,3363,1,0,1,1,1
14180,10274,captive soul,3363,1,0,1,1,1
14181,11144,wrathful gaja,1427,3,246,2,1,1.5
14183,11145,sharptooth valras,1721,3,387,1,1,1.5
14186,11146,charged yumemi,1507,3,336,1,1,0.5
14187,11147,glaciated yumemi,1508,3,336,1,2,0.5
14188,11148,Vanaspati ink claw,1158,3,215,2,3,1.5
14189,10819,despairing shelled dragon,732,3,23,3,1,0.8
14190,10818,despairing brobinyak,950,3,34,3,1,1
14191,10811,despairing dragonfly,362,3,140,1,1,1
14192,10816,despairing wyvern,224,3,60,1,1,0.8
14193,10812,Ahl Ein,3486,3,63,4,3,1.5
14194,10817,despairing lesser dragon,371,3,146,1,1,0.8
14195,10814,Than Oskh,1106,3,267,1,1,1.2
14196,10815,Than Oskh devotee,1106,3,267,1,1,0.7
14197,10810,melancholic Ea,3450,3,706,1,3,2
14198,10823,dark-eyed other,1755,3,389,1,1,0.7
14199,10820,fallen luminion,1348,3,291,1,2,1.4
14200,10821,fallen luminion,1350,3,291,1,2,1.2
14201,10822,wandering luminion,1349,3,291,1,2,1.2
14202,11149,Kanabhuti,3162,3,712,1,1,2
14203,10824,Poe,2625,3,382,2,1,1.2
14206,10753,provisions crate,529,4,3976,0,1,1
14207,10831,lucky face,3490,3,343,5,2,1.8
14208,10832,lucky sphinx,3489,3,146,3,3,1.1
14209,10773,deadly trimmer,3340,3,751,1,1,1
14210,10774,woeful weeper,3336,3,747,1,1,1
14211,10775,flowering lunatender,3250,3,727,1,1,0.8
14212,10776,rebooted droid,1089,2,2,2,1,0.8
14213,10777,tranquillityite,1771,3,396,1,1,1.3
14214,10778,farside regolith,3339,3,750,1,1,1
14215,10779,defective supporter,3259,3,313,3,1,1
14216,10780,hungry daphnia,3255,3,539,2,1,1.5
14217,10781,defective scraper,3488,3,154,3,1,1.75
14218,10782,defective caretaker,3446,3,247,2,2,1.5
14219,10783,cerebrator,3334,3,746,1,1,2
14220,10784,acidic mousse,2683,3,591,1,7,1.5
14221,10736,Samantha seedling,1367,3,111,2,1,1
14222,10737,Steamy Samantha,147,3,37,1,4,1.5
14223,10738,living crystal,1294,3,42,5,2,1
14224,10739,krystallos,1437,3,177,1,3,1
14227,11153,poisonous bhujamga,2663,3,65,4,2,1
14231,11154,killer guhasaya,575,3,177,1,1,1
14234,11155,Vanaspati eft,151,3,39,1,1,1.2
14235,11156,illumoth,1405,3,195,2,1,0.6
14236,11157,Valin,735,3,183,3,1,2
14237,11158,salivating hanuman langur,2270,3,4,1,4,1.3
14239,108,,2929,3,666,1,1,1
14240,10879,Babil predator,1712,3,378,1,1,0.6
14241,108,,55,3,12,1,1,1
14242,108,,1654,3,148,4,1,1
14243,10785,Thrillingway,3263,2,1052,1,1,0.85
14244,11093,territorial snapweed,2675,3,589,1,1,1.8
14245,11094,territorial genomos,3458,3,55,7,1,1
14246,11095,territorial caribou,3258,3,15,3,1,1.3
14247,11096,territorial screamer,39,3,7,1,1,2.5
14248,11097,territorial limascabra,3374,3,142,1,3,1
14249,11098,territorial troll,3460,3,741,1,1,2
14250,11099,territorial cryoconite,1315,3,289,1,1,1.5
14251,11100,territorial luncheon toad,3367,3,30,1,5,1.2
14252,11101,territorial pephredo,1416,3,11,2,3,1.5
14253,11102,territorial berkanan,3379,3,377,3,5,1.4
14254,11103,territorial gaja,1427,3,246,2,1,1.5
14255,11104,territorial chamrosh,360,3,138,1,1,1.2
14256,11105,territorial ufiti,735,3,183,3,1,1.3
14257,11106,territorial hanuman langur,2270,3,4,1,4,1.3
14258,11107,territorial kacchapa,3366,3,23,1,4,1
14259,11108,territorial vajralangula,3279,3,528,3,1,1
14260,11109,territorial hamsa,3370,3,44,1,6,1
14261,11110,territorial pisaca,3162,3,712,1,1,1.5
14262,11111,territorial bhujamga,2663,3,65,4,2,1
14263,11112,territorial asvattha,3368,3,37,2,2,1.3
14264,11113,territorial rime tursus,777,3,46,3,2,1.3
14265,11114,territorial Eblan icetrap,1035,3,9,1,4,2.2
14266,11115,territorial Eblan bear,870,3,176,1,3,1
14267,11116,territorial canis lupinus,161,3,41,1,3,1.2
14268,11117,territorial ovibos,951,3,35,3,1,1
14269,11118,territorial jotunn,189,3,49,2,2,1.4
14270,11119,territorial ceruleum zoblyn,1039,3,45,1,4,1.5
14271,11120,territorial almasty,767,3,54,5,1,1.3
14272,11121,territorial morozko,864,3,26,1,5,3
14273,11122,territorial rose,2216,3,277,3,1,0.6
14274,11123,territorial trimmer,3340,3,751,1,1,1
14275,11124,territorial dynamite,2589,3,26,4,1,3
14276,11125,territorial weeper,3336,3,747,1,1,1
14277,11126,territorial osculator,3376,3,181,1,3,1.5
14278,11127,territorial regolith,3339,3,750,1,1,1
14279,11128,territorial thinker,3334,3,746,1,1,1
14280,11129,territorial wanderer,3337,3,748,1,1,1
14281,11130,territorial sweeper,3365,3,5,3,3,1
14282,11131,territorial daphnia,3255,3,539,2,1,1.5
14283,11132,territorial lunatender,3250,3,727,1,1,0.8
14284,11133,territorial brobinyak,950,3,34,3,1,1
14285,11134,territorial luminion,1349,3,291,1,2,1.2
14286,11135,territorial shelled dragon,732,3,23,3,1,0.8
14287,11136,territorial luminion,1350,3,291,1,2,1.2
14288,11137,territorial dragon,1277,3,63,1,8,1
14289,11138,territorial abyss,2625,3,382,2,1,1.2
14290,11139,territorial luminion,1348,3,291,1,2,1.4
14291,11140,territorial stellar amphiptere,1106,3,267,1,1,0.7
14292,11141,territorial stellar dragonfly,362,3,140,1,1,1
14293,11142,territorial other,1755,3,389,1,1,0.7
14298,11150,wee nanka,740,3,208,1,1,1
14300,11152,wandering sotormurg,1720,3,386,1,1,1
14303,10813,Ahl Ein's kin,3486,3,63,4,3,1
14304,10771,overtuned specimen,1076,3,55,2,3,1.6
14307,10786,aromatic sapling,358,3,135,1,1,2.3
14308,10787,rasayana,1608,3,141,2,2,1
14309,10788,jungle lizard,2674,3,588,1,1,1.5
14310,10789,apalala,573,3,173,1,4,1.4
14311,10813,Ahl Ein's kin,3486,3,63,4,3,1
14312,10376,Vrtra,3211,3,119,7,1,1
14313,11077,Yafaemi spider,1542,3,187,2,2,1.2
14315,11078,agavoides ambusher,2587,3,2,4,1,3
14318,11079,bio pellet,2189,3,55,2,4,1
14319,11080,escaped luncheon toad,3367,3,30,1,5,1.2
14320,11081,nivalis,2357,3,55,5,1,3
14321,11082,frothing snapweed,2675,3,589,1,1,1.8
14322,11083,wooly merino,284,3,86,1,1,2.5
14324,11085,dhruva cluster,1994,3,417,1,2,0.8
14326,11086,moisture soma,825,2,1009,9,1,1.5
14328,11088,aetheric gelatin,3068,3,336,2,2,1
14329,11089,aetheric doblyn,178,3,45,1,3,1.5
14330,11090,Fraelissa,3379,3,377,3,5,2
14331,11091,storm anila,1923,3,423,1,1,2
14333,10825,stygian spark,789,3,156,1,20,1
14334,10826,stygian sphere,511,3,156,1,5,1
14335,10721,sparkfledged,476,3,9994,1,1,1
14336,10721,sparkfledged,476,3,9994,1,1,1
14337,10827,Myhk Nehr,1190,3,239,1,2,1
14338,108,,1669,3,366,1,1,1
14339,108,,1366,3,308,1,1,1
14340,108,,1496,3,56,3,1,2
14341,108,,253,3,76,1,1,2.5
14342,10833,golden supporter,3491,3,313,3,2,1
14343,10834,rainbow golem,3492,3,21,1,11,2.5
14344,10835,exciting onion,757,3,88,2,1,2.8
14345,10836,exciting egg,758,3,88,3,1,2.8
14346,10837,exciting garlic,759,3,88,4,1,2.8
14347,10838,exciting tomato,760,3,88,5,1,2.8
14348,10839,exciting queen,761,3,88,6,1,2.8
14349,10840,exciting sweeper,3365,3,5,3,3,1
14350,10841,exciting mousse,2683,3,591,1,7,1.5
14351,10842,exciting chocolate mousse,2684,3,591,1,8,1.5
14352,10843,exciting bug,508,3,136,1,1,1
14353,10844,exciting alarum,633,3,187,1,1,1
14354,10845,exciting spinner-rook,380,3,152,1,1,1
14355,10846,exciting hunter,1283,1,101,1,1,1.5
14356,10847,exciting iron claw,332,3,114,1,2,1
14357,10848,exciting lublyn,1929,3,45,1,5,1.5
14358,10849,exciting luminare,1994,3,417,1,2,0.6
14359,10850,exciting dynamite,2589,3,26,4,1,3
14360,10851,exciting armalcolite,1771,3,396,1,1,1.2
14361,10852,exciting golem,82,3,21,1,2,2.5
14362,10853,exciting scraper,3488,3,154,3,1,2
14363,10854,exciting caretaker,3446,3,247,2,2,1.5
14364,10855,exciting supporter,3259,3,313,3,1,1
14365,10856,exciting cleaner,3448,3,322,1,2,0.7
14366,10857,exciting wanderer,3337,3,748,1,1,2
14367,10858,exciting weeper,3336,3,747,1,1,1.7
14368,10859,exciting thinker,3334,3,746,1,1,1
14369,10860,exciting regolith,3339,3,750,1,1,1
14370,10861,exciting trimmer,3340,3,751,1,1,1
14371,10862,exciting panopt,2877,3,646,1,1,2.5
14372,10863,exciting lunatender,3250,3,727,1,1,0.8
14373,10864,exciting daphnia,3255,3,539,2,1,1.5
14374,10865,exciting osculator,3376,3,181,1,3,1.5
14375,10866,exciting droid,1089,2,2,2,1,1.4
14376,10867,exciting naga,733,3,43,2,1,2
14377,10868,exciting curator,1100,2,1021,2,1,1.2
14378,10347,Loporrit,3263,2,1052,1,1,0.85
14379,10347,Loporrit,3263,2,1052,1,1,0.85
14380,10347,Loporrit,3263,2,1052,1,1,0.85
14381,11176,drifting dynamite,2589,3,26,4,1,3
14382,11177,boosted cleaner,3448,3,322,1,2,1
14383,11178,supercarrot,3446,3,247,2,2,1.8
14384,11174,Warringway,3263,2,1052,1,1,0.85
14385,11175,Fallingway,3263,2,1052,1,1,0.85
14386,655,behemoth,165,3,42,1,1,1
14387,11165,python,1905,3,65,2,3,1.8
14388,8273,Quetzalcoatl,2744,3,603,1,1,1.4
14389,258,Amalj'aa thaumaturge,3400,3,272,1,25,1
14391,11073,aigokeros,183,3,47,1,1,1.2
14392,11074,man-made io,2885,3,238,4,1,1.5
14393,11075,known unknown,2873,3,233,5,1,1
14394,11076,primordial kyklops,2864,3,427,2,1,2
14396,11167,manned death machine,3185,3,366,2,1,1.8
14397,10365,Terminus howler,1439,3,238,2,1,1.5
14398,11143,N-6205,3265,2,1051,2,1,1.8
14399,11160,overflow Beta,3394,3,105,9,1,0.4
14400,11143,N-6205,3265,2,1051,2,1,1.8
14401,11161,overflow Omicron,3493,2,1051,1,2,1.8
14402,108,,9,2,1007,1,1,1
14403,108,,5,2,1003,1,1,1
14404,11172,automated Gabriel,2926,3,663,1,1,0.5
14405,11173,Metatron,2926,3,663,1,1,1.5
14408,5964,Arenvald,3443,1,0,1,1,1
14409,108,,3505,3,272,1,29,1
14410,108,,3505,3,272,1,29,1
14411,10310,perpetual war machine,3509,3,12,5,1,1.5
14413,11195,doomed stars,3541,3,738,1,7,1
14414,108,,480,0,0,0,1,1
14415,10315,Peacekeeper,3278,3,240,2,1,0.9
14416,10908,magitek slasher,1654,3,148,4,1,0.7
14417,108,,3293,2,1055,1,1,0.8
14418,108,,3293,2,1055,1,1,0.7
14419,11192,Terminus weeper,3476,3,58,7,2,0.8
14420,11192,Terminus weeper,3476,3,58,7,2,0.7
14421,11192,Terminus weeper,3476,3,58,7,2,0.6
14422,108,,3462,1,0,1,1,1
14424,10726,darkened fire,848,3,220,1,1,2
14425,11194,enhanced noulith,3392,3,472,5,1,1
14426,10908,magitek slasher,1654,3,148,4,1,0.7
14427,2137,the Ultima Weapon,307,3,99,1,1,1
14428,2139,Ultima Ifrit,304,3,96,1,1,1
14429,2140,Ultima Titan,306,3,98,1,1,1.5
14430,2141,Ultima Garuda,303,3,95,1,1,2
14431,2138,aetheroplasm,513,3,156,1,7,1
14432,2324,ultimaplasm,614,3,156,1,10,1
14433,2142,magitek bit,55,3,12,1,1,1
14434,10949,hungry sotormurg,237,3,67,1,1,1
14435,10270,captive soul,3462,1,0,1,1,1
14436,10499,thelema agape,2354,3,273,1,22,1
14437,11199,telotek armored weapon,1679,3,1,5,1,3.3
14438,10559,telotek hexadrone,1404,3,276,1,1,0.65
14439,510,imperial assault craft,480,0,0,0,1,1
14440,108,,480,0,0,0,1,1
14441,10348,hippokampos,3525,3,501,2,2,0.65
14442,10348,hippokampos,3525,3,501,2,2,0.65
14444,11239,armored chariot,3511,3,770,1,1,1
14445,11240,armored drudge,3518,3,114,8,1,1.8
14446,11171,searching bit,55,3,12,1,1,1
14447,11170,searching slasher,1654,3,148,4,1,0.7
14448,554,Ichorous Ire,292,3,87,1,1,3.5
14449,11307,ichorous drip,292,3,87,1,1,1
14450,2134,Mark II magitek colossus,255,3,76,1,3,3.5
14451,2135,Nero tol Scaeva,3571,1,501,1,1,1.1
14452,2121,magitek death claw,331,3,114,1,1,1
14453,2136,Gaius van Baelsar,3572,1,501,1,1,1.1
14454,11285,phantom Gaius,3572,1,501,1,1,1.1
14455,11285,phantom Gaius,3572,1,501,1,1,1.1
14456,9947,Terminus Est,1209,3,273,1,2,1
14457,11241,ambujam,3542,3,132,2,1,1.5
14458,11242,scarlet tentacle,3546,3,205,9,1,0.2
14459,11243,cyan tentacle,3547,3,205,10,1,0.2
14460,548,Kottos,12,2,1009,1,5,1.3
14461,108,,2713,1,501,1,1,1
14470,11350,tactical crystal,3510,3,769,1,1,0.65
14471,11351,bomb core,100,3,26,1,1,10
14472,11353,black chocobo feather,3573,3,272,1,30,2
14473,11244,Terminus beholder,1076,3,55,2,3,1
14474,11245,Terminus twitcher,378,3,151,1,1,1
14475,11246,Terminus sprinter,2578,3,571,1,1,1.25
14476,11247,Terminus flesher,2577,3,570,1,1,1
14477,11248,Terminus shriver,1574,3,352,1,1,1
14478,11245,Terminus twitcher,378,3,151,1,1,1
14479,11246,Terminus sprinter,2578,3,571,1,1,1.25
14480,11249,Terminus trampler,2592,3,68,2,1,1
14481,11248,Terminus shriver,3449,3,352,1,3,1
14482,11250,Terminus lacerator,3522,3,62,1,2,2
14483,11251,Terminus detonator,2580,3,572,1,2,2
14484,11252,Terminus bellwether,2531,3,564,1,1,4
14485,11253,Nerva yae Galvus,3602,3,599,1,2,1.15
14486,11254,Terminus moaner,3606,3,475,2,2,5
14487,11255,dark sphere,3399,3,271,1,36,1.5
14489,11257,Merlwyb,3148,1,1001,1,1,1
14493,11261,Iron Nero,544,1,501,1,1,1
14495,11272,breaking point,3610,3,9994,1,1,1
14496,11286,Nald'thal,3594,3,777,1,1,2.8
14497,11290,soul vessel,3506,1,0,1,1,2.8
14498,11244,Terminus beholder,1076,3,55,2,3,1
14499,11245,Terminus twitcher,378,3,151,1,1,1
14500,11246,Terminus sprinter,2578,3,571,1,1,1.25
14501,11247,Terminus flesher,2577,3,570,1,1,1
14502,11248,Terminus shriver,1574,3,352,1,1,1
14503,11308,Terminus stalker,795,2,1003,5,1,2.25
14504,422,Lady Amandine,18,2,1016,1,1,1.8
14505,428,manor sentry,167,3,43,1,1,1.5
14506,424,lady's handmaiden,18,2,1016,1,1,1
14507,11218,Alzadaal's qutrub,3548,2,1003,9,1,2
14508,11219,Alzadaal's langur,2270,3,4,1,4,1.5
14509,11220,Alzadaal's asvattha,3368,3,37,2,2,1.3
14510,11221,Alzadaal's vajralangula,3279,3,528,3,1,1.3
14511,11222,Bounty monk,1418,3,314,1,1,1.5
14512,11223,Bounty uragnite,364,3,142,1,1,1
14513,11224,Bounty ogrebon,741,3,209,1,1,1.5
14514,11225,Bounty craklaw,1719,3,385,1,1,1.2
14515,11226,Bounty vepar,356,3,134,1,1,1.3
14516,11227,Alzadaal's rampart,3529,3,343,7,1,1
14517,11228,Bounty ruszor,1721,3,387,1,1,1.5
14518,11229,Bounty xzomit,2373,3,523,1,1,1.5
14519,11230,Bounty rockfin,1231,3,282,1,1,1
14520,11231,Clawtrap Alzadaal XIV,2279,3,133,2,1,4.6
14521,11232,Radiant crab,355,3,133,1,1,1.5
14522,11233,Alzadaal's acrolith,3530,3,772,1,1,1.8
14523,11234,Alzadaal's guardian,2420,3,73,2,1,2.5
14524,11235,mystic weapon,2601,3,574,1,1,1.5
14525,11236,mystic weapon,2601,3,574,1,1,1.5
14526,11237,Alzadaal's mimic,1527,3,197,1,3,1.2
14527,10448,the Endsinger,3599,3,720,1,1,3
14528,5640,Shinryu,1893,3,376,2,1,1
14529,10448,the Endsinger,3324,3,742,1,1,0.6
14530,10446,fiery star,3305,3,738,1,1,1
14531,10445,azure star,3306,3,738,1,2,1
14532,10444,dark star,3395,3,738,1,3,3
14533,1279,Aiatar,230,3,63,1,2,1.4
14534,11352,turbulence,478,3,9995,1,2,1.25
14535,1678,Koshchei,224,3,60,1,1,0.8
14536,9910,maelstrom,478,3,9995,1,2,0.8
14537,101,Gyges the Great,3552,2,1009,1,5,1.6
14541,2116,magitek vanguard F-1,1091,3,56,1,3,2
14542,2118,Livia sas Junius,3592,1,601,1,1,1.1
14543,11216,excavation bomb,480,0,0,0,1,1
14544,9910,maelstrom,480,0,0,0,1,1
14545,11277,Azeyma,3645,3,776,1,2,3.8
14546,11278,Azeyma's heat,3645,3,776,1,2,3.8
14547,11322,Warden's flame,3608,3,506,2,1,6
14548,11279,sunstorm,3574,3,271,1,37,1
14549,11280,prodigal sun,3575,3,273,1,29,1
14550,11302,Rhalgr,3534,3,779,1,1,3.6
14551,11303,fist of wrath,3585,3,782,1,1,3.6
14552,11304,fist of judgment,3586,3,782,2,1,3.6
14553,11305,lightning orb,785,3,156,1,16,2
14554,11292,lion of Aglaia,3582,3,177,8,1,1.6
14555,11293,lioness of Aglaia,3583,3,177,9,1,1.6
14556,11294,lions of Aglaia,480,0,0,0,1,1
14563,2121,magitek death claw,331,3,114,1,1,1
14564,2089,magitek vanguard H-1,213,3,56,1,1,2
14565,297,magitek colossus,253,3,76,1,1,3.5
14566,2133,Proto Ultima arm unit,324,3,107,1,1,1
14576,2113,imperial war hound,160,3,41,1,2,1.5
14577,2121,magitek death claw,331,3,114,1,1,1
14578,269,magitek vanguard,214,3,56,1,2,2
14579,11410,plundered steward,253,3,76,1,1,3.5
14581,2160,Rhitahtyn sas Arvina,3590,1,901,1,1,1
14582,11275,imperial centurion,3506,1,0,1,1,1
14583,11276,imperial pilus prior,3506,1,0,1,1,1
14584,11273,Rhalgr,3534,3,779,1,1,3.6
14585,11274,Rhalgr's emissary,3584,3,781,1,1,0.6
14586,11274,Rhalgr's emissary,3581,3,161,3,1,2.2
14587,2137,the Ultima Weapon,307,3,99,1,1,1
14588,2141,Ultima Garuda,303,3,95,1,1,2
14589,2140,Ultima Titan,306,3,98,1,1,1.5
14590,1804,granite gaol,249,3,72,1,1,1
14591,2139,Ultima Ifrit,304,3,96,1,1,1
14592,2137,the Ultima Weapon,307,3,99,1,1,1
14593,2142,magitek bit,55,3,12,1,1,1
14594,2138,aetheroplasm,614,3,156,1,10,1
14595,11286,Nald'thal,3532,3,777,1,1,2.8
14596,11374,Agdistis,3577,3,273,1,31,1
14597,8482,Salmet Quickhunt,476,3,9994,1,1,1
14598,11089,aetheric doblyn,476,3,9994,1,1,1
14599,11290,soul vessel,3506,1,0,1,1,2.8
14600,299,nesting buzzard,3506,1,0,1,1,3
14601,108,,3578,3,273,1,32,1
14602,108,,3579,3,273,1,33,1
14603,11281,Byregot,3533,3,73,4,1,4
14604,11282,Byregot's avatar,3533,3,73,4,1,4
14605,2135,Nero tol Scaeva,1572,3,273,1,5,1.8
14606,108,,480,0,0,0,1,1
14607,11310,foul-tempered chicken,2128,3,191,1,2,2.5
14608,11309,happy bunny,2172,3,465,1,1,1
14614,108,,476,3,9994,1,1,1.2
14615,11419,Thorne Knight,3603,3,264,3,1,2.4
14616,2132,cermet blast door,481,0,0,0,1,1
14617,108,,476,3,9994,1,1,1.8
14618,108,,476,3,9994,1,1,1
14620,718,Whiskerwall Kupdi Koop,8,2,1006,1,1,3
14621,719,Ruffletuft Kupta Kapa,8,2,1006,1,1,3
14622,720,Furryfoot Kupli Kipp,8,2,1006,1,1,3
14623,721,Woolywart Kupqu Kogi,8,2,1006,1,1,3
14624,722,Pukla Puki the Pomburner,8,2,1006,1,1,3
14625,723,Puksi Piko the Shaggysong,8,2,1006,1,1,3
14626,724,Pukna Pako the Tailturner,8,2,1006,1,1,3
14627,725,Good King Moggle Mog XII,8,2,1006,1,1,10
14628,11258,Raubahn,476,3,9994,1,1,1
14629,11288,Nald,480,0,0,0,1,1
14630,11289,Thal,480,0,0,0,1,1
14631,3369,Einhander,974,3,64,5,1,1.3
14632,3370,astraea,3609,3,64,6,1,1
14633,3371,auxiliary ceruleum tank,998,3,250,1,1,1.5
14634,3374,Midgardsormr,1020,3,226,1,3,0.7
14635,3375,mirage dragon,994,3,63,1,5,1
14636,3375,mirage dragon,995,3,63,1,6,1
14637,3375,mirage dragon,994,3,63,1,5,1
14638,3375,mirage dragon,995,3,63,1,6,1
14639,108,,329,3,112,1,1,1.5
14640,108,,1870,3,296,2,1,0.9
14641,108,,2597,3,385,1,2,2
14642,108,,2673,3,587,1,1,2
14643,2143,Lahabrea,3632,1,101,1,1,1
14644,4384,firesphere,1961,3,271,1,26,1
14645,2183,Hydaelyn,480,0,0,0,1,1
14662,580,Redbelly sharpeye,3506,1,0,1,1,3
14663,269,magitek vanguard,214,3,56,1,2,2
14664,297,magitek colossus,253,3,76,1,1,3.5
14665,11420,magicked puppet,222,3,59,1,2,5
14666,11421,Amalj'aa artillery carriage,480,0,0,0,1,1
14667,11233,Alzadaal's acrolith,3530,3,772,1,1,1.8
14668,297,magitek colossus,253,3,76,1,1,2.5
14669,7636,Omega,3775,3,515,1,1,1.4
14670,3408,frozen chirurgeon,476,3,9994,1,1,1
14672,108,,2,2,2,1,1,1
14673,3667,bishop autoturret,1028,3,7101,2,1,1
14674,11338,full-grown manjusaka,1033,3,9,1,5,1.5
14675,11339,overgrown manjusaka,1033,3,9,1,5,2
14676,11340,raging valras,1721,3,387,1,1,1.8
14677,11341,brilliant starmite,1945,3,290,1,2,1.3
14678,10961,old pisaca,3162,3,712,1,1,1.8
14679,11342,sparkling odqan,2513,3,26,3,1,3
14680,11343,long-legged Akyaali crab,355,3,133,1,1,1.5
14681,11344,raging vajralangula,3279,3,528,3,1,1
14682,11345,murderous asvattha,3368,3,37,2,2,1.3
14683,11346,tiny Gajasura,2052,2,1009,14,1,0.8
14684,11346,tiny Gajasura,2052,2,1009,14,1,0.8
14685,11346,tiny Gajasura,2052,2,1009,14,1,0.8
14686,11347,Terminus shriver,3449,3,352,1,3,1
14687,11348,Terminus twitcher,378,3,151,1,1,1
14688,11349,Terminus beholder,1076,3,55,2,3,1
14689,11323,shallows monk,1418,3,314,1,1,1.1
14690,11324,shallows ogrebon,741,3,209,1,1,1.1
14691,11325,shallows xzomit,2373,3,523,1,1,1.1
14692,11277,Azeyma,480,0,0,0,1,1
14693,11302,Rhalgr,480,0,0,0,1,1
14694,11382,evil dreamer,3640,3,794,1,1,1
14695,11382,evil dreamer,3640,3,794,1,1,1
14696,11382,evil dreamer,3640,3,794,1,1,1.5
14697,11354,phantom Lahabrea,3632,1,101,1,1,1
14698,428,manor sentry,167,3,43,1,1,1.5
14699,11355,arcane sphere,3646,3,273,1,34,1.15
14700,11355,arcane sphere,3646,3,273,1,34,1.15
14701,11384,Beatrice,3643,3,546,3,1,3.3
14702,1385,bomb,670,3,199,1,1,2
14703,11355,arcane sphere,3646,3,273,1,34,1.15
14704,3455,Gyascutus,3709,3,34,3,1,1.8
14705,10308,Galatea Magna,3723,3,333,2,1,2
14706,11386,inflammable fumes,3667,3,272,1,31,1.2
14707,108,,476,3,9994,1,1,1.25
14708,11388,gladiator mirage,4367,3,245,2,1,2
14709,108,,3643,3,546,3,1,3.3
14710,2259,Symond the Unsinkable,4460,3,272,1,63,1
14711,3040,yeti,767,3,54,5,1,2
14712,3042,snowball,867,3,222,1,1,1
14713,3044,Fenrir,248,3,71,1,1,1.3
14714,3045,icicle,764,3,204,1,1,2.5
14715,11426,Papalymo,841,3,88,7,1,2
14716,11357,Troian sentry,3658,3,129,4,1,0.4
14717,11358,Troian scavenger,2625,3,382,2,1,1
14718,11359,Troian pawn,19,2,1017,1,1,2
14719,11360,Troian guard,1273,3,285,1,1,2
14720,11361,Troian hound,1276,3,71,2,1,0.7
14721,11362,Troian rider,1215,3,237,1,2,2
14722,11363,Troian knight,956,3,237,1,1,1.8
14723,11364,Troian bishop,912,3,196,2,1,1.8
14724,11365,Troian trapper,3659,3,280,3,1,0.5
14725,11366,Troian equerry,653,3,64,2,1,1.3
14726,11367,Troian butler,2185,3,476,1,1,2
14727,11368,Troian steward,2093,3,49,6,1,1.8
14728,11382,evil dreamer,3640,3,794,1,1,1
14729,11422,ball of fire,3170,3,653,1,8,1.5
14730,11468,cryptic portal,825,2,1009,9,1,1.5
14731,11442,Geryon the Steer,3715,2,1009,15,1,1.6
14732,11443,powder keg,3675,3,349,2,1,2
14744,10261,Carbuncle,411,3,7002,1,3,1
14745,10261,Carbuncle,411,3,7002,1,3,1
14748,4149,Ruby Carbuncle,410,3,7002,1,2,1
14749,4149,Ruby Carbuncle,410,3,7002,1,2,1
14750,11447,Troian footman,218,3,57,1,3,2
14751,11387,gladiator of Sil'dih,3600,3,57,3,1,1.9
14752,11389,hateful visage,3677,3,503,1,2,1.5
14753,11390,regret,2355,3,273,1,23,1
14754,11391,whirlwind,1912,3,272,1,20,2
14755,11392,antique boulder,1442,3,106,1,5,1.5
14756,2324,ultimaplasm,480,0,0,0,1,1
14757,11387,gladiator of Sil'dih,3600,3,57,3,1,1.9
14758,11388,gladiator mirage,3600,3,57,3,1,1.9
14759,11389,hateful visage,3677,3,503,1,2,1.5
14760,11390,regret,2355,3,273,1,23,1
14761,11393,Shadowcaster Zeless Gah,3642,3,58,11,1,1
14762,11393,Shadowcaster Zeless Gah,3642,3,58,11,1,1
14763,11394,infern brand,2183,3,474,1,1,2
14764,11394,infern brand,2183,3,474,1,1,2
14765,11395,infern brand,3689,3,474,1,1,2
14766,11395,infern brand,3689,3,474,1,1,2
14767,11396,ball of fire,2942,3,653,1,1,1
14768,11396,ball of fire,2942,3,653,1,1,1
14769,11397,arcane font,3097,3,708,1,3,0.5
14770,11397,arcane font,3097,3,708,1,3,0.5
14771,11407,Scarmiglione,3588,3,784,1,1,1.1
14772,11408,plundered pawn,19,2,1017,1,1,1.8
14773,11409,plundered butler,2185,3,476,1,1,1.3
14774,11410,plundered steward,2093,3,49,6,1,1.5
14775,11407,Scarmiglione,3588,3,784,1,1,1.1
14776,11411,plundered maid,18,2,1016,1,1,1.5
14777,284,yarzon feeder,3659,3,280,3,1,0.6
14778,11413,plundered guard,1273,3,285,1,1,2
14779,11414,filthy shackle,3691,3,273,1,27,1
14784,11418,Zero,3653,1,201,1,1,1.08
14785,11418,Zero,3653,1,201,1,1,1.08
14786,2354,Flamecrest Afajj Koh,382,3,153,1,2,1.3
14787,108,,480,0,0,0,1,1
14788,13551,supercharged levin,785,3,156,1,16,2
14789,11372,Scarmiglione,3588,3,784,1,1,1.1
14790,11373,necroserf,3676,3,377,1,4,0.7
14791,11373,necroserf,3676,3,377,1,4,0.7
14792,108,,476,3,9994,1,1,1
14793,11443,powder keg,3675,3,349,2,1,2
14794,3458,Nidhogg,338,3,119,1,1,1
14795,3460,the Sable Price,1201,3,271,1,7,1
14796,3462,Ahleh,660,3,63,1,4,1
14797,3464,liegedrake,224,3,60,1,1,1
14798,10298,Barbariccia,3589,3,785,1,1,4
14799,11398,Barbariccia,3624,3,793,1,1,4
14800,10300,stiff breeze,3666,3,272,1,34,1
14801,10298,Barbariccia,3589,3,785,1,1,4
14802,11398,Barbariccia,3624,3,793,1,1,4
14803,10300,stiff breeze,3666,3,272,1,34,1
14804,108,,3679,3,275,2,1,4
14809,1715,Coerthan merchant,4582,3,273,1,85,1
14810,4776,Sephirot,1345,3,295,1,1,1
14811,4776,Sephirot,1382,3,311,1,1,5
14812,4777,Cochma,1430,3,7007,1,1,1.5
14813,4778,Binah,1430,3,7007,1,1,0.75
14814,4779,Storm of Words,1432,3,271,1,15,1
14815,4780,coronal wind,1433,3,272,1,4,1
14816,4776,Sephirot,480,0,0,0,1,1
14817,11393,Shadowcaster Zeless Gah,3642,3,58,11,1,1
14818,11394,infern brand,2183,3,474,1,1,2
14819,11395,infern brand,3689,3,474,1,1,2
14820,11396,ball of fire,2942,3,653,1,1,1
14821,11397,arcane font,3097,3,708,1,3,0.5
14822,11440,proto-Carbuncle,3587,3,799,1,1,3
14823,108,,3668,3,272,1,32,1
14824,108,,3669,3,272,1,33,1
14825,11441,lively bait,3714,3,55,2,5,0.8
14826,11440,proto-Carbuncle,3587,3,799,1,1,3
14827,108,,3668,3,272,1,32,1
14828,108,,3669,3,272,1,33,1
14829,11441,lively bait,3714,3,55,2,5,0.8
14831,11369,silkie,3660,3,528,4,1,2.4
14832,11370,silken puff,3664,3,624,2,1,6.25
14833,11371,eastern ewer,2273,3,504,1,1,2
14834,11369,silkie,3660,3,528,4,1,2.4
14835,11370,silken puff,3664,3,624,2,1,6.25
14836,11371,eastern ewer,2273,3,504,1,1,2
14837,11369,silkie,3660,3,528,4,1,2.4
14838,11370,silken puff,3664,3,624,2,1,6.25
14839,11371,eastern ewer,2273,3,504,1,1,2
14840,11469,aqueduct uragnite,364,3,142,1,1,1
14841,11470,aqueduct bat,98,3,25,1,1,2
14842,11471,aqueduct eft,152,3,39,2,1,0.8
14843,11472,aqueduct pudding,206,3,55,1,6,1.5
14844,11473,aqueduct mossling,1901,3,289,2,1,1.2
14845,313,Amajina blastmaster,24,3,2,1,1,2
14846,11474,aqueduct genomos,3458,3,55,7,1,1
14847,11476,aqueduct goobbue,57,3,13,1,2,2.5
14848,11476,aqueduct goobbue,198,3,54,1,1,1.3
14849,11477,aqueduct leafkin,3672,3,806,1,1,1.5
14850,11478,aqueduct adamantoise,94,3,23,1,1,0.7
14851,11479,aqueduct fluturini,1314,3,265,1,3,0.7
14852,11480,aqueduct leshy,1853,3,377,3,1,1.2
14853,11481,aqueduct odqan,2513,3,26,3,1,3.5
14854,322,rotting noble,104,3,27,1,1,1
14855,11483,,61,3,15,1,1,1.2
14856,11484,aqueduct wamoura,646,3,195,1,1,0.8
14857,11485,aqueduct goosefish,269,3,82,1,2,3
14858,11486,aqueduct gigantoad,126,3,30,1,1,1.5
14859,11487,aqueduct slug,1324,3,10,1,5,1.5
14860,11488,aqueduct ameretat,147,3,37,1,4,1.3
14861,11490,forgotten cliffmole,2778,3,85,3,2,2
14862,11491,forgotten campeador,873,3,36,2,1,4
14863,11492,forgotten sabotender,144,3,36,1,4,3
14864,11387,gladiator of Sil'dih,3600,3,57,3,1,1.9
14865,11388,gladiator mirage,3600,3,57,3,1,1.9
14866,11389,hateful visage,3677,3,503,1,2,1.5
14867,11390,regret,2355,3,273,1,23,1
14868,11493,forgotten phoebad,2659,3,396,1,2,1
14869,11494,forgotten dhara,1819,3,49,5,1,1
14870,11495,forgotten spider,1543,3,187,2,3,1
14871,187,marshlight,3674,3,46,1,3,1
14872,11496,forgotten wraith,1504,3,334,1,1,2.5
14873,11497,forgotten revenant,265,3,80,1,2,2
14874,11498,water sprite,385,3,153,1,5,1
14875,11499,aqueduct focalor,2676,3,590,1,1,1
14876,11500,aqueduct sarcosuchus,1509,3,39,6,1,1.6
14877,11501,aqueduct elbst,182,3,46,3,1,1
14878,11502,aqueduct gelatin,3068,3,336,2,2,0.6
14879,11503,Sil'dihn dhruva,1848,3,417,1,1,0.8
14880,11504,Sil'dihn urolith,1908,3,339,1,2,0.9
14881,11506,Sil'dihn dullahan,121,3,29,1,1,1.5
14882,11507,Sil'dihn golem,82,3,21,1,2,1.8
14883,11508,Sil'dihn hollow,2420,3,73,2,1,2.5
14884,11509,Sil'dihn visage,3677,3,503,1,2,1
14885,11489,aqueduct hecteyes,690,3,55,2,1,1.2
14886,11505,Sil'dihn python,2663,3,65,4,2,1
14888,11374,Agdistis,3656,3,800,1,1,0.7
14889,11375,forbidden fruit,3673,3,808,1,1,0.9
14890,11376,forbidden fruit,3695,3,808,1,2,0.9
14891,11378,immature io,3661,3,238,5,1,1.34
14892,11379,immature stymphalide,3694,3,359,4,5,0.84
14893,11374,Agdistis,3656,3,800,1,1,0.7
14894,11375,forbidden fruit,3673,3,808,1,1,0.9
14895,11376,forbidden fruit,3695,3,808,1,2,0.9
14896,11377,forbidden fruit,3696,3,808,1,3,0.9
14897,11378,immature io,3661,3,238,5,1,1.34
14898,11379,immature stymphalide,3694,3,359,4,5,0.84
14899,11380,immature minotaur,3680,3,58,6,3,0.83
14900,108,,2018,3,205,8,1,0.75
14901,11381,Hegemone,3641,3,796,1,1,3.5
14902,11462,parasitos,3662,3,802,1,1,1
14903,11381,Hegemone,3641,3,796,1,1,3.5
14904,11462,parasitos,3662,3,802,1,1,1
14905,11462,parasitos,3663,3,803,1,1,1
14906,392,lost lamb,287,3,86,1,4,1.5
14907,795,ornery karakul,291,3,86,1,8,1.5
14908,5,opo-opo,31,3,4,1,1,1.2
14909,6,lemur,2270,3,4,1,4,1.5
14910,341,apkallu,190,3,50,1,1,1
14911,11448,apkallu of paradise,3698,3,50,1,3,1
14912,37,ground squirrel,25,3,2,2,1,2
14913,262,star marmot,26,3,2,2,2,2
14914,11449,coblyn,176,3,45,1,1,1.5
14915,11450,yellow coblyn,178,3,45,1,3,1.5
14916,393,wild dodo,173,3,44,1,1,1.5
14917,11451,dodo of paradise,1038,3,44,1,4,1.5
14918,11452,island doe,61,3,15,1,1,1.2
14919,11453,island stag,62,3,15,2,1,1.3
14920,780,chocobo,1,2,1,1,1,1
14921,6942,black chocobo,1,2,1,1,1,1
14922,11454,glyptodon pup,2396,3,528,1,1,1
14923,10173,glyptodon,2535,3,528,2,1,1.2
14924,357,aurochs,138,3,35,1,1,1
14925,11455,grand buffalo,140,3,35,2,1,1
14926,11456,island nanny,184,3,47,1,2,1.5
14927,11457,island billy,185,3,47,2,1,1.5
14928,1281,blue back,154,3,40,1,1,1.5
14929,2769,gold back,155,3,40,1,2,1.5
14930,11458,twinklefleece,267,3,81,1,2,2
14931,11459,beachcomb,355,3,133,1,1,1
14932,3499,paissa,905,3,225,2,1,0.7
14933,11460,alligator,1509,3,39,6,1,1.6
14934,353,goobbue,198,3,54,1,1,1.5
14935,12313,griffin,955,3,236,1,1,1.25
14936,12456,quartz spriggan,109,3,28,1,3,2
14937,12457,amethyst spriggan,111,3,28,1,5,2
14938,12458,wild boar,44,3,8,1,1,1.2
14939,12459,boar of paradise,3905,3,8,1,5,1.2
14940,12460,weird spriggan,1426,3,316,1,1,0.9
14942,13170,Gwyddrud,476,3,9994,1,1,1
14943,3330,Vishap,3311,3,102,1,1,2
14971,2168,Bertha,518,3,167,1,1,1
14972,2168,Bertha,518,3,167,1,1,1
14973,2168,Bertha,518,3,167,1,1,1
14974,2168,Bertha,518,3,167,1,1,1
14975,2168,Bertha,518,3,167,1,1,1
14976,2168,Bertha,518,3,167,1,1,1
14977,2168,Bertha,518,3,167,1,1,1
14978,2168,Bertha,518,3,167,1,1,1
14979,2168,Bertha,518,3,167,1,1,1
14980,2168,Bertha,518,3,167,1,1,1
14981,2168,Bertha,518,3,167,1,1,1
14982,2168,Bertha,518,3,167,1,1,1
14995,3323,Horde dragonfly,362,3,140,1,1,1
14996,3323,Horde dragonfly,362,3,140,1,1,1
14997,3323,Horde dragonfly,362,3,140,1,1,1
14998,3323,Horde dragonfly,362,3,140,1,1,1
14999,3323,Horde dragonfly,362,3,140,1,1,1
15000,3321,Horde wyvern,659,3,60,1,3,1
15001,3323,Horde dragonfly,362,3,140,1,1,1
15002,3326,Horde aevis,377,3,150,1,1,1
15003,3326,Horde aevis,377,3,150,1,1,1
15004,3326,Horde aevis,377,3,150,1,1,1
15005,3326,Horde aevis,377,3,150,1,1,1
15006,3326,Horde aevis,377,3,150,1,1,1
15007,3326,Horde aevis,377,3,150,1,1,1
15008,3326,Horde aevis,377,3,150,1,1,1
15009,3326,Horde aevis,377,3,150,1,1,1
15010,3321,Horde wyvern,659,3,60,1,3,1
15011,3321,Horde wyvern,659,3,60,1,3,1
15012,3321,Horde wyvern,659,3,60,1,3,1
15013,3321,Horde wyvern,659,3,60,1,3,1
15014,3321,Horde wyvern,659,3,60,1,3,1
15015,3321,Horde wyvern,659,3,60,1,3,1
15016,3321,Horde wyvern,659,3,60,1,3,1
15017,3321,Horde wyvern,659,3,60,1,3,1
15018,3326,Horde aevis,377,3,150,1,1,1
15019,3329,Horde biast,180,3,46,1,2,1.5
15020,3321,Horde wyvern,659,3,60,1,3,1
15021,3329,Horde biast,180,3,46,1,2,1.5
15022,3323,Horde dragonfly,362,3,140,1,1,1
15023,3321,Horde wyvern,659,3,60,1,3,1
15024,3323,Horde dragonfly,362,3,140,1,1,1
15025,3326,Horde aevis,377,3,150,1,1,1
15026,3329,Horde biast,180,3,46,1,2,1.5
15027,3329,Horde biast,180,3,46,1,2,1.5
15028,3329,Horde biast,180,3,46,1,2,1.5
15029,3329,Horde biast,180,3,46,1,2,1.5
15030,3329,Horde biast,180,3,46,1,2,1.5
15031,3329,Horde biast,180,3,46,1,2,1.5
15032,3329,Horde biast,180,3,46,1,2,1.5
15033,3329,Horde biast,180,3,46,1,2,1.5
15034,3324,Horde armored dragon,732,3,23,3,1,1.25
15035,3323,Horde dragonfly,362,3,140,1,1,1
15036,3323,Horde dragonfly,362,3,140,1,1,1
15037,3327,Horde transcendent,730,3,183,2,1,1.7
15038,3326,Horde aevis,377,3,150,1,1,1
15039,3321,Horde wyvern,659,3,60,1,3,1
15040,3326,Horde aevis,377,3,150,1,1,1
15041,3322,Horde shield dragon,371,3,146,1,1,1
15042,3329,Horde biast,180,3,46,1,2,1.5
15045,11399,Hephaistos,3621,3,790,1,1,0.8
15046,108,,3657,3,801,1,1,1
15047,108,,3607,3,789,1,1,1
15048,11517,gorgon,3678,3,65,5,1,1
15049,11399,Hephaistos,3621,3,790,1,1,0.8
15050,108,,3657,3,801,1,1,1
15051,108,,3607,3,789,1,1,1
15052,11517,gorgon,3678,3,65,5,1,1
15053,11405,Illusory Hephaistos,3621,3,790,1,1,0.8
15054,11405,Illusory Hephaistos,3622,3,791,1,1,0.8
15055,11404,suneater,3607,3,789,1,1,1
15056,11404,suneater,3607,3,789,1,1,1
15057,11513,aqueduct dryad,106,3,27,1,5,1
15058,11481,aqueduct odqan,2513,3,26,3,1,3.5
15059,156,gaoler's lantern,1936,3,70,3,2,1
15060,11512,aqueduct sapria,1224,3,5,2,4,0.9
15061,11514,aqueduct belladonna,1270,3,280,1,1,0.8
15062,11510,aqueduct kaluk,2006,3,377,3,2,1.4
15063,11506,Sil'dihn dullahan,121,3,29,1,1,2.5
15064,11515,Sil'dihn armor,2665,3,73,2,2,2.5
15065,108,,476,3,9994,1,1,1
15066,11513,aqueduct dryad,106,3,27,1,5,1
15067,11481,aqueduct odqan,2513,3,26,3,1,3.5
15068,11511,aqueduct udumbara,1936,3,70,3,2,1
15069,11512,aqueduct sapria,1224,3,5,2,4,0.9
15070,11514,aqueduct belladonna,1270,3,280,1,1,0.8
15071,11510,aqueduct kaluk,2006,3,377,3,2,1.4
15072,11506,Sil'dihn dullahan,121,3,29,1,1,2.5
15073,11515,Sil'dihn armor,2665,3,73,2,2,2.5
15074,11995,Cagnazzo,3727,3,811,1,1,0.7
15075,11996,fearsome flotsam,3752,3,90,1,4,1.2
15076,108,,480,0,0,0,1,1
15077,11402,Hephaistos,3644,3,798,1,1,1.3
15078,11406,Illusory Hephaistos,3750,3,798,1,1,0.3
15079,11406,Illusory Hephaistos,3750,3,798,1,1,0.3
15081,514,Sirocco,476,3,9994,1,1,1
15082,11462,parasitos,480,0,0,0,1,1
15083,11462,parasitos,480,0,0,0,1,1
15084,11391,whirlwind,1912,3,272,1,20,1.33
15085,11468,cryptic portal,476,3,9994,1,1,2
15086,12054,Rubicante,3729,3,810,1,1,3.8
15087,11405,Illusory Hephaistos,3622,3,791,1,1,0.8
15090,11521,cherry bomb,427,3,8003,1,1,1
15091,11522,mammet #001,419,3,8001,1,1,1
15092,11523,wayward hatchling,423,3,8002,1,1,1
15093,11524,Cait Sith doll,430,3,8006,1,1,1
15094,11525,baby behemoth,428,3,8004,1,1,1
15095,11526,mammet #003L,420,3,8001,1,2,1
15096,11527,mammet #003G,421,3,8001,1,3,1
15097,11528,mammet #003U,422,3,8001,1,4,1
15098,11529,storm hatchling,424,3,8002,2,1,1
15099,11530,serpent hatchling,425,3,8002,3,1,1
15100,11531,flame hatchling,426,3,8002,4,1,1
15101,11532,morbol seedling,429,3,8005,1,1,1
15102,11533,tiny rat,431,3,8007,1,1,1
15103,11534,baby bun,432,3,8008,1,1,1
15104,11535,chigoe larva,433,3,8009,1,1,1
15105,11536,bluebird,434,3,8010,1,1,0.8
15106,11537,wide-eyed fawn,435,3,8011,1,1,1
15107,11538,infant imp,436,3,8012,1,1,1
15108,11539,coeurl kitten,437,3,8013,1,1,0.85
15109,11540,black coeurl,438,3,8013,1,2,0.75
15110,11541,wind-up gentleman,882,3,8098,1,1,1
15111,11542,gravel golem,440,3,8015,1,1,1
15112,11543,wind-up tonberry,441,3,8016,1,1,1
15113,11544,tiny tortoise,442,3,8017,1,1,1
15114,11545,baby raptor,443,3,8018,1,1,1
15115,11546,baby bat,444,3,8019,1,1,1
15116,11547,tiny bulb,445,3,8020,1,1,1
15117,11548,dust bunny,446,3,8021,1,1,1
15118,11549,wind-up dullahan,447,3,8022,1,1,1
15119,11550,gigantpole,448,3,8023,1,1,1
15120,11551,pudgy puk,449,3,8024,1,1,1
15121,11552,buffalo calf,450,3,8025,1,1,1
15122,11553,cactuar cutting,451,3,8026,1,1,1
15123,11554,smallshell,452,3,8027,1,1,1
15124,11555,wolf pup,453,3,8028,1,1,1
15125,11556,beady eye,454,3,8029,1,1,1
15126,11557,fledgling dodo,455,3,8030,1,1,1
15127,11558,coblyn larva,456,3,8031,1,1,1
15128,11559,wind-up aldgoat,457,3,8032,1,1,0.85
15129,11560,fledgling apkallu,458,3,8033,1,1,1
15130,11561,goobbue sproutling,459,3,8034,1,1,1
15131,11562,bite-sized pudding,460,3,8035,1,1,1
15132,11563,model vanguard,461,3,8036,1,1,1
15133,11564,demon brick,462,3,8037,1,1,1
15134,11565,mini mole,463,3,8038,1,1,1
15135,11566,tender lamb,464,3,8039,1,1,1
15136,11567,slime puddle,465,3,8040,1,1,1
15137,11568,kidragora,466,3,8041,1,1,0.9
15138,11569,wind-up goblin,467,3,8042,1,1,1
15139,11570,wind-up sylph,468,3,8043,1,1,1
15140,11571,wind-up cursor,469,3,8044,1,1,1
15141,11572,wind-up airship,470,3,8045,1,1,1
15142,11573,wind-up Qiqirn,471,3,8046,1,1,0.9
15143,11574,black chocobo chick,505,3,8002,1,2,1
15144,11575,wind-up Dalamud,472,3,8047,1,1,1
15145,11576,minute mindflayer,578,3,8050,1,1,1
15146,11577,tight-beaked parrot,579,3,8051,1,1,0.55
15147,11578,wind-up Amalj'aa,580,3,8052,1,2,1
15148,11579,wind-up Ixal,581,3,8053,1,1,1
15149,11580,wind-up kobold,699,3,8054,1,2,1
15150,11581,wind-up Sahagin,700,3,8055,1,2,1
15151,11582,wind-up brickman,577,3,8049,1,1,1
15152,11583,wind-up Shantotto,527,3,8048,1,1,1
15153,11584,wind-up Edvya,584,3,8056,1,1,1
15154,11585,wind-up sun,585,3,8057,1,1,1
15155,11586,plush cushion,586,3,8058,1,1,1
15157,11588,Minion of Light,587,3,8059,1,1,1
15158,11589,Minion of Light,623,3,8059,2,1,1
15159,11590,Minion of Light,624,3,8059,3,1,1
15161,11592,wind-up Merlwyb,626,3,8061,1,1,1
15162,11593,wind-up Kan-E,627,3,8062,1,1,1
15163,11594,wind-up Raubahn,625,3,8060,1,1,1
15164,11595,princely hatchling,634,3,8002,5,1,1
15165,11596,wind-up Odin,683,3,8064,1,1,0.9
15166,11597,wind-up Warrior of Light,684,3,8065,1,1,0.8
15167,11598,wind-up Bahamut,685,3,8066,1,1,1
15168,11599,wind-up moogle,688,3,8069,1,1,1
15169,11600,baby opo-opo,686,3,8067,1,1,0.6
15170,11601,magic broom,687,3,8068,1,1,1
15171,11602,wind-up succubus,748,3,8071,1,1,0.8
15172,11603,zu hatchling,682,3,8063,1,1,1
15173,11604,wind-up Nanamo,751,3,8074,1,1,0.8
15174,11605,wind-up Gilgamesh,756,3,8079,1,1,1
15175,11606,Onion Prince,742,3,8041,2,1,1
15176,11607,Eggplant Knight,743,3,8041,3,1,1
15177,11608,Garlic Jester,744,3,8041,4,1,1
15178,11609,Tomato King,745,3,8041,5,1,1
15179,11610,Mandragora Queen,746,3,8041,6,1,1
15180,11611,wind-up Y'shtola,750,3,8073,1,1,1
15181,11612,wind-up onion knight,749,3,8072,1,1,1
15182,11613,treasure box,747,3,8070,1,1,1
15183,11614,tiny tapir,754,3,8077,1,1,0.8
15184,11615,Nana bear,752,3,8075,1,1,1
15185,11616,miniature minecart,753,3,8076,1,1,1
15186,11617,nutkin,755,3,8078,1,1,1
15187,11618,wind-up Minfilia,797,3,8081,1,1,1
15188,11619,wind-up Thancred,796,3,8080,1,1,1
15189,11620,model magitek bit,1016,3,8121,1,1,1
15190,11621,puff of Darkness,1017,3,8122,1,1,0.8
15191,11622,naughty nanka,808,3,8092,1,1,1
15192,11623,panda cub,816,3,8075,2,1,1
15193,11624,wind-up Ultros,799,3,8083,1,1,1
15194,11625,Hoary the Snowman,803,3,8087,1,1,1
15195,11626,heavy hatchling,800,3,8084,1,1,1
15196,11627,wind-up Yda,878,3,8094,1,1,1
15197,11628,wind-up Papalymo,879,3,8095,1,1,1
15198,11629,wind-up Urianger,880,3,8096,1,1,1
15199,11630,fat cat,802,3,8086,1,1,1
15200,11631,Littlefoot,801,3,8085,1,1,1
15201,11632,mummy's little mummy,798,3,8082,1,1,1
15202,11633,model Enterprise,887,3,8103,1,1,1
15203,11634,wind-up delivery moogle,809,3,8093,1,1,1
15204,11635,assassin fry,807,3,8091,1,1,1
15205,11636,demon box,805,3,8089,1,1,1
15206,11637,water imp,886,3,8102,1,1,0.6
15207,11638,wind-up Louisoix,881,3,8097,1,1,1
15208,11639,Midgardsormr,883,3,8099,1,1,1
15209,11640,,1069,0,0,0,0,1
15210,11641,Doman magpie,1337,3,8010,2,1,0.8
15211,11642,Enkidu,888,3,8104,1,1,1
15212,11643,wind-up Violet,901,3,8043,1,2,1
15213,11644,wind-up founder,902,3,8052,1,1,1
15214,11645,wind-up Dezul Qualan,903,3,8053,2,1,1
15215,11646,wind-up kobolder,582,3,8054,1,1,1
15216,11647,wind-up Sea Devil,583,3,8055,1,1,1
15217,11648,chocobo chick courier,990,3,8119,1,1,1
15218,11649,wind-up Kain,989,3,8118,1,1,0.8
15219,11650,wind-up Alphinaud,884,3,8100,1,1,1
15220,11651,wind-up Alisaie,885,3,8101,1,1,1
15221,11652,wind-up Tataru,892,3,8108,1,1,1
15222,11653,wind-up Cid,891,3,8107,1,1,1
15223,11654,unicolt,890,3,8106,1,1,1
15224,11655,wind-up Gundu warrior,889,3,8105,1,1,1
15225,11656,atrophied Atomos,894,3,8110,1,1,1
15226,11657,owlet,893,3,8109,1,1,1
15227,11658,ugly duckling,899,3,8115,1,1,0.9
15228,11659,gaelikitten,988,3,8117,1,1,1
15229,11660,clockwork barrow,896,3,8112,1,1,1
15230,11661,lesser panda,895,3,8111,1,1,0.7
15231,11662,page 63,900,3,8116,1,1,1
15232,11663,iron dwarf,898,3,8114,1,1,1
15233,11664,griffin hatchling,897,3,8113,1,1,0.9
15234,11665,wind-up Iceheart,1165,3,8125,1,1,1
15235,11666,Gestahl,1166,3,8126,1,1,1
15236,11667,steam-powered gobwalker G-VII,1164,3,8124,1,1,1
15237,11668,behemoth heir,1162,3,8004,2,1,1
15238,11669,accompaniment node,1163,3,8123,1,1,1
15239,11670,wind-up Yugiri,1167,3,8128,1,1,1
15240,11671,Peridot Carbuncle,1168,3,8129,1,1,0.8
15241,11672,Heliodor Carbuncle,1068,3,8129,1,2,0.8
15243,11674,gold rush minecart,1212,3,8076,1,2,1
15244,11675,set of Primogs,991,3,8120,1,1,0.5
15245,11676,wind-up Gnath,1169,3,8130,1,1,1
15246,11677,paissa brat,1170,3,8131,1,1,1
15247,11678,wind-up Illuminatus,1171,3,8132,1,1,0.9
15248,11679,Pumpkin Butler,1172,3,8133,1,1,1
15249,11680,wind-up Echidna,1322,3,8143,1,1,1
15250,11681,wind-up Relm,1176,3,8137,1,1,1
15251,11682,hunting hawk,1173,3,8134,1,1,1
15252,11683,shalloweye,1174,3,8135,1,1,1
15253,11684,penguin prince,1175,3,8136,1,1,1
15254,11685,clockwork Twintania,1319,3,8140,1,1,1
15255,11686,korpokkur kid,1320,3,8141,1,1,1
15256,11687,wind-up Firion,1321,3,8142,1,1,1
15257,11688,wind-up Ifrit,1318,3,8139,1,1,1
15258,11689,wind-up Garuda,1330,3,8144,1,1,0.9
15259,11690,wind-up Titan,1331,3,8145,1,1,1
15260,11691,wind-up Leviathan,1332,3,8146,1,1,1
15261,11692,wind-up Zundu warrior,1423,3,8105,1,2,1
15262,11693,wind-up Haurchefant,1334,3,8148,1,1,1
15263,11694,wind-up Nero tol Scaeva,1335,3,8149,1,1,1
15264,11695,wind-up Vath,1343,3,8130,2,1,1
15265,11696,faustlet,1458,3,8169,1,1,1
15266,11697,dress-up Y'shtola,1333,3,8147,1,1,1
15267,11698,Calca,1461,3,8172,1,1,1
15268,11699,Brina,1462,3,8172,1,2,1
15269,11700,morpho,1459,3,8170,1,1,0.8
15270,11701,Poro Roggo,1466,3,8176,1,1,1
15271,11702,spoony bard,1484,3,8181,1,1,1
15272,11703,Fenrir pup,1467,3,8177,1,1,1
15273,11704,wind-up dragonet,1463,3,8173,1,1,1
15274,11705,wind-up Ramuh,1544,3,8184,1,1,0.9
15275,11706,wind-up Shiva,1545,3,8185,1,1,0.9
15276,11707,Piggy,1465,3,8175,1,1,1
15277,11708,magic bucket,1464,3,8174,1,1,1
15278,11709,calamari,1469,3,8179,1,1,1
15279,11710,baby brachiosaur,1470,3,8180,1,1,1
15280,11711,wind-up cheerleader,1468,3,8178,1,1,1
15281,11712,wind-up Krile,1336,3,8150,1,1,1
15282,11713,wind-up Aymeric,1547,3,8187,1,1,1
15283,11714,pegasus colt,1650,3,8199,1,1,1
15284,11715,wind-up Calofisteri,1546,3,8186,1,1,1
15285,11716,wind-up sasquatch,1386,3,8152,1,1,1
15286,11717,dwarf rabbit,1387,3,8153,1,1,1
15287,11718,hecteye,1385,3,8151,1,1,1
15288,11719,Taoist moogle,1548,3,8188,1,1,1
15289,11720,Jibanyan,1390,3,8156,1,1,1
15290,11721,Komasan,1391,3,8157,1,1,1
15291,11722,Whisper,1392,3,8158,1,1,1
15292,11723,Blizzaria,1393,3,8159,1,1,1
15293,11724,Kyubi,1394,3,8160,1,1,1
15294,11725,Komajiro,1395,3,8161,1,1,1
15295,11726,Manjimutt,1396,3,8162,1,1,1
15296,11727,Noko,1397,3,8163,1,1,1
15297,11728,Venoct,1398,3,8164,1,1,1
15298,11729,Shogunyan,1399,3,8165,1,1,1
15299,11730,Hovernyan,1400,3,8166,1,1,1
15300,11731,Robonyan F-type,1401,3,8167,1,1,1
15301,11732,USApyon,1402,3,8168,1,1,1
15302,11733,,1645,0,0,0,0,1
15303,11734,Namingway,1614,3,8192,1,1,1
15304,11735,toy Alexander,1618,3,8196,1,1,1
15305,11736,shaggy shoat,1615,3,8193,1,1,1
15306,11737,dress-up Thancred,1616,3,8194,1,1,1
15307,11738,dress-up Alisaie,1617,3,8195,1,1,1
15308,11739,wind-up Edda,1626,3,8198,1,1,1
15309,11740,wind-up Yuna,1611,3,8189,1,1,1
15310,11741,wind-up Rikku,1612,3,8190,1,1,1
15311,11742,wind-up Lulu,1613,3,8191,1,1,1
15313,11744,wind-up Moenbryda,1651,3,8200,1,1,1
15314,11745,Continental eye,1769,3,8029,2,1,1
15315,11746,bullpup,1690,3,8201,1,1,1
15316,11747,angel of mercy,1691,3,8202,1,1,1
15317,11748,wind-up Estinien,1693,3,8204,1,1,1
15318,11749,wind-up Hraesvelgr,1694,3,8205,1,1,1
15319,11750,Gigi,1695,3,8206,1,1,1
15320,11751,anima,1697,3,8208,1,1,1
15321,11752,wind-up Scathach,1782,3,8210,1,1,1
15322,11753,wind-up Nidhogg,1783,3,8211,1,1,1
15323,11754,hellpup,1791,3,8219,1,1,1
15324,11755,wind-up Ohl Deeh,1856,3,8173,1,2,1
15325,11756,wind-up moon,1855,3,8057,1,2,1
15326,11757,castaway chocobo chick,1696,3,8207,1,1,1
15327,11758,wind-up Bartz,1692,3,8203,1,1,1
15328,11759,wind-up red mage,1698,3,8209,1,1,1
15329,11760,faepup,1859,3,8219,1,2,1
15330,11761,odder otter,1786,3,8214,1,1,1
15331,11762,fox kit,1784,3,8212,1,1,1
15332,11763,Tora-jiro,1785,3,8213,1,1,1
15333,11764,tiny tatsunoko,1787,3,8215,1,1,1
15334,11765,bombfish,1790,3,8218,1,1,1
15335,11766,Bom Boko,1788,3,8216,1,1,1
15336,11767,road sparrow,1789,3,8217,1,1,1
15337,11768,wind-up Lyse,1824,3,8220,1,1,1
15338,11769,dress-up Yugiri,1825,3,8221,1,1,1
15339,11770,wind-up Gosetsu,1826,3,8222,1,1,1
15340,11771,wind-up Yotsuyu,1827,3,8223,1,1,1
15341,11772,mock-up Grynewaht,1828,3,8224,1,1,1
15342,11773,wind-up Namazu,1830,3,8226,1,1,1
15343,11774,Ivon Coeurlfist doll,1831,3,8227,1,1,1
15344,11775,wind-up chimera,1832,3,8228,1,1,1
15345,11776,wind-up meateater,1833,3,8229,1,1,1
15346,11777,magitek avenger F1,1834,3,8230,1,1,1
15347,11778,Ghido,1895,3,8231,1,1,1
15348,11779,wind-up Exdeath,1896,3,8232,1,1,1
15349,11780,wind-up Khloe,1897,3,8233,1,1,1
15350,11781,wind-up Susano,1898,3,8234,1,1,1
15351,11782,wind-up Lakshmi,1899,3,8235,1,1,1
15352,11783,wind-up Bismarck,1968,3,8236,1,1,1
15353,11784,wind-up Hien,1978,3,8237,1,1,1
15354,11785,wind-up Ravana,1979,3,8238,1,1,1
15355,11786,wind-up Kojin,1980,3,8239,1,1,1
15356,11787,mameshiba,1981,3,8240,1,1,1
15357,11788,tengu doll,1982,3,8241,1,1,1
15358,11789,wind-up Matanga,1983,3,8242,1,1,1
15359,11790,wind-up Ramza,2046,3,8243,1,1,1
15360,11791,koala joey,2066,3,8244,1,1,1
15361,11792,salt & pepper seal,2067,3,8245,1,1,1
15362,11793,axolotl eft,2068,3,8246,1,1,1
15363,11794,wind-up Ixion,2069,3,8247,1,1,1
15364,11795,wind-up Shinryu,2124,3,8248,1,1,1
15365,11796,dress-up Raubahn,2120,3,8249,1,1,1
15366,11797,wind-up Ananta,2232,3,8250,1,2,1
15367,11798,private moai,2140,3,8251,1,1,1
15368,11799,white whittret,2141,3,8252,1,1,1
15369,11800,motley egg,2142,3,8253,1,1,1
15370,11801,wind-up Kefka,2143,3,8254,1,1,1
15371,11802,wind-up Magnai,2144,3,8255,1,1,1
15372,11803,aurelia polyp,2155,3,8256,1,1,1
15373,11804,Byakko cub,2156,3,8257,1,1,1
15374,11805,wind-up Fafnir,2157,3,8258,1,1,1
15375,11806,wind-up Mithra,2168,3,8259,1,1,1
15376,11807,the Prince of Anemos,2169,3,8260,1,1,1
15377,11808,komainu,2170,3,8261,1,1,1
15378,11809,the Gold Whisker,2221,3,8226,1,2,1
15379,11810,monkey king,2238,3,8262,1,1,1
15380,11811,clockwork lantern,2239,3,8263,1,1,1
15381,11812,frilled dragon,2240,3,8264,1,1,1
15382,11813,wind-up Cirina,2241,3,8265,1,1,1
15383,11814,wind-up Sadu,2242,3,8266,1,1,1
15384,11815,copycat bulb,2243,3,8267,1,1,1
15385,11816,wind-up Tarutaru,2244,3,8268,1,1,1
15386,11817,wind-up Tsukuyomi,2245,3,8269,1,1,1
15387,11818,wind-up Zhloe,2246,3,8270,1,1,1
15388,11819,Construct 8,2247,3,8271,1,1,1
15389,11820,Palico,2284,3,8272,1,1,0.7
15390,11821,Poogie,2285,3,8273,1,1,0.8
15391,11822,attendee #777,2310,3,8226,2,1,1
15392,11823,scarlet peacock,2327,3,8276,1,1,1
15393,11824,wind-up Alpha,2324,3,8274,1,1,1
15394,11825,OMG,2328,3,8277,1,1,1
15395,11826,wind-up G'raha Tia,2329,3,8278,1,1,1
15396,11827,Little Yin,2325,3,8275,1,1,1
15397,11828,Little Yang,2326,3,8275,2,1,1
15398,11829,wind-up Cloud,2330,3,8279,1,1,1
15399,11830,wind-up Aerith,2331,3,8280,1,1,1
15400,11831,wind-up Tifa,2332,3,8281,1,1,1
15401,11832,mudpie,2341,3,8282,1,1,1
15402,11833,bridesmoogle,2344,3,8285,1,1,1
15403,11834,wind-up Elvaan,2343,3,8284,1,1,0.9
15404,11835,dhalmel calf,1388,3,8154,1,1,1
15405,11836,capybara pup,2342,3,8283,1,1,1
15406,11837,baby gremlin,2411,3,8286,1,1,0.71
15407,11838,Conditional Virtue,2418,3,8293,1,1,1
15408,11839,yukinko snowflake,2417,3,8292,1,1,1
15409,11840,dress-up Tataru,2413,3,8288,1,1,1
15410,11841,wind-up weapon,2416,3,8291,1,1,1
15411,11842,wind-up Qalyana,2139,3,8250,1,1,1
15412,11843,wind-up Redback,2543,3,8239,1,3,1
15413,11844,minitek conveyor,2415,3,8290,1,1,1
15414,11845,wind-up Fran,2412,3,8287,1,1,1
15415,11846,wind-up Nu Mou,2441,3,8294,1,1,1
15416,11847,Seitei,2414,3,8289,1,1,1
15417,11848,zephyrous zabuton,2443,3,8058,2,1,1
15418,11849,abroader otter,2444,3,8297,1,1,1
15419,11850,hedgehoglet,2442,3,8295,1,1,1
15420,11851,brave new Y'shtola,2485,3,8299,1,1,1
15421,11852,wind-up Ryne,2486,3,8300,1,1,1
15422,11853,black hayate,2483,3,8240,2,1,1
15423,11854,chameleon,2484,3,8298,1,1,1
15424,11855,wind-up Fuath,2490,3,8301,1,1,1
15425,11856,armadillo bowler,2492,3,8303,1,1,1
15426,11857,the Great Serpent of Ronka,2493,3,8304,1,1,1
15427,11858,micro gigantender,2491,3,8302,1,1,1
15428,11859,clionid larva,2494,3,8305,1,1,1
15429,11860,bitty duckbill,2495,3,8306,1,1,1
15430,11861,Eden Minor,2566,3,8309,1,1,1
15431,11862,giant beaver,2564,3,8307,1,1,1
15432,11863,wind-up Suzaku,2565,3,8308,1,1,1
15433,11864,wind-up Omega-M,2567,3,8310,1,1,1
15434,11865,wind-up Omega-F,2568,3,8311,1,1,1
15435,11866,tinker's bell,1829,3,8225,1,1,1
15436,11867,tiny echevore,2602,3,8312,1,1,1
15437,11868,sharksucker-class insubmersible,2603,3,8313,1,1,1
15438,11869,shoebill,2604,3,8314,1,1,1
15439,11870,butterfly effect,2605,3,8315,1,1,1
15440,11871,ironfrog ambler,2606,3,8316,1,1,1
15441,11872,forgiven hate,2607,3,8317,1,1,1
15442,11873,bacon bits,2741,3,8318,1,1,1
15443,11874,wind-up pixie,2742,3,8319,1,1,1
15444,11875,mystic weapon,2756,3,8321,1,1,1
15445,11876,meerkat,2755,3,8320,1,1,1
15446,11877,miniature white knight,2773,3,8322,1,1,1
15447,11878,Cute Justice,2774,3,8323,1,1,1
15448,11879,domakin,2775,3,8324,1,1,1
15449,11880,dress-up Estinien,2801,3,8326,1,1,1
15450,11881,little leannan,2800,3,8325,1,1,1
15451,11882,wind-up hobgoblin,2802,3,8327,1,1,1
15452,11883,Cerberpup,2803,3,8328,1,1,1
15453,11884,pod 054,2818,3,8329,1,1,1
15454,11885,pod 316,2819,3,8329,1,2,1
15455,11886,sungold Talos,2855,3,8330,1,1,1
15456,11887,Malone,2856,3,8331,1,1,1
15457,11888,little leafman,2857,3,8332,1,1,1
15458,11889,the Behelmeted Serpent of Ronka,2890,3,8333,1,1,1
15459,11890,the Behatted Serpent of Ronka,2891,3,8333,2,1,1
15460,11891,silver dasher,2858,3,8217,2,1,1
15461,11892,paissa patissier,2892,3,8334,1,1,1
15462,11893,paissa threadpuller,2893,3,8334,2,1,1
15463,11894,ancient one,2894,3,8335,1,1,0.9
15464,11895,the Major-General,2895,3,8336,1,1,1
15465,11896,wind-up Dulia-Chai,2896,3,8337,1,1,1
15466,11897,amaro hatchling,2897,3,8338,1,1,1
15467,11898,Laladile,2898,3,8339,1,1,1
15468,11899,unlucky rabbit,2899,3,8340,1,1,1
15469,11900,Lalinator 5.H0,2977,3,8341,1,1,1
15470,11901,wind-up Mystel,2978,3,8342,1,1,1
15471,11902,wind-up Ardbert,2979,3,8343,1,1,1
15472,11903,magitek helldiver F1,2980,3,8344,1,1,1
15473,11904,weatherproof gaelicat,2981,3,8345,1,1,1
15474,11905,ephemeral necromancer,2982,3,8346,1,1,1
15475,11906,Allagan melon,2983,3,8347,1,1,1
15476,11907,sand fox,2984,3,8348,1,1,1
15477,11908,petit pteranodon,2985,3,8349,1,1,1
15478,11909,Dáinsleif F1,2986,3,8350,1,1,1
15479,11910,Lord Enma,2987,3,8351,1,1,1
15480,11911,Lord Ananta,2988,3,8352,1,1,1
15481,11912,Zazel,2989,3,8353,1,1,1
15482,11913,Damona,2990,3,8354,1,1,1
15483,11914,2B automaton,2991,3,8355,1,1,1
15484,11915,2P automaton,2992,3,8355,2,1,1
15485,11916,much-coveted Mora,3032,3,8356,1,1,1
15486,11917,Syldrion-class insubmersible,3033,3,8357,1,1,1
15487,11918,wind-up Gaia,3034,3,8358,1,1,1
15488,11919,wind-up Palom,3035,3,8359,1,1,1
15489,11920,wind-up Porom,3036,3,8360,1,1,1
15490,11921,wind-up Edge,3037,3,8361,1,1,1
15491,11922,wind-up Rydia,3038,3,8362,1,1,1
15492,11923,wind-up Rosa,3039,3,8363,1,1,1
15493,11924,Save the Princess,3040,3,8364,1,1,1
15494,11925,Drippy,3106,3,8365,1,1,1
15495,11926,Trike,3107,3,8366,1,1,1
15496,11927,golden beaver,3156,3,8307,1,2,1
15497,11928,gull,3108,3,8367,1,1,1
15498,11929,anteater,3109,3,8368,1,1,1
15499,11930,dolphin calf,3110,3,8369,1,1,1.2
15500,11931,magitek predator F1,3111,3,8370,1,1,1
15501,11932,Senorita Sabotender,3152,3,8371,1,1,0.8
15502,11933,Benben stone,3153,3,8372,1,1,1
15503,11934,wanderer's campfire,3154,3,8373,1,1,1
15504,11935,smaller stubby,3155,3,8374,1,1,1
15505,11936,wind-up Lyna,3214,3,8375,1,1,1
15506,11937,wind-up Runar,3215,3,8376,1,1,1
15507,11938,wind-up Gunnhildr,3216,3,8377,1,1,1
15508,11939,9S automaton,3217,3,8378,1,1,1
15509,11940,wind-up Rudy,3218,3,8379,1,1,1
15510,11941,squirrel emperor,3219,3,8380,1,1,1
15511,11942,Flag,3220,3,8381,1,1,1
15512,11943,wee Ea,3221,3,8382,1,1,0.7
15513,11944,wind-up Magus Sisters,3222,3,8383,1,1,0.5
15514,11945,optimus Omicron,3223,3,8384,1,1,1
15515,11946,wind-up Anima,3224,3,8385,1,1,1
15516,11947,starbird,3523,3,8386,2,1,1
15517,11948,Nagxian cat,3226,3,8387,1,1,1
15518,11949,brave new Urianger,3227,3,8388,1,1,1
15519,11950,wind-up Vrtra,3228,3,8389,1,1,1
15520,11951,hippo calf,3350,3,8390,1,1,1
15521,11952,crabe de la crabe,3351,3,8391,1,1,1
15522,11953,Prince Lunatender,3352,3,8392,1,1,1
15523,11954,tiny troll,3353,3,8393,1,1,1
15524,11955,Caduceus,3354,3,8394,1,1,1.5
15525,11956,adventure basket,3355,3,8395,1,1,1
15526,11957,Golden Dhyata,3356,3,8396,1,1,1
15527,11958,greener gleaner,3357,3,8397,1,1,1
15528,11959,wind-up Grebuloff,3358,3,8398,1,1,1
15529,11960,nosferatu,3359,3,8399,1,1,1
15530,11961,wind-up herois,3360,3,8400,1,1,1
15531,11962,wind-up Daivadipa,3361,3,8401,1,1,1
15532,11963,royal lunatender,3481,3,8392,1,2,1
15533,11964,wind-up Arkasodara,3555,3,8402,1,1,1
15534,11965,wind-up kangaroo,3556,3,8403,1,1,1
15535,11966,protonaught,3557,3,8404,1,1,1
15536,11967,teacup Kapikulu,3558,3,8405,1,1,0.8
15537,11968,Chewy,3559,3,8406,1,1,1
15538,11969,clockwork Novus D,3560,3,8407,1,1,0.7
15539,11970,hatching bunny,3561,3,8408,1,1,1
15540,11971,wind-up Azeyma,3562,3,8409,1,1,1
15541,11972,wind-up Ragnarok,3563,3,8410,1,1,0.8
15542,11973,blue-footed booby,3564,3,8411,1,1,1
15543,11974,wind-up PuPu,3565,3,8412,1,1,1
15544,11975,clockwork Solus,3566,3,8413,1,1,1
15545,11976,felicitous fuzzball,3627,3,8414,1,1,0.9
15546,11977,lumini,3628,3,8415,1,1,1
15547,11978,clockwork crimson chaser,3629,3,8416,1,1,1
15548,11979,clockwork cerulean chaser,3630,3,8416,1,2,1
15549,11980,wind-up Scarmiglione,3681,3,8417,1,1,1
15550,11981,Ryunosuke,3682,3,8418,1,1,1
15551,11982,pterosquirrel,3683,3,8419,1,1,1
15552,11983,sponge silkie,3684,3,8420,1,1,1
15553,11984,sewer skink,3685,3,8421,1,1,1
15554,11985,wind-up philos,3686,3,8422,1,1,1
15555,11986,wind-up Erichthonios,3687,3,8423,1,1,1
15562,108,,3728,3,583,2,1,1
15563,11994,Aery yellow dragon,3660,3,528,4,1,2.4
15572,3321,Horde wyvern,659,3,60,1,3,1
15573,3321,Horde wyvern,659,3,60,1,3,1
15574,3326,Horde aevis,377,3,150,1,1,1
15575,3326,Horde aevis,377,3,150,1,1,1
15576,11463,forgotten drakefather,3674,3,46,1,3,4
15577,11464,forgotten drakemother,3674,3,46,1,3,3
15578,11465,forgotten drakebrother,3674,3,46,1,3,2
15579,11466,forgotten drakesister,3674,3,46,1,3,1.25
15580,11467,forgotten drakeling,3674,3,46,1,3,0.75
15581,11519,aqueduct golem,83,3,21,1,3,2
15582,11520,aqueduct snurble,266,3,81,1,1,4
15583,12062,Althyk,3758,3,823,1,1,2.8
15584,12061,Nymeia,3759,3,824,1,1,1.32
15585,12094,Albus canis lupinus,161,3,41,1,3,2
15586,12081,caladrius,3700,3,60,3,6,0.5
15587,11525,baby behemoth,1577,3,352,3,1,1.1
15588,12095,visitant taurus,365,3,143,1,1,2
15589,12020,gymnasiou souchos,567,3,172,1,1,1.3
15590,12021,lampas chrysine,98,3,25,1,1,2
15591,12022,gymnasiou mandragoras,177,3,45,1,2,1.5
15592,12099,Hamlyn,2778,3,85,3,2,2
15593,12082,Galatea Parva,3824,2,1027,7,1,2
15594,12088,visitant bloodguard,1751,3,285,1,2,1.7
15595,12087,Albus serpent,1905,3,65,2,3,1.5
15596,12086,Albus craklaw,1719,3,385,1,1,1
15597,12084,visitant monk,1522,3,314,2,2,1.2
15598,12085,visitant vodoriga,363,3,141,1,1,1
15599,12083,visitant satana,3726,3,16,3,1,2
15600,3329,Horde biast,180,3,46,1,2,1.5
15601,3329,Horde biast,180,3,46,1,2,1.5
15612,12100,Excalibur,3756,3,821,1,1,3.4
15613,12101,Caliburnus,3783,3,472,2,2,1
15614,11992,Albion,3757,3,822,1,1,2.3
15615,108,,161,3,41,1,3,1.2
15616,108,,870,3,176,1,3,1
15617,108,,199,3,54,1,2,1.5
15618,108,,951,3,35,3,1,1
15619,12060,wild beasts,480,0,0,0,1,1
15620,108,,476,3,9994,1,1,2
15621,9363,G'raha Tia,3784,1,701,1,1,1
15622,108,,476,3,9994,1,1,3.5
15623,12045,Suprae-Lugae,3754,3,98,4,1,1.2
15624,12043,Hildibrand,3769,1,301,1,1,1
15625,12046,hired thug,3506,1,0,1,1,1
15626,12047,hired thug,3506,1,0,1,1,1
15627,12048,hired thug,3506,1,0,1,1,1
15628,108,,3236,3,176,5,2,1
15631,12269,ball of levin,1015,3,156,1,29,1
15632,12052,missile,2181,3,472,1,1,1
15633,12250,euphrosynos behemoth,165,3,42,1,1,1.6
15634,12251,euphrosynos ktenos,2885,3,238,4,1,1.5
15635,12252,euphrosynos gigantoad,126,3,30,1,1,1.5
15636,12253,euphrosynos werewood,1949,3,392,1,2,1.2
15637,12254,euphrosynos dhruva,1988,3,417,1,3,0.7
15638,12255,euphrosynos colossus,3721,3,264,2,2,2
15639,4954,Hraesvelgr,3800,3,755,1,1,1
15640,12247,Proto-Kaliya,3830,3,70,2,1,1.25
15641,12248,weapons drone,766,3,211,1,1,1
15642,12073,voidcrystal,829,3,105,3,1,1
15643,12246,aeturna,3512,3,177,7,1,1.75
15644,12316,Allagan crystal,3801,3,204,10,1,1.5
15645,12263,Twintania's clone,3828,3,60,2,1,1.2
15646,12264,biting wind,3764,3,272,1,41,1
15647,12079,rock of Albus,1293,3,42,5,1,1.1
15648,12080,Albus bear,870,3,176,1,3,1.3
15649,108,,27,3,2,2,3,2
15650,108,,863,3,15,1,2,0.8
15651,12102,Administrator,3781,3,529,3,1,1.8
15652,12103,interceptor α,830,3,105,4,1,1
15653,12104,interceptor β,829,3,105,3,1,1
15654,12105,interceptor γ,316,3,105,1,1,1
15655,11997,gymnasiou leon,1846,3,415,1,1,1.7
15656,11998,gymnasiou leon mikros,1845,3,415,1,3,1
15657,11999,gymnasiou tigris,1437,3,177,1,3,2.3
15658,12000,gymnasiou tigris mikra,575,3,177,1,1,1.4
15659,12001,gymnasiou pithekos,1479,3,238,3,2,2
15660,12002,gymnasiou pithekos mikros,1439,3,238,2,1,1.4
15661,12003,gymnasiou satyros,3184,3,386,2,1,1.5
15662,12004,gymnasiou elaphos,3258,3,15,3,1,1.6
15663,12005,the storm's grip,1433,3,272,1,4,1
15664,12006,gymnasiou triton,3809,3,49,3,1,1.9
15665,12007,gymnasiou echeneis,2676,3,590,1,1,2
15666,12008,bubble,737,3,156,1,13,1
15667,12009,gymnasiou megakantha,3810,3,397,1,1,0.8
15668,12285,wind-up Cagnazzo,480,0,0,0,1,1
15669,12010,gymnasiou akantha,35,3,5,1,2,1.1
15670,12011,gymnasiou sinapi,3458,3,55,7,1,1.3
15671,12012,gymnasiou styphnolobion,2476,3,146,5,1,1
15672,12013,gymnasiou hippogryph,133,3,33,1,1,2.3
15673,12014,gymnasiou meganereis,1346,3,296,1,1,1.5
15674,12015,gymnasiou nereis,1870,3,296,2,1,0.5
15675,12016,gymnasiou sphinx,3275,3,236,3,2,2.1
15676,12017,gymnasiou gryps,1525,3,236,1,4,1
15677,12018,verdant plume,1957,3,93,1,7,1.3
15678,12019,gymnasiou acheloios,1681,3,183,5,1,2
15679,12020,gymnasiou souchos,1509,3,39,6,1,1
15680,12021,lampas chrysine,3719,3,83,1,8,9
15681,12022,gymnasiou mandragoras,2438,3,88,1,1,9.5
15682,12023,gymnasiou korrigan,1046,3,88,1,2,2.8
15683,12024,lyssa chrysine,3725,3,538,2,2,2
15684,12025,ice pillar,764,3,204,1,1,2
15685,12026,Phaethon,3724,3,407,1,4,0.7
15686,12027,phantasmal Phaethon,3724,3,407,1,4,0.6
15687,12028,ball of fire,3170,3,653,1,8,1.5
15688,12029,Narkissos,3722,3,277,4,3,1
15689,12030,Hippomenes,3718,3,66,1,3,1.8
15690,12031,ball of levin,3292,3,653,1,10,1.7
15691,12032,ephemeral observer,2894,3,8335,1,1,4
15692,12033,kalypso,3761,3,61,3,1,2.5
15693,12034,gymnasiou lampas,3719,3,83,1,8,3
15694,12035,gymnasiou lyssa,3725,3,538,2,2,1.5
15695,12036,gymnastic onion,757,3,88,2,1,2.8
15696,12037,gymnastic eggplant,758,3,88,3,1,2.8
15697,12038,gymnastic garlic,759,3,88,4,1,2.8
15698,12039,gymnastic tomato,760,3,88,5,1,2.8
15699,12040,gymnastic queen,761,3,88,6,1,2.8
15700,12240,Gancanagh,3780,3,88,10,1,6
15701,12241,pachypodium mine,3517,3,88,9,1,5
15702,12078,caladrius maturus,3700,3,60,3,6,1.1
15703,12097,suspect sylph,7,2,1005,1,1,1.2
15704,12098,egg runner,221,3,59,1,1,5
15706,12097,suspect sylph,480,0,0,0,1,1
15707,108,,480,0,0,0,1,1
15708,7695,Omega,3771,3,110,1,1,0.9
15709,7696,rocket punch,2374,3,114,5,1,1.5
15710,7697,rocket punch,2375,3,114,6,1,1.5
15711,12052,missile,2374,3,114,5,1,8
15712,7635,Omega,3772,3,513,1,1,3
15713,7635,Omega,3773,3,514,1,1,3
15714,7633,Omega-M,3772,3,513,1,1,3
15715,7634,Omega-F,3773,3,514,1,1,3
15716,7640,optical unit,480,0,0,0,1,1
15717,7636,Omega,3775,3,515,1,1,1.4
15718,7637,left arm unit,2379,3,524,2,1,1.4
15719,7638,right arm unit,2378,3,524,1,1,1.4
15720,12257,Omega-M,3802,3,513,2,1,3
15721,12257,Omega-M,3802,3,513,2,1,3
15722,12258,Omega-F,3803,3,514,2,1,3
15723,7639,rear power unit,2380,3,525,1,1,1.4
15724,7695,Omega,3771,3,110,1,1,0.9
15725,12256,Alpha Omega,3524,3,771,1,1,0.8
15726,12259,cosmo meteor,3417,3,213,1,1,1
15727,12260,cosmo comet,819,3,213,1,2,1
15728,12063,Menphina,3787,2,1065,1,1,3.15
15729,12066,Furcas,3851,3,196,2,1,1.5
15730,12067,visitant voidskipper,1415,3,11,1,3,1.8
15731,12349,Haam Forlorn,690,3,55,2,1,1
15732,12069,visitant persona,717,2,1014,4,1,1.6
15733,12070,visitant dahak,228,3,62,1,1,1.1
15734,12071,Andromalius,3855,3,330,2,1,2
15735,12067,visitant voidskipper,1415,3,11,1,3,1.8
15736,12067,visitant voidskipper,1415,3,11,1,3,1.8
15737,12072,visitant ogre,187,3,49,1,1,1.2
15738,12230,Orthos zaghnal,717,2,1014,4,1,1.5
15739,12080,Albus bear,717,2,1014,4,1,1.5
15740,12073,voidcrystal,1000,3,252,1,1,0.35
15741,12074,voidcluster,1000,3,252,1,1,0.6
15744,12077,Zero,3653,1,201,1,1,1.08
15745,12065,Nophica,3770,2,1063,1,1,3.2
15746,4808,Ziggy,1426,3,316,1,1,0.9
15747,4810,stardust,1450,3,323,1,1,1
15749,12057,Rubicante mirage,3807,3,810,1,2,3.8
15750,12059,circle of purgatory,3767,3,827,1,1,1
15751,7670,mining drone,3768,3,827,1,2,1
15752,12280,greater flamesent,3753,3,25,3,1,25
15753,12056,flamesent,3753,3,25,3,1,13
15754,12056,flamesent,3753,3,25,3,1,13
15755,12056,flamesent,3753,3,25,3,1,13
15756,12054,Rubicante,3729,3,810,1,1,3.8
15758,12057,Rubicante mirage,3807,3,810,1,2,3.8
15759,12059,circle of purgatory,3767,3,827,1,1,1
15760,12059,circle of purgatory,3768,3,827,1,2,1
15761,12280,greater flamesent,3753,3,25,3,1,25
15762,12056,flamesent,3753,3,25,3,1,13
15763,12056,flamesent,3753,3,25,3,1,13
15764,12056,flamesent,3753,3,25,3,1,13
15765,12058,circle of purgatory,3703,3,272,1,35,1
15766,12058,circle of purgatory,3704,3,272,1,36,1
15767,12058,circle of purgatory,3705,3,272,1,37,1
15768,108,,3765,3,272,1,42,1
15769,12111,Orthos dahak,3766,3,272,1,43,1
15770,12242,Tiamat's clone,3778,3,755,3,1,1
15771,12243,dark wanderer,3782,3,253,1,5,2
15772,12265,servomechanical chimera 14X,3813,3,53,3,1,1
15773,12266,cacophony,389,3,156,1,1,1
15774,6091,Kageyama,1920,1,901,1,1,1.2
15775,12278,clockwork yojimbo,3776,3,408,4,1,3.5
15776,12279,clockwork onmyoji,3777,3,408,5,1,3.5
15777,12267,servomechanical minotaur 16,3814,3,58,9,1,1
15778,12268,ball of levin,3292,3,653,1,10,1.3
15779,3822,Igeyorhm,3789,1,101,1,1,2
15780,2143,Lahabrea,3789,1,101,1,1,2
15781,12292,frozen star,3763,3,653,1,18,1.5
15782,12293,burning star,3762,3,653,1,17,1.5
15783,3823,Ascian prime,1047,3,103,2,1,3.8
15784,12292,frozen star,3763,3,653,1,18,1.5
15785,12293,burning star,3762,3,653,1,17,1.5
15786,12296,Igeyorhm's shade,3789,1,101,1,1,2
15787,12295,Lahabrea's shade,3789,1,101,1,1,2
15788,12294,arcane sphere,3831,3,273,1,34,3.5
15789,12064,Halone,3755,3,820,1,1,3.7
15790,12297,glacial spear,3806,3,204,5,3,3.5
15791,12297,glacial spear,3806,3,204,5,3,4
15792,12312,Pero Roggo,1211,3,89,1,2,1
15793,12312,Pero Roggo,1211,3,89,1,2,1
15795,4392,Obsidian Carbuncle,414,3,7002,1,6,1
15796,4392,Obsidian Carbuncle,414,3,7002,1,6,1
15812,12319,onion knight demiclone,7,2,1005,1,1,1.2
15813,12155,orthonaga,7,2,1005,1,1,1.2
15814,12106,undead Orthos dragon,232,3,63,2,1,1
15815,12107,Orthos Thanatos,605,3,29,1,6,1.25
15816,12108,Orthos succubus,18,2,1016,1,1,1.25
15817,12109,Orthos behemoth,165,3,42,1,1,0.75
15818,12110,Orthos grenade,101,3,26,1,2,3
15819,12111,Orthos dahak,228,3,62,1,1,1.5
15820,12112,Orthos imp,63,3,16,1,1,1.5
15821,12113,Orthos demon,19,2,1017,1,1,1.25
15822,12114,Orthos fachan,167,3,43,1,1,1.25
15823,12115,Orthos vassago,638,3,57,1,6,1
15824,12116,Orthos bhoot,602,3,182,1,2,1
15825,12117,orthoiron claw,332,3,114,1,2,1
15826,12118,Orthos water sprite,385,3,153,1,5,1
15827,12122,orthosoldier,387,3,154,1,1,1.25
15828,12121,Orthos microsystem,320,3,105,2,4,0.55
15829,12120,Orthosystem β,829,3,105,3,1,0.55
15830,12119,orthohunter,1283,1,101,1,1,1.5
15831,12123,Orthos wood golem,1759,3,392,1,1,1
15832,12124,Orthos groundskeeper,985,3,247,1,1,1
15833,12125,Orthos keter,1301,2,1009,10,1,1
15834,12126,Orthos rafflesia,1034,3,5,2,2,1.5
15835,12127,Orthos sawtooth,1275,3,70,3,1,0.7
15836,12128,Orthos netzach,2476,3,146,5,1,0.55
15837,12129,Orthos spirulina,1315,3,289,1,1,1
15838,12130,great Orthos morbol,146,3,37,1,2,0.7
15839,12131,Orthos belladonna,1270,3,280,1,1,0.55
15840,12132,orthodemolisher,1074,3,12,1,3,1
15841,12133,orthoknight,388,3,155,1,1,1.25
15842,12134,orthodroid,1089,2,2,2,1,0.75
15843,12135,orthogiant,609,3,76,1,4,2
15844,12136,Orthokaliya,822,3,70,2,1,0.75
15845,12137,Orthos biast,180,3,46,1,2,1
15846,12138,lesser Orthos dragon,371,3,146,1,1,0.65
15847,12139,Orthos wyvern,225,3,60,1,2,0.55
15848,12140,orthoblue dragon,231,3,63,1,3,0.7
15849,12141,Orthos vouivre,1044,3,64,4,2,1
15850,12142,Orthos brobinyak,950,3,34,3,1,1
15851,12143,Orthos vanara,1439,3,238,2,1,1
15852,12144,orthoshelled dragon,732,3,23,3,1,0.75
15853,12145,orthobug,508,3,136,1,1,1.25
15854,12146,orthospider,633,3,187,1,1,1
15855,12147,orthopredator,1283,1,101,1,1,1.5
15856,12148,phantom orthoray,1095,3,264,1,1,1.5
15857,12149,Orthos mirrorknight,378,3,151,1,1,0.75
15858,12150,orthotaur,1041,3,58,3,1,0.75
15859,12151,Orthos reptoid,842,2,1021,1,1,1
15860,12152,orthochimera,197,3,53,1,1,0.75
15861,12153,Orthos shabti,1093,3,161,2,1,1
15862,12154,orthoiksalion,1099,3,141,3,1,0.75
15863,12155,orthonaga,733,3,43,2,1,1.5
15864,12156,orthoempuse,916,3,148,3,1,1
15865,12157,Orthos lamia,16,2,1014,1,1,1.25
15866,12158,Orthos gelato,202,3,55,1,2,1.5
15867,12159,Orthos spriggan,865,3,28,1,9,2
15868,12160,Orthos bergthurs,189,3,49,2,2,1
15869,12161,Orthos apa,1867,3,417,2,1,1
15870,12162,Orthos Kelpie,2042,3,168,3,1,1.5
15871,12163,Orthos kukulkan,2333,3,64,8,1,1
15872,12164,Orthos hoarhound,248,3,71,1,1,0.75
15873,12165,Orthos huwasi,2077,3,396,2,1,0.75
15874,12166,Orthos Acheron,780,3,73,1,2,1.5
15875,12167,Orthos abaia,781,3,141,1,2,0.75
15876,12168,Orthos goobbue,199,3,54,1,2,1
15877,12169,Orthos Hedetet,2371,3,1,7,1,1.5
15878,12170,Orthos mudman,3075,3,377,1,3,0.75
15879,12171,Orthos banshee,1714,3,380,1,1,0.55
15880,12172,Orthos monk,1750,3,314,2,3,1
15881,12173,Orthos stingray,1939,3,296,2,2,0.7
15882,12174,Orthos Oceanus,772,3,173,1,2,1
15883,12175,Orthos big claw,150,3,38,1,3,1.25
15884,12176,Orthos yabby,1709,3,215,3,1,1
15885,12177,Orthos piranu,1951,3,209,1,2,1
15886,12178,Orthos leech,600,3,181,1,1,1.5
15887,12179,Orthos zaratan,2780,3,5,3,1,1.25
15888,12180,Orthos ice sprite,382,3,153,1,2,1.5
15889,12181,Orthos bombfish,1683,3,26,2,1,3
15890,12182,Orthos rockfin,1231,3,282,1,1,0.75
15891,12183,Orthos ymir,1508,3,336,1,2,0.75
15892,5199,Sophia,1536,3,344,1,1,1
15893,5200,aion teleos,1607,3,344,1,2,1
15894,5201,Barbelo,1537,3,345,1,1,1
15895,5202,the Second Demiurge,1727,1,201,1,1,1.5
15896,5203,the Third Demiurge,1728,1,901,1,1,1.5
15897,5204,the First Demiurge,1729,1,501,1,1,1.5
15901,12244,Althyk & Nymeia,480,0,0,0,1,1
15902,12324,Demi-Cochma,1430,3,7007,1,1,1.5
15903,12324,Demi-Cochma,1430,3,7007,1,1,1.5
15904,12324,Demi-Cochma,1430,3,7007,1,1,1.5
15905,12324,Demi-Cochma,1430,3,7007,1,1,1.5
15906,12324,Demi-Cochma,1430,3,7007,1,1,1.5
15907,12324,Demi-Cochma,1430,3,7007,1,1,1.5
15908,12324,Demi-Cochma,1430,3,7007,1,1,1.5
15909,12324,Demi-Cochma,1430,3,7007,1,1,1.5
15910,12324,Demi-Cochma,1430,3,7007,1,1,1.5
15911,12324,Demi-Cochma,1430,3,7007,1,1,1.5
15912,12323,Meracydian clone,1756,2,1021,4,1,1.2
15913,12323,Meracydian clone,1756,2,1021,4,1,1.2
15914,12323,Meracydian clone,1756,2,1021,4,1,1.2
15915,12323,Meracydian clone,1756,2,1021,4,1,1.2
15916,12323,Meracydian clone,1756,2,1021,4,1,1.2
15917,12323,Meracydian clone,1756,2,1021,4,1,1.2
15918,12323,Meracydian clone,1756,2,1021,4,1,1.2
15919,12323,Meracydian clone,1756,2,1021,4,1,1.2
15920,12323,Meracydian clone,1756,2,1021,4,1,1.2
15921,12323,Meracydian clone,1756,2,1021,4,1,1.2
15922,12322,lamia queen,16,2,1014,1,1,2
15923,12322,lamia queen,16,2,1014,1,1,2
15924,12322,lamia queen,16,2,1014,1,1,2
15925,12322,lamia queen,16,2,1014,1,1,2
15926,12322,lamia queen,16,2,1014,1,1,2
15927,12322,lamia queen,16,2,1014,1,1,2
15928,12322,lamia queen,16,2,1014,1,1,2
15929,12322,lamia queen,16,2,1014,1,1,2
15930,12322,lamia queen,16,2,1014,1,1,2
15931,12322,lamia queen,16,2,1014,1,1,2
15932,12184,Orthos pteroc,131,3,32,1,2,2
15933,12185,Orthos drake,179,3,46,1,1,1
15934,12186,Orthos cobra,235,3,65,2,1,1.5
15935,12187,Orthos monitor,2433,3,540,1,1,1.5
15936,12188,Orthos anala,1737,3,352,5,1,1.5
15937,12189,Orthos diplocaulus,1310,3,39,5,1,1
15938,12190,Orthos basilisk,135,3,34,1,1,1
15939,12191,Orthos matamata,2439,3,384,1,3,1
15940,12192,Orthos palleon,2732,3,30,2,2,1
15941,12193,Orthos falak,945,3,234,1,1,0.7
15942,12194,Orthos gowrow,1681,3,183,5,1,1.5
15944,12196,Haokah perfected,773,2,1008,1,2,1
15945,12197,Orthos toco toco,1155,3,138,1,2,1
15946,12198,Orthos skatene,1429,3,225,1,2,1
15947,12209,Orthos kargas,1525,3,236,1,4,1
15948,12199,Orthos unicorn,534,3,168,1,1,1
15949,12200,Orthos coeurl,1815,3,17,6,1,1
15950,12208,Orthos flamebeast,1846,3,415,1,1,1
15951,12201,Orthos wolf,606,3,41,1,4,1
15952,12202,Orthos gulo gulo,1948,3,176,3,3,1
15953,12207,Orthos thunderbeast,1479,3,238,3,2,1
15954,12203,Orthos sasquatch,735,3,183,3,1,1
15955,12206,bird of Orthos,953,3,118,2,1,1
15956,12204,Orthos primelephas,2521,3,246,4,2,1
15958,12212,Orthos hecteyes,1076,3,55,2,3,1
15959,12213,Orthos pudding,207,3,55,1,7,1
15960,12210,Orthos deepeye,841,3,88,7,1,1.5
15961,12211,Orthos Spartoi,2807,3,295,3,1,0.5
15962,12214,Orthos persona,1574,3,352,1,1,1.5
15963,12215,Orthos gourmand,640,3,54,4,1,1
15964,12216,Orthos ahriman,168,3,43,1,2,1.5
15965,12217,orthoiron corse,1641,2,1009,12,1,1
15966,12218,Orthos catoblepas,566,3,171,1,4,1
15967,12219,Orthos pegasus,1472,3,263,1,2,1.25
15968,12220,Orthos wraith,1504,3,334,1,1,2
15969,12221,Orthos specter,1711,3,377,1,1,0.75
15970,12222,Orthos abyss,2625,3,382,2,1,1
15971,12223,orthodrone,766,3,211,1,1,0.75
15972,12224,Orthosystem γ,316,3,105,1,1,0.75
15973,12225,Orthos Mithridates,2612,3,576,1,1,1.5
15974,12229,Orthosystem α,830,3,105,4,1,0.75
15975,12230,Orthos zaghnal,341,3,120,2,1,1.25
15976,12226,orthonaught,361,3,139,1,1,0.75
15977,12227,Orthos fitter,1100,2,1021,2,1,1
15978,12232,Orthos motherbit,2134,3,343,4,1,1
15979,12231,Orthos mining drone,2302,3,378,2,1,0.75
15980,12233,servomechanical orthochimera,2158,3,53,3,1,0.75
15981,12228,Orthos sphinx,954,3,146,3,1,0.7
15982,12234,servomechanical orthotaur,2159,3,58,9,1,0.75
15983,12235,Orthos Durga,658,3,27,3,1,1
15984,108,,480,0,0,0,1,1
15985,12406,Shishu mifune,480,0,0,0,1,1
15987,108,,476,3,9994,1,1,1.35
15988,11296,ice sprite,3247,3,153,1,12,0.9
15989,7142,Alpha,2147,3,424,2,1,0.9
15990,12258,Omega-F,1233,3,514,2,1,1
15991,12261,cloning node,3808,3,105,1,1,1
15992,12262,cloned shield dragon,371,3,146,1,1,0.65
15993,12268,ball of levin,2367,3,204,2,1,2
15994,5199,Sophia,480,0,0,0,1,1
15995,5204,the First Demiurge,480,0,0,0,1,1
15996,2566,mimic,648,3,197,1,1,1
15997,2566,mimic,648,3,197,1,1,1
15998,2566,mimic,648,3,197,1,1,1
15999,2566,mimic,1526,3,197,1,2,1
16000,2566,mimic,1526,3,197,1,2,1
16001,2566,mimic,1526,3,197,1,2,1
16002,2566,mimic,1527,3,197,1,3,1
16003,2566,mimic,1527,3,197,1,3,1
16004,2566,mimic,1527,3,197,1,3,1
16005,2566,mimic,1527,3,197,1,3,1
16006,10309,Orthos korrigan,1046,3,88,1,2,1.7
16007,10309,Orthos korrigan,1046,3,88,1,2,1.7
16008,10309,Orthos korrigan,1046,3,88,1,2,1.7
16009,10309,Orthos korrigan,1046,3,88,1,2,1.7
16010,10309,Orthos korrigan,1046,3,88,1,2,1.7
16011,10309,Orthos korrigan,1046,3,88,1,2,1.7
16012,10309,Orthos korrigan,1046,3,88,1,2,1.7
16013,10309,Orthos korrigan,1046,3,88,1,2,1.7
16014,10309,Orthos korrigan,1046,3,88,1,2,1.7
16015,10309,Orthos korrigan,1046,3,88,1,2,1.7
16016,12031,ball of levin,1854,3,271,1,34,1.7
16017,12270,tamed hornbill,1604,3,359,1,1,0.5
16018,12271,tamed wolf,159,3,41,1,1,1
16019,12272,magitek vanguard,213,3,56,1,1,2
16020,12273,magitek death machine,3185,3,366,2,1,1
16021,12274,magitek slasher,1654,3,148,4,1,1
16022,12275,magitek bit,55,3,12,1,1,1
16023,108,,476,3,9994,1,1,2.7
16024,750,???,480,0,0,0,1,1
16025,750,???,480,0,0,0,1,1
16026,750,???,480,0,0,0,1,1
16027,750,???,480,0,0,0,1,1
16028,12276,visitant gnat,53,3,11,1,1,1
16029,12276,visitant gnat,53,3,11,1,1,2
16030,12277,visitant trapper,3659,3,280,3,1,1
16031,12245,Albus griffin,1852,3,236,1,5,2
16034,12308,visitant blackguard,1751,3,285,1,2,1.7
16035,12309,visitant arch demon,567,3,172,1,1,1
16036,12283,suzusaurus,363,3,141,1,1,1
16037,12308,visitant blackguard,1751,3,285,1,2,1.7
16038,12072,visitant ogre,187,3,49,1,1,1.2
16039,12311,visitant taurus,365,3,143,1,1,1.2
16040,12521,sabotender,142,3,36,1,2,5
16042,12334,Octomammoth,3888,3,55,8,1,6.5
16043,12335,mammoth tentacle,3890,3,205,11,1,0.5
16044,108,,480,0,0,0,1,1
16045,12393,Enenra,3889,3,109,3,1,4
16046,12393,Enenra,3889,3,109,3,1,2.8
16047,12281,corgi,3731,3,8424,1,1,0.9
16048,12282,sky blue back,3732,3,8425,1,1,1
16049,12283,suzusaurus,3733,3,8426,1,1,0.8
16050,12284,Mama automaton,3734,3,8427,1,1,1
16051,12285,wind-up Cagnazzo,3735,3,8428,1,1,1
16052,12286,Findingway,3736,3,8429,1,1,1
16053,12287,private pachypodium,3737,3,8430,1,1,1
16054,12288,wind-up Halone,3745,3,8431,1,1,1
16055,12289,bantam train,3746,3,8432,1,1,1
16056,12290,wind-up Godbert,3747,3,8433,1,1,1
16057,12291,wind-up Aidoneus,3748,3,8434,1,1,1
16058,12298,territorial yggdreant,3341,3,752,1,1,1.3
16059,12540,Aloalo ogrebon,2395,3,527,1,1,0.8
16060,12300,territorial harpuia,727,3,141,2,1,1
16061,125,pus gnat,2651,3,84,4,2,1.7
16062,12302,territorial ophion,3142,3,709,1,1,1
16063,12303,territorial bird of Elpis,953,3,118,2,1,1
16064,12304,territorial hippe,2042,3,168,3,1,1.5
16065,12305,territorial phanopsyche,2652,3,195,1,4,1
16066,12306,territorial ophiotauros,1225,3,238,1,2,1.2
16067,12307,territorial lotis,1936,3,70,3,2,1.2
16068,12314,tiger of paradise,575,3,177,1,1,1
16069,12315,morbol seedling,328,3,111,1,1,2
16070,12338,Haam frostbeast,3896,3,238,6,1,1.8
16071,12339,Haam otodus,2571,3,49,8,1,1
16072,12340,Haam aurelia,279,3,84,1,1,2.5
16073,12341,Haam Halonid,2432,3,539,1,1,1.5
16074,12342,Haam auk,3887,3,50,1,4,2.5
16075,12343,Haam troll,3460,3,741,1,1,1
16076,12344,Haam yakow,1684,3,171,2,1,2
16077,12345,Haam crystal,1294,3,42,5,2,1
16078,12346,Haam golem,3492,3,21,1,11,2
16079,12347,Haam myrrlith,3891,3,750,1,2,1.5
16080,12348,Haam polycrystal,273,3,83,1,3,5
16081,12349,Haam Forlorn,1988,3,417,1,3,1
16082,12350,Haam dhruva,1848,3,417,1,1,0.75
16083,12318,Orthos craklaw,1719,3,385,1,1,1
16084,11297,hellsfire,1623,3,271,1,21,0.6
16085,12369,Kokytos,3846,3,842,1,1,3.8
16086,12372,comet,1442,3,106,1,5,2
16087,12369,Kokytos,3846,3,842,1,1,3.8
16088,12370,Kokytos's echo,3846,3,842,1,1,3.8
16089,12371,ball of levin,785,3,156,1,16,2
16090,12372,comet,1442,3,106,1,5,2
16091,12325,Yozakura the Fleeting,3506,1,0,1,1,2.3
16092,12326,mirrored Yozakura,3506,1,0,1,1,2.3
16093,12333,mud bubble,3074,3,222,1,2,4
16094,12328,Shibamaru,1981,3,8240,1,1,2
16095,12329,Kuromaru,3906,3,8240,1,2,2
16096,12330,Shiromaru,3852,3,8443,1,1,2
16097,12331,accursed seedling,358,3,135,1,1,2.5
16098,12332,living gaol,2657,3,351,1,2,0.5
16099,12327,autumnal tempest,3863,3,272,1,44,0.8
16100,12311,visitant taurus,365,3,143,1,1,1.2
16101,12308,visitant blackguard,1751,3,285,1,2,1.7
16102,108,,3236,3,176,5,2,0.5
16103,108,,3887,3,50,1,4,1.5
16104,108,,284,3,86,1,1,2
16105,108,,288,3,86,1,5,2
16106,12337,Arkas,3848,3,427,3,1,1.7
16107,12336,Lyngbakr,3849,3,573,2,1,0.8
16108,12388,Themis,3805,3,830,1,1,1.1
16109,12389,illusory Themis,3805,3,830,1,1,1.1
16110,12390,arcane sphere,3866,3,272,1,47,1
16111,12390,arcane sphere,3867,3,272,1,48,1
16112,12380,thymou idea,476,3,9994,1,1,1.5
16113,12391,arcane cylinder,3868,3,272,1,49,1
16114,12388,Themis,3805,3,830,1,1,1.1
16115,12389,illusory Themis,3805,3,830,1,1,1.1
16116,12389,illusory Themis,3805,3,830,1,1,1.1
16117,12390,arcane sphere,3866,3,272,1,47,1
16118,12390,arcane sphere,3867,3,272,1,48,1
16119,12390,arcane sphere,3864,3,272,1,45,1
16120,12390,arcane sphere,3865,3,272,1,46,1
16121,12391,arcane cylinder,3868,3,272,1,49,1
16124,12396,Shishu chochin,3847,3,843,1,1,0.25
16125,12397,Shishu hitodama,79,3,20,1,2,2
16126,12398,Shishu yamawaro,3898,3,182,1,3,1.5
16127,12399,Shishu fuko,1478,3,238,3,1,1.5
16128,12400,Shishu yamabiko,383,3,153,1,3,1
16129,12401,Shishu dorotabo,3068,3,336,2,2,0.8
16130,12402,Shishu kosamebo,385,3,153,1,5,1
16131,12403,Shishu kiyofusa,1813,3,29,3,1,2.3
16132,12404,Shishu izumo,1942,3,29,3,2,2.3
16133,12405,Shishu onmitsu,1910,3,404,2,1,1.7
16134,12406,Shishu mifune,2256,3,237,2,1,2
16135,12407,Shishu apa,1867,3,417,2,1,0.8
16136,12408,Shishu sharin,2234,3,340,2,1,1
16137,12409,Shishu koja,1821,3,55,4,1,0.6
16138,12410,Shishu kotengu,1868,3,285,7,1,1.5
16139,12411,Shishu yoko,1436,3,177,1,2,1.7
16140,12412,Shishu white baboon,3918,2,1003,5,2,1.7
16141,12413,Shishu hoko,3458,3,55,7,1,1.4
16142,12414,Shishu wanyudo,2235,3,340,3,1,1
16143,12415,Shishu irakusa,1950,3,81,1,3,3.3
16144,12416,Shishu tenaga,1949,3,392,1,2,1.3
16145,12417,Shishu furutsubaki,1072,3,5,2,3,0.8
16146,12418,red Shishu penghou,3897,3,55,7,2,1.4
16147,12419,Shishu jumokko,106,3,27,1,5,1.3
16148,12420,Shishu kuzuri,1948,3,176,3,3,1.2
16149,12421,Shishu sai taisui,2218,3,18,2,1,1.6
16150,12422,Shishu raiko,1479,3,238,3,2,1.5
16151,12423,Shishu daitengu,2187,3,285,8,1,2
16152,108,,476,3,9994,1,1,1
16153,12354,Pandæmonium,3844,3,834,1,1,0.7
16154,12355,pandæmoniac pillar,3894,3,845,1,1,1
16155,12426,pandæmoniac pillar,3894,3,845,1,1,1
16156,108,,476,3,9994,1,1,0.2
16157,12354,Pandæmonium,3844,3,834,1,1,0.7
16158,12355,pandæmoniac pillar,3894,3,845,1,1,1
16159,12426,pandæmoniac pillar,3894,3,845,1,1,1
16160,12427,pandæmoniac pillar,3894,3,845,1,1,1
16161,108,,476,3,9994,1,1,0.2
16162,12356,arcane sphere,3870,3,273,1,36,0.7
16163,12377,Athena,3804,3,829,1,1,3
16164,12378,anthropos,3899,3,196,3,2,1
16165,12379,logou idea,3876,3,273,1,42,1
16166,12380,thymou idea,3877,3,273,1,43,1
16167,12378,anthropos,3899,3,196,3,2,1
16168,12377,Athena,3871,3,273,1,37,0.5
16169,12377,Athena,3872,3,273,1,38,0.6
16170,12377,Athena,3873,3,273,1,39,0.6
16171,12377,Athena,3804,3,829,1,1,3
16172,12378,anthropos,3899,3,196,3,2,1
16173,12379,logou idea,3876,3,273,1,42,1
16174,12380,thymou idea,3877,3,273,1,43,1
16175,12381,epithymias idea ,3878,3,273,1,44,1
16176,12377,Athena,3871,3,273,1,37,0.5
16177,12377,Athena,3872,3,273,1,38,0.6
16178,12377,Athena,3873,3,273,1,39,0.6
16179,12377,Athena,3874,3,273,1,40,0.6
16180,12377,Athena,3875,3,273,1,41,0.6
16181,12382,Pallas Athena,3845,3,835,1,1,4.5
16182,12383,hemitheos,2402,3,196,3,1,1
16183,12384,concept of fire,3879,3,273,1,45,1
16184,12385,concept of water,3880,3,273,1,46,1
16185,12386,concept of earth,3881,3,273,1,47,1
16186,12387,forbidden factor,294,3,87,1,3,1
16187,12392,Subject Number XXIV,1794,3,406,1,1,3
16188,312,Moondrip blastmaster,3779,3,828,1,1,1
16189,12457,amethyst spriggan,3901,3,828,1,1,9
16190,12458,wild boar,3882,3,273,1,48,1
16191,12437,mossasaurus,3779,3,828,1,1,1
16192,12428,Shishio,3892,3,844,1,1,1.3
16193,12429,raiun,3861,3,653,1,19,0.8
16194,12430,rairin,3862,3,653,1,20,1
16195,12431,clever thrall,3918,2,1003,5,2,3
16196,12432,feral thrall,575,3,177,1,1,1.3
16197,12433,venomous thrall,2663,3,65,4,2,1.2
16198,12434,devilish thrall,1711,3,377,1,1,1
16199,12435,haunting thrall,2153,3,334,1,4,2
16200,12428,Shishio,3892,3,844,1,1,1.3
16201,12429,raiun,3861,3,653,1,19,0.8
16202,12430,rairin,3862,3,653,1,20,1
16203,12434,devilish thrall,1711,3,377,1,1,1
16204,12435,haunting thrall,2153,3,334,1,4,2
16205,12428,Shishio,3892,3,844,1,1,1.3
16206,12429,raiun,3861,3,653,1,19,0.8
16207,12430,rairin,3862,3,653,1,20,1
16208,12434,devilish thrall,1711,3,377,1,1,1
16209,12435,haunting thrall,2153,3,334,1,4,2
16210,12456,quartz spriggan,476,3,9994,1,1,1
16211,108,,480,0,0,0,1,1
16212,12365,Golbez,3850,2,1066,1,1,1
16213,12367,shadow dragon,3843,3,420,5,1,1
16214,12368,gale sphere,3869,3,273,1,35,1
16215,12365,Golbez,3850,2,1066,1,1,1
16216,12367,shadow dragon,3843,3,420,5,1,1
16217,12368,gale sphere,3869,3,273,1,35,1
16218,12366,Golbez's shadow,3917,2,1066,1,2,1
16219,108,,480,0,0,0,1,1
16220,12373,Gorai the Uncaged,3893,3,456,3,1,8
16221,12374,Shishu white baboon,3918,2,1003,5,2,1.7
16222,12339,Haam otodus,2571,3,49,8,1,1
16223,12339,Haam otodus,2571,3,49,8,1,1
16224,12375,ball of levin,3292,3,653,1,10,2.3
16225,12373,Gorai the Uncaged,3893,3,456,3,1,8
16226,12375,ball of levin,3292,3,653,1,10,2.3
16227,12373,Gorai the Uncaged,3893,3,456,3,1,8
16228,12375,ball of levin,3292,3,653,1,10,2.3
16229,108,,526,3,9995,1,1,1
16230,954,,1811,3,413,1,1,1.2
16231,954,,1539,3,347,1,1,0.85
16232,12466,Yugiri,1539,3,347,1,1,0.85
16233,5569,execrated will,1756,2,1021,4,1,1.2
16234,5570,execrated wit,1756,2,1021,4,1,1
16235,5571,execrated wile,1756,2,1021,4,1,1
16236,5572,execrated thew,1756,2,1021,4,1,0.7
16237,12477,glittering slime,480,0,0,0,1,1
16242,4392,Obsidian Carbuncle,414,3,7002,1,6,1
16244,4392,Obsidian Carbuncle,414,3,7002,1,6,1
16246,9350,Moonstone Carbuncle,413,3,7002,1,5,1.5
16247,12464,Gosetsu,1802,1,901,1,1,1
16257,12357,Moko the Restless,3895,3,403,8,1,3
16261,12361,oni's claw,3919,3,524,3,1,11
16262,12362,ill-come tengu,2187,3,285,8,1,2
16263,12363,spiritflame,3933,3,794,1,1,1
16264,12364,ancient katana,3914,3,756,2,1,1.5
16265,12357,Moko the Restless,3916,3,403,9,1,3
16266,12358,Moko's shadow,3916,3,403,9,1,3
16268,12361,oni's claw,3919,3,524,3,1,11
16269,12364,ancient katana,3914,3,756,2,1,1.5
16270,12357,Moko the Restless,3916,3,403,9,1,3
16271,12358,Moko's shadow,3916,3,403,9,1,3
16273,12361,oni's claw,3919,3,524,3,1,11
16274,12364,ancient katana,3914,3,756,2,1,1.5
16275,12543,Aloalo hamsa,480,0,0,0,1,1
16276,12422,Shishu raiko,1479,3,238,3,2,1.5
16277,12417,Shishu furutsubaki,1072,3,5,2,3,0.9
16278,12399,Shishu fuko,1478,3,238,3,1,1.5
16279,12418,red Shishu penghou,3897,3,55,7,2,1.4
16280,12410,Shishu kotengu,1868,3,285,7,1,1.5
16281,12424,Shishu onmitsugashira,1792,3,404,1,1,1.7
16282,12422,Shishu raiko,1479,3,238,3,2,1.5
16283,12417,Shishu furutsubaki,1072,3,5,2,3,0.9
16284,12399,Shishu fuko,1478,3,238,3,1,1.5
16285,12418,red Shishu penghou,3897,3,55,7,2,1.4
16286,12410,Shishu kotengu,1868,3,285,7,1,1.5
16287,12424,Shishu onmitsugashira,1792,3,404,1,1,1.7
16288,12425,Shishu yuki,1711,3,377,1,1,1
16289,12400,Shishu yamabiko,383,3,153,1,3,1
16290,12425,Shishu yuki,1711,3,377,1,1,1
16291,12400,Shishu yamabiko,383,3,153,1,3,1
16292,108,,3887,3,50,1,4,2.5
16293,12471,Goldor,3900,3,127,6,1,2.5
16294,12473,ball of fire,1961,3,271,1,26,1.5
16295,12471,Goldor,3900,3,127,6,1,2.5
16296,12474,gilded marionette,2668,3,310,1,2,0.8
16297,12475,gilded golem,2670,3,489,2,2,0.6
16298,12476,gilded cyclops,3915,3,58,1,3,0.8
16299,12477,glittering slime,2336,3,87,1,11,2
16300,12472,gilded crystal,806,3,9994,1,1,3
16301,12382,Pallas Athena,3845,3,835,1,1,1
16302,12570,voidmoon panopt,3954,3,646,1,2,2.5
16306,12573,voidmoon plague,3953,3,129,3,2,0.8
16307,12357,Moko the Restless,3916,3,403,9,1,3
16308,12574,frenzied goblin,3970,2,1040,2,1,1.3
16309,12575,frenzied peiste,136,3,34,2,1,1
16311,12577,frenzied cockerel,604,3,60,3,1,0.5
16312,12578,frenzied morbol,1281,3,37,2,1,1
16313,12579,armor of Baron,3968,2,1015,2,3,1.7
16316,12581,dark grenade,2580,3,572,1,2,2
16318,12582,vampiress,3969,2,1016,1,3,1.5
16319,12436,puffin,3817,3,8435,1,1,1
16320,12437,mossasaurus,3818,3,8436,1,1,1
16321,12438,okuri chochin,3819,3,8437,1,1,1
16322,12439,posher otter,3820,3,8438,1,1,1
16323,12440,Rubellite Weapon,3839,3,8439,1,1,1
16324,12441,chimpanzee,3840,3,8440,1,1,1
16325,12442,exciting dynamite,3841,3,8441,1,1,1
16326,12443,mikra Lyssa,3842,3,8442,1,1,1
16327,12444,Shiromaru,3852,3,8443,1,1,1
16328,12445,wind-up Athena,3853,3,8444,1,1,1
16329,12446,wind-up Barbariccia,3854,3,8445,1,1,1
16330,12447,goggle-eyed dogu,3856,3,8446,1,1,1
16331,12448,Kuromaru,3906,3,8240,1,2,1
16332,12455,runaway satellite,3161,3,313,2,1,1
16333,12449,fire sphere,3944,3,653,1,21,1.5
16334,12450,ice sphere,2090,3,272,1,11,0.7
16336,108,,476,3,9994,1,1,3
16337,12485,stone pillar,476,3,9994,1,1,1.5
16338,108,,480,0,0,0,1,1
16339,108,,4033,3,179,5,1,1
16340,12461,funguar,28,3,3,1,1,1
16341,12462,alkonost,3184,3,386,2,1,0.6
16342,12636,Loquloqui,3959,3,867,1,1,7.2
16343,12637,uolosapa loqua,3934,3,8447,1,1,4
16344,12638,repuruba loqua,3997,3,8298,1,2,4.8
16345,108,,480,0,0,0,1,0.1
16346,108,,480,0,0,0,1,0.1
16347,108,,476,3,9994,1,1,1
16348,10902,slippery armadillo,2396,3,528,1,1,1.8
16349,10903,hardscale armadillo,2396,3,528,1,1,1.8
16350,108,,4032,3,179,4,1,1
16351,108,,4034,3,318,2,1,0.25
16352,108,,261,3,78,1,1,2.5
16353,108,,1766,3,395,1,1,1
16354,12500,dark elf,3966,2,1003,10,1,5
16355,12501,hexing staff,4028,3,212,1,2,1.2
16356,12564,Infernal Shadow,4026,3,847,1,2,0.75
16357,12565,Clive,3979,1,101,1,1,1
16358,12565,Clive,3979,1,101,1,1,1
16359,12530,Matsya,4070,2,1075,1,1,1
16363,12534,Aloalo paddle biter,3955,3,590,1,2,1.8
16364,12535,Aloalo uragnite,364,3,142,1,1,1.5
16365,12536,Aloalo crab,355,3,133,1,1,1.6
16368,12537,Aloalo snipper,1814,3,38,2,1,1.8
16369,12604,Aloalo khalamari,3956,3,523,1,2,1
16370,12538,Aloalo sallet,722,2,1010,1,1,1.1
16371,12539,Aloalo zaratan,2588,3,5,3,1,1.8
16372,12540,Aloalo ogrebon,741,3,209,1,1,1.8
16373,12541,Aloalo ray,1939,3,296,2,2,1.5
16374,12542,Aloalo deadly coconut,3998,3,277,5,1,0.8
16375,12543,Aloalo hamsa,3370,3,44,1,6,2
16376,12544,Aloalo ochu,35,3,5,1,2,1
16377,12545,Aloalo asvattha,3368,3,37,2,2,1.3
16378,12546,Aloalo baritine croc,372,3,147,1,1,1.6
16379,12547,Aloalo sopranine croc,372,3,147,1,1,1
16380,12548,Aloalo goobbue,198,3,54,1,1,1.5
16381,12549,Aloalo boar,45,3,8,1,2,2.5
16382,12550,Aloalo boarlet,45,3,8,1,2,1.2
16383,12551,Aloalo morbol,2586,3,277,4,1,0.8
16384,12552,Aloalo vemosia,1072,3,5,2,3,1
16385,12553,Aloalo worm,3957,3,68,1,7,0.9
16386,12554,Aloalo nepenthes,2675,3,589,1,1,1.3
16387,12555,Aloalo gigantoad,126,3,30,1,1,1.5
16388,12556,Aloalo monstera,1275,3,70,3,1,1.4
16389,12557,Aloalo crawler,839,3,219,1,1,1
16390,12558,Aloalo ahool,2522,3,129,2,1,0.8
16391,12559,Aloalo bat,98,3,25,1,1,6
16392,12560,Aloalo wood golem,1759,3,392,1,1,1.9
16393,12671,Aloalo susena,3435,3,238,2,2,1.5
16394,12672,Aloalo vanara,3435,3,238,2,2,1
16395,12561,Aloalo islekeeper,985,3,247,1,1,2.25
16396,12562,Aloalo mantis,374,3,148,1,1,1.3
16397,12563,bird of Aloalo,1530,3,118,2,4,2.4
16398,750,???,480,0,0,0,1,1
16399,278,lead coblyn,480,0,0,0,1,1
16400,12478,serpent of Thaleia,570,3,173,1,1,1.5
16401,12479,triton of Thaleia,834,3,49,3,1,1.5
16402,11263,divine sprite,385,3,153,1,5,2
16403,12481,angelos,3950,3,340,4,1,1.8
16404,12482,angelos mikros,3950,3,340,4,1,1
16408,108,,3950,3,340,4,1,1
16418,12484,Damcyan antlion,3931,3,383,2,1,2.1
16419,12485,stone pillar,476,3,9994,1,1,3
16420,11299,Llymlaen,3948,3,856,1,1,3.3
16421,12504,trident,4009,3,204,11,1,3
16422,12502,Perykos,3963,3,420,6,1,0.9
16423,12503,Thalaos,3964,3,420,6,2,0.9
16424,108,,476,3,9994,1,1,1
16425,12505,sea-foam,390,3,156,1,2,1.5
16426,12487,Wuk Lamat,3908,2,1067,1,1,1
16429,12487,Wuk Lamat,3908,2,1067,1,1,1
16431,12490,Haam auk,3887,3,50,1,4,2.5
16432,12491,Haam golem,3492,3,21,1,11,1.5
16433,12492,Haam crystal,1294,3,42,5,2,0.8
16434,12493,Haam troll,3460,3,741,1,1,1
16435,12494,Haam caribou,3258,3,15,3,1,1.3
16436,12495,Haam merino,284,3,86,1,1,2
16437,12496,Haam hornbill,1604,3,359,1,1,0.5
16438,12497,Haam yakow,1684,3,171,2,1,1.5
16439,12499,giant colibri,3965,3,871,1,1,3
16440,12498,whirlwind,4329,3,273,1,68,3
16441,12639,lala,3971,2,1048,2,1,4.5
16442,12501,hexing staff,3987,3,655,1,14,1
16443,12640,kapokapo,2790,3,527,2,1,0.6
16444,12641,rodiaki,3279,3,528,3,1,1
16445,12642,Aloalo golem,1759,3,392,1,1,1
16446,12639,lala,3971,2,1048,2,1,4.5
16447,12643,arcane font,3987,3,655,1,14,1
16448,12644,arcane globe,3985,3,273,1,52,1.5
16449,12642,Aloalo golem,1759,3,392,1,1,1
16450,12584,Durante,3930,3,853,1,1,3
16451,12585,aetheric charge,3984,3,273,1,51,1
16458,12568,right wing,2751,5,0,0,1,1
16459,12613,Tourmaline Weapon,2751,5,0,0,1,1
16460,11298,Thaliak,3947,3,855,1,1,4.2
16461,11298,Thaliak,3947,3,855,1,1,4.2
16462,12586,Zeromus,3922,3,851,1,1,1.3
16463,12566,infernal sword,4010,3,204,12,1,1
16464,12506,Statice,3967,2,1074,1,1,3.3
16465,12507,homing pattern,3986,3,273,1,53,1
16466,12508,needle,619,3,9994,2,1,1
16467,12509,heavy weight,908,3,9995,4,1,1
16468,12510,mine,1207,3,272,1,3,1
16469,12511,ball of fire,3170,3,653,1,8,2.25
16470,12512,treasure box,1526,3,197,1,2,5
16471,12513,surprising weapon,1942,3,29,3,2,0.45
16472,12514,surprising weapon,2138,3,460,1,1,0.5
16473,12594,Baron knight-captain,1431,2,1027,1,1,0.9
16474,12516,surprising weapon,2881,3,650,1,1,0.5
16475,12517,surprising missile,2181,3,472,1,1,1
16476,12518,surprising staff,768,3,212,1,1,1
16477,12506,Statice,3967,2,1074,1,1,3.3
16478,12507,homing pattern,3986,3,273,1,53,1
16479,12508,needle,619,3,9994,2,1,1
16480,12511,ball of fire,3170,3,653,1,8,2.25
16481,12520,bomb,670,3,199,1,1,5
16482,12517,surprising missile,2181,3,472,1,1,1
16483,12518,surprising staff,768,3,212,1,1,1
16484,12519,surprising claw,331,3,114,1,1,1.2
16485,12506,Statice,3967,2,1074,1,1,3.3
16486,12507,homing pattern,3986,3,273,1,53,1
16487,12508,needle,619,3,9994,2,1,1
16488,12511,ball of fire,3170,3,653,1,8,2.25
16489,12520,bomb,670,3,199,1,1,5
16490,12517,surprising missile,2181,3,472,1,1,1
16491,12518,surprising staff,768,3,212,1,1,1
16492,12519,surprising claw,331,3,114,1,1,1.2
16493,11300,Oschon,3932,3,852,1,1,4
16494,12486,Oschon's avatar,3932,3,852,1,1,4
16495,11300,Oschon,4000,3,874,1,1,42
16496,12506,Statice,3967,2,1074,1,1,2.8
16497,3632,King Thordan,1067,2,1024,1,1,3.8
16498,3633,Ser Zephirin,1250,2,1025,1,1,2.2
16499,3634,Ser Adelphel,1250,2,1025,1,1,2.2
16500,3635,Ser Janlenoux,1250,2,1025,1,1,2.2
16501,3636,Ser Vellguine,1250,2,1025,1,1,2.2
16502,3637,Ser Paulecrain,1250,2,1025,1,1,2.2
16503,3638,Ser Ignasse,1250,2,1025,1,1,2.2
16504,3639,Ser Grinnaux,1250,2,1025,1,1,2.2
16505,3640,Ser Hermenost,1250,2,1025,1,1,2.2
16506,3641,Ser Guerrique,1250,2,1025,1,1,2.2
16507,3642,Ser Charibert,1250,2,1025,1,1,2.2
16508,3643,Ser Haumeric,1250,2,1025,1,1,2.2
16509,3644,Ser Noudenet,1250,2,1025,1,1,2.2
16510,3645,Ascalon,1232,3,275,1,1,3.8
16511,4386,Meteor circle,769,3,213,1,1,1
16512,4387,Comet circle,819,3,213,1,2,1
16513,3645,Ascalon,480,0,0,0,1,1
16514,12670,Aloalo raptor,97,3,24,1,2,1.4
16515,11322,Warden's flame,3366,3,23,1,4,1
16516,108,,3279,3,528,3,1,1
16517,12480,water sprite,385,3,153,1,5,1
16518,11301,Eulogia,3949,3,857,1,1,1
16519,12633,Eulogia's avatar,3949,3,857,1,1,1
16520,12637,uolosapa loqua,1862,3,272,1,7,7.5
16521,12677,Bakool Ja Ja,476,3,9994,1,1,3
16522,108,,476,3,9994,1,1,1
16523,11322,Warden's flame,3608,3,506,2,1,6
16524,12658,original hellhound,3585,3,782,1,1,3.6
16525,12659,Baron jester,3586,3,782,2,1,3.6
16526,12707,thunderhead,4009,3,204,11,1,3
16527,108,,476,3,9994,1,1,1
16528,108,,476,3,9994,1,1,1
16529,12605,Ketuduke,3962,3,296,5,1,0.8
16530,11084,Pasturponics shepherd,4004,3,179,2,1,4.2
16531,12607,spring crystal,4005,3,179,3,1,4.2
16532,12608,airy bubble,3982,3,273,1,49,1.2
16533,12609,airy bubble,3983,3,273,1,50,1.3
16535,12610,summoned anila,1923,3,423,1,1,2
16536,12540,Aloalo ogrebon,741,3,209,1,1,1.3
16537,12583,original blackguard,1273,3,285,1,1,1.5
16538,12539,Aloalo zaratan,2780,3,5,3,1,0.7
16539,12351,Asura,3779,3,828,1,1,1
16540,12605,Ketuduke,3962,3,296,5,1,0.8
16541,12606,spring crystal,4004,3,179,2,1,4.2
16542,12607,spring crystal,4005,3,179,3,1,4.2
16543,12608,airy bubble,3982,3,273,1,49,1.2
16544,12609,airy bubble,3983,3,273,1,50,1.3
16545,12539,Aloalo zaratan,2780,3,5,3,1,0.7
16546,12352,Asura image,3901,3,828,1,1,9
16547,12605,Ketuduke,3962,3,296,5,1,0.8
16548,12606,spring crystal,4004,3,179,2,1,4.2
16549,12607,spring crystal,4005,3,179,3,1,4.2
16550,12608,airy bubble,3982,3,273,1,49,1.2
16551,12609,airy bubble,3983,3,273,1,50,1.3
16552,12539,Aloalo zaratan,2780,3,5,3,1,0.7
16553,108,,3882,3,273,1,48,1
16554,108,,480,0,0,0,1,1
16555,12587,comet,668,3,106,1,4,1.875
16556,12588,toxic bubble,3980,3,271,1,38,1.7
16557,12586,Zeromus,3922,3,851,1,1,1.3
16558,12587,comet,668,3,106,1,4,1.875
16559,12588,toxic bubble,3980,3,271,1,38,1.7
16560,12757,Protector,3981,3,271,1,39,1.7
16561,12487,Wuk Lamat,476,3,9994,1,1,1
16562,108,,480,0,0,0,1,1
16563,12522,Red Sands antlion,3931,3,383,2,1,2.1
16564,12523,acutender,3385,3,727,2,1,1
16565,108,,476,3,9994,1,1,1
16570,12527,quaqua,3960,3,868,1,1,2.5
16571,12673,aetheric charge,1841,3,271,1,22,1.5
16572,12673,aetheric charge,789,3,156,1,20,1.5
16573,108,,480,0,0,0,1,1
16574,12528,anala familiar,1737,3,352,5,1,1.5
16575,12529,drake familiar,180,3,46,1,2,1.5
16578,6148,Hien,1802,1,901,1,1,1
16581,9350,Moonstone Carbuncle,413,3,7002,1,5,1.5
16582,108,,526,3,9995,1,1,1
16583,12837,Origenics sentry S9,4116,1,201,1,1,1.3
16584,12632,Aloalo kiwakin,1947,3,215,3,2,1.5
16585,12537,Aloalo snipper,1814,3,38,2,1,1.8
16586,12536,Aloalo crab,355,3,133,1,1,1.6
16587,12631,Aloalo monk,1418,3,314,1,1,1.5
16588,12541,Aloalo ray,1939,3,296,2,2,0.8
16589,12534,Aloalo paddle biter,3955,3,590,1,2,1.5
16590,6116,twister,478,3,9995,1,2,1.5
16592,12560,Aloalo wood golem,1759,3,392,1,1,1.4
16593,12561,Aloalo islekeeper,985,3,247,1,1,1.5
16594,12632,Aloalo kiwakin,1947,3,215,3,2,1.5
16595,12537,Aloalo snipper,1814,3,38,2,1,1.8
16596,12536,Aloalo crab,355,3,133,1,1,1.6
16597,12631,Aloalo monk,1418,3,314,1,1,1.5
16598,12541,Aloalo ray,1939,3,296,2,2,0.8
16599,12534,Aloalo paddle biter,3955,3,590,1,2,1.5
16600,12629,pteranodon,478,3,9995,1,2,1.5
16602,12560,Aloalo wood golem,1759,3,392,1,1,1.4
16603,12561,Aloalo islekeeper,985,3,247,1,1,1.5
16604,12639,lala,3971,2,1048,2,1,4.5
16605,12643,arcane font,3987,3,655,1,14,1
16606,12644,arcane globe,3985,3,273,1,52,1.5
16607,12642,Aloalo golem,1759,3,392,1,1,1
16608,108,,476,3,9994,1,1,1
16609,12481,angelos,3950,3,340,4,1,1.8
16610,12645,original demon,19,2,1017,1,1,2
16611,12632,Aloalo kiwakin,1947,3,215,3,2,1.3
16612,12611,uolosapa,3934,3,8447,1,1,1
16613,12612,the Great White Tsuchinoko,3935,3,8448,1,1,1
16614,12613,Tourmaline Weapon,3936,3,8449,1,1,1
16615,12614,wind-up Oschon,3937,3,8450,1,1,1
16616,12615,Kydonia Strolls,3938,3,8451,1,1,1
16617,12616,vicarious vacationer,3939,3,8452,1,1,1
16618,12617,wind-up Golbez,3940,3,8453,1,1,1
16619,12618,Torgal pup,3989,3,8454,1,1,1
16620,12619,pink Bean,3990,3,8455,1,1,1
16621,12620,Pegwin,3991,3,8456,1,1,1
16622,12621,Hydaelyn idol,3992,3,8457,1,1,1
16623,12622,Zodiark idol,3993,3,8458,1,1,1
16624,12623,wind-up Fourchenault,3994,3,8459,1,1,1
16625,12624,wind-up Zidane,3995,3,8460,1,1,1
16626,12625,wind-up Garnet,3996,3,8461,1,1,1
16627,12626,repulu,3997,3,8298,1,2,1
16628,12627,morbol,145,3,37,1,1,1
16629,12628,adamantoise,94,3,23,1,1,1
16630,12629,pteranodon,1338,3,64,7,1,1
16631,12630,grand doblyn,177,3,45,1,2,3.5
16632,12353,phantom Asura,3779,3,828,1,1,1
16633,2566,mimic,648,3,197,1,1,1
16638,12650,voidmoon arch demon,567,3,172,1,1,1.5
16639,12651,voidmoon dahak,228,3,62,1,1,2.5
16640,12652,voidmoon archaeodemon,2093,3,49,6,1,1.8
16641,12653,voidmoon Humbaba,1767,3,58,7,1,1
16642,2,ruins runner,1281,3,37,2,1,1.1
16643,12655,frenzied manticore,603,3,183,1,1,1.3
16644,12656,frenzied behemoth,165,3,42,1,1,1.2
16645,12657,Damcyan worker ant,192,3,51,1,1,1.7
16646,12658,original hellhound,1276,3,71,2,1,1
16647,12659,Baron jester,912,3,196,2,1,1.2
16648,12660,original gargoyle,217,3,57,1,2,1.4
16649,12661,original Progenitrix,1299,3,286,1,2,1.8
16651,205,mottled eft,193,3,51,1,2,2.5
16652,12651,voidmoon dahak,603,3,183,1,1,1.3
16654,12668,Aloalo anala,1737,3,352,5,1,1.2
16655,12667,Aloalo biast,180,3,46,1,2,1.2
16656,108,,476,3,9994,1,1,1
16657,108,,476,3,9994,1,1,1
16658,12666,Aloalo treant,104,3,27,1,1,0.5
16659,12665,summoned apa,1867,3,417,2,1,1.2
16661,12854,Valigarmanda,3999,3,872,1,1,2.5
16662,12855,feather of ruin,4204,3,326,6,1,4
16663,12856,ice boulder,835,3,72,1,3,0.7
16664,12854,Valigarmanda,3999,3,872,1,1,2.5
16665,12855,feather of ruin,4204,3,326,6,1,4
16666,12856,ice boulder,835,3,72,1,3,0.7
16667,12857,arcane sphere,4146,3,272,1,54,1
16669,12750,Vanguard commander R8,4287,3,865,1,2,1.8
16670,12752,Zander the Snakeskinner,3506,1,0,1,1,1.4
16671,12717,green clot,480,0,0,0,1,1
16673,12820,Worqor snowarbler,4107,3,539,3,1,3.2
16674,12810,ice sprite,382,3,153,1,2,1.5
16675,12811,fire sprite,381,3,153,1,1,1.5
16676,12812,lightning sprite,384,3,153,1,4,1.4
16677,12813,Worqor myrrlith,3891,3,750,1,2,1.25
16678,12814,Worqor biast,180,3,46,1,2,1.5
16679,12815,Worqor sloth,4178,3,238,7,1,1.3
16680,12817,Worqor bloodsucker,4176,3,143,4,1,1.2
16681,12816,Worqor longjaw,2674,3,588,1,1,1.3
16682,12818,Worqor zu,604,3,60,3,1,1
16683,12839,Origenics sentry G9,4116,1,201,1,1,1.3
16684,12836,Origenics sentry S10,4116,1,201,1,1,1.6
16685,12739,Zoraal Ja,4062,2,1071,1,1,1
16686,108,,604,3,60,3,1,1.1
16687,12821,Worqor tulichu,4189,3,397,1,3,0.5
16688,12822,Worqor iguana,2537,3,30,2,1,1.25
16689,12824,Worqor pitcher weed,2675,3,589,1,1,1.25
16690,12823,Worqor cloudtrap,48,3,9,1,1,2
16691,12819,Worqor anala,1737,3,352,5,1,2
16692,12528,anala familiar,476,3,9994,1,1,1
16693,12529,drake familiar,476,3,9994,1,1,1
16694,12574,frenzied goblin,3970,2,1040,2,1,1.3
16695,108,,4084,2,1070,3,1,2.8
16696,13289,stray glutton,4295,3,539,1,3,1
16697,13290,stray rascal,4262,3,16,2,3,2
16698,13291,stray babbler,4104,3,898,1,1,2
16699,13292,stray liemonger,4105,3,898,2,1,4
16700,13293,stray nightmare,4264,3,168,4,1,1
16701,13294,stray lion,1845,3,415,1,3,0.9
16702,13295,stray elephant,1427,3,246,2,1,1.5
16703,13296,stray tiger,575,3,177,1,1,1.2
16704,13297,stray malice,2153,3,334,1,4,2
16706,13405,skywheel,480,0,0,0,1,1
16707,13298,stray box,648,3,197,1,1,1
16709,13299,stray poppet,1764,3,148,5,1,1.2
16711,13300,stray hand,2499,3,114,4,2,1.5
16712,13301,stray doll,1376,3,310,2,1,0.6
16713,13301,stray doll,1377,3,310,2,2,0.6
16714,12866,Skydeep horror,4183,3,314,1,2,1.6
16715,12867,Skydeep arrowhead,1310,3,39,5,1,1.2
16716,12868,Skydeep specter,1711,3,377,1,1,1.1
16717,12869,Skydeep ghost,1575,3,352,1,2,1.2
16718,12870,Skydeep banshee,1714,3,380,1,1,0.4
16719,12871,Skydeep haunt,1761,3,380,2,1,0.6
16720,12872,Skydeep spider,1543,3,187,2,3,1
16721,12873,Skydeep cobra,235,3,65,2,1,1.5
16722,12874,Skydeep living rock,1293,3,42,5,1,1.2
16723,12875,Skydeep quarrier,4112,3,161,4,1,2
16724,12876,Skydeep vessel,2738,3,339,1,3,1
16725,12877,Skydeep packer,4190,3,416,3,2,1
16726,108,,4272,3,273,1,65,1
16727,108,,4273,3,273,1,66,1
16728,12880,speaking stone,4275,3,8474,1,1,5
16729,12699,Ryoqor Terteh,4030,3,320,3,1,8
16730,12700,Qorrlo Teh,4031,3,320,4,1,6
16731,12701,Rorrlo Teh,4031,3,320,4,1,3
16732,12702,snowball,867,3,222,1,1,2.5
16733,12703,Kahderyor,4001,3,876,1,1,2.5
16734,12704,crystalline debris,476,3,9994,1,1,1.4
16735,12705,Gurfurlur,4084,2,1070,3,1,2.8
16736,12706,biting wind,4220,3,9995,1,12,1
16737,11536,bluebird,1572,3,273,1,5,1
16738,12708,aura sphere,1198,3,271,1,4,1
16739,11518,insensate adventurer,476,3,9994,1,1,1
16740,12709,greatest serpent of Tural,4094,3,890,1,1,0.8
16741,12711,Apollyon,3952,3,866,1,1,1
16742,12713,Ihuykatumu ocelot,1815,3,17,6,1,1.7
16743,12712,Ihuykatumu puma,1816,3,17,6,2,1.2
16744,12714,Ihuykatumu sandworm,242,3,68,1,6,1.1
16745,12714,Ihuykatumu sandworm,242,3,68,1,6,1.1
16746,12864,Amalgam,4088,3,291,2,1,3.5
16747,12865,add block,4236,3,153,4,1,1.5
16748,12715,whirlwind,4129,3,272,1,50,1
16749,13156,Atticus the Primogenitor,4191,3,709,1,4,2
16750,13157,heshuala,4187,3,382,2,2,1.5
16751,13158,Urna Variabilis,4184,3,322,1,3,1.4
16752,12693,Deceiver,4111,3,900,1,1,1.25
16753,12694,Origenics sentry G9,4116,1,201,1,1,1.8
16754,12694,Origenics sentry G9,4116,1,201,1,1,1.8
16755,12844,Antivirus X,4098,3,277,6,1,1
16756,12842,Interferon R,4130,3,904,1,2,1
16757,12843,Interferon C,4131,3,904,1,3,1
16758,12675,Gulool Ja Ja,3907,2,1068,1,1,1
16759,12676,Gulool Ja Ja's shade,4300,2,1068,1,3,1
16760,108,,476,3,9994,1,1,2
16761,12854,Valigarmanda,2751,5,0,0,1,1
16762,12854,Valigarmanda,2751,5,0,0,1,1
16763,12854,Valigarmanda,2751,5,0,0,1,1
16764,12854,Valigarmanda,2751,5,0,0,1,1
16765,12695,Ambrose the Undeparted,4095,3,563,2,1,0.7
16766,12840,Origenics eyeborg,4208,3,58,12,1,1
16767,12697,superfluity,1311,3,55,1,15,1.5
16768,12698,electrolance,4286,3,159,3,1,2.3
16769,12857,arcane sphere,4229,3,272,1,59,1
16770,12857,arcane sphere,4229,3,272,1,59,1
16771,13073,His Royal Headness Leonogg I,4237,3,88,11,1,6
16772,12888,Firearms,4089,3,460,2,1,2.2
16773,12741,Herpekaris,4205,3,541,2,1,1.2
16774,12834,Origenics eyeclops,4207,3,58,1,4,0.8
16775,12835,Origenics katobleps,563,3,171,1,1,2.5
16776,108,,563,3,171,1,1,2.5
16777,12837,Origenics sentry S9,4116,1,201,1,1,1.3
16778,108,,4116,1,201,1,1,1
16779,108,,4171,3,71,2,6,0.6
16780,108,,4182,3,313,2,3,1.5
16781,12839,Origenics sentry G9,4116,1,201,1,1,1.3
16782,12840,Origenics eyeborg,4208,3,58,12,1,0.8
16783,12841,Cahciua,4245,3,911,1,2,1
16784,12723,prime punutiy,4090,3,587,2,1,1.7
16785,12724,prodigious punutiy,4090,3,587,2,1,0.9
16786,12725,punutiy,4090,3,587,2,1,0.6
16787,12726,petit punutiy,4090,3,587,2,1,0.45
16788,12727,Ihuykatumu flytrap,49,3,9,1,2,4
16789,12716,Drowsie,4003,3,741,3,1,2
16790,12717,green clot,292,3,87,1,1,3.5
16791,12718,blue clot,1078,3,87,1,8,2
16792,12719,red clot,1079,3,87,1,9,1.3
16793,12720,mimiclot,548,1,0,1,1,3.5
16794,12720,mimiclot,548,1,0,1,1,2.4
16795,12720,mimiclot,548,1,0,1,1,1.6
16796,12721,Ihuykatumu ivy,872,3,205,2,1,0.35
16797,12756,airy bubble,4222,3,27,1,1,1
16798,108,,480,0,0,0,1,1
16799,12720,mimiclot,548,1,0,1,1,3.5
16800,12720,mimiclot,548,1,0,1,1,2.4
16801,12720,mimiclot,548,1,0,1,1,2.4
16802,12766,bird of Ihuykatumu,4260,3,118,2,6,1
16803,12767,Ihuykatumu orobon,270,3,82,2,1,2
16804,12768,Ihuykatumu wivre,948,3,235,1,1,1
16805,12726,petit punutiy,526,3,9995,1,1,1
16806,12769,Ihuykatumu widowmaker,4096,3,712,2,1,1.5
16807,12770,Ihuykatumu bat,98,3,25,1,1,2
16808,12772,Ihuykatumu treant,104,3,27,1,1,1
16809,12771,Ihuykatumu doblyn,178,3,45,1,3,1.5
16810,12773,Ihuykatumu tomaton,4261,3,527,1,2,0.8
16811,12774,Ihuykatumu puma,1816,3,17,6,2,1.2
16812,12775,Ihuykatumu maip,1681,3,183,5,1,2
16813,12717,green clot,292,3,87,1,1,3.5
16814,12718,blue clot,1078,3,87,1,8,2
16815,12719,red clot,1079,3,87,1,9,1.3
16816,12720,mimiclot,548,1,0,1,1,3.5
16817,12720,mimiclot,548,1,0,1,1,2.4
16818,12720,mimiclot,548,1,0,1,1,1.6
16819,12803,Bakool Ja Ja,4217,2,1068,3,1,0.7
16825,12711,Apollyon,3952,3,866,1,1,1
16826,12752,Zander the Snakeskinner,4219,2,1014,6,1,2.5
16828,12751,Vanguard sentry R8,3951,3,865,1,1,1.8
16830,12853,Anthracite,4115,3,902,1,1,4
16831,12717,green clot,476,3,9994,1,1,1
16832,13029,Queen Eternal,4036,3,881,1,1,1
16833,13029,Queen Eternal,4157,3,903,1,3,0.5
16834,13029,Queen Eternal,4156,3,903,1,2,0.5
16835,12987,lunyuhiyshahe,4155,3,903,1,1,0.5
16836,13029,Queen Eternal,4145,3,272,1,53,1
16838,108,,4072,1,201,1,1,3
16839,12728,Maulskull,4085,3,562,2,1,4.5
16840,108,,4116,1,201,1,1,1.3
16841,541,striking dummy,2449,0,0,0,1,1
16842,12760,Jack-in-the-Pot,4206,3,257,4,1,5.2
16843,12761,spectral samovar,4206,3,257,4,1,3.6
16844,108,,476,3,9994,1,1,1
16845,13667,●未使用・削除予定,4308,3,332,5,1,1
16846,12729,Eliminator,4006,3,878,1,1,1.7
16847,12730,elimination claw,4007,3,114,9,1,2
16848,12731,elimbit,4008,3,211,2,1,1
16849,12732,lightning generator,476,3,9994,1,1,3
16850,12762,stray phantagenitrix,4294,3,286,1,3,1.4
16851,12755,Feather Ray,4106,3,296,6,1,0.8
16852,12756,airy bubble,390,3,156,1,2,1.1
16853,108,,476,3,9994,1,1,1.5
16854,12776,Vanguard sentry S7,4116,1,201,1,1,1
16855,13048,Unbound ravager,4116,1,201,1,1,1
16856,12778,Vanguard sentry R7,3951,3,865,1,1,1.3
16857,12779,Vanguard leptocyon,4171,3,71,2,6,0.6
16858,12780,Vanguard aerostat,4181,3,313,2,2,1
16859,12781,Vanguard turret,4162,3,12,6,1,1
16860,12782,Vanguard prabhasa,2886,3,141,6,1,1
16861,13013,bandit brawler,384,3,153,1,4,1
16862,12887,lesser serpent of Tural,4094,3,890,1,1,0.5
16863,12733,Ttokrrone,4037,3,882,1,1,1
16864,12710,great serpent of Tural,4099,3,55,9,1,3.2
16866,12895,Origenics aerostat,4181,3,313,2,2,1
16869,13021,Moblin forager,4324,3,102,2,1,0.85
16870,13022,Sayona,476,3,9994,1,1,1
16871,13023,buzzing paper wasp,4344,3,272,1,60,3
16872,13024,fruitful fly agaric,4345,3,272,1,61,1
16873,13025,Bagnobrok Craftythoughts,4405,3,198,1,1,1.5
16890,12739,Zoraal Ja,4062,2,1071,1,1,1
16891,591,glowering glowfly,476,3,9994,1,1,1
16892,12692,Starcrier,4303,3,386,3,2,2
16894,12846,Silvertongue Samidare,3506,1,0,1,1,1
16895,12847,Garula,1738,3,35,4,1,1
16896,12848,dzo,183,3,47,1,1,1.2
16897,12849,steppe eagle,604,3,60,3,1,0.7
16898,12850,ball of fire,2998,3,655,1,7,1
16899,12851,ball of naught,789,3,156,1,20,1.5
16900,12852,filthy shackle,476,3,9994,1,1,1
16901,13074,noble noggin,4132,3,904,1,4,1
16902,12734,Gulool Ja Ja's glory,4216,2,1068,2,1,1
16903,13552,cultivated morbol seedling,328,3,111,1,1,3
16904,13553,cultivated moss fungus,3066,3,569,1,2,1.2
16905,12487,Wuk Lamat,476,3,9994,1,1,1
16913,12677,Bakool Ja Ja,4217,2,1068,3,1,0.7
16914,12679,magicked standard,937,3,232,2,1,1
16915,12679,magicked standard,937,3,232,2,1,1
16916,12680,garrote,936,3,232,1,1,1
16917,12677,Bakool Ja Ja,4217,2,1068,3,1,0.7
16918,12681,Hoobigo guardian,4062,2,1071,1,1,1
16919,12682,Hoobigo lancer,4062,2,1071,1,1,1
16920,12683,Doppro illusionist,4062,2,1071,1,1,1
16925,108,,4135,3,272,1,51,1
16926,13159,Solar Bahamut,4038,3,7110,1,1,0.3
16927,12763,Träumerei,4154,3,565,2,1,1
16928,12764,stray phantagenitrix,4294,3,286,1,3,1
16929,12765,stray geist,2153,3,334,1,4,2
16930,12816,Worqor longjaw,476,3,9994,1,1,2.2
16931,13164,Everkeep sentry R10,476,3,9994,1,1,1
16932,108,,476,3,9994,1,1,2
16933,12733,Ttokrrone,480,0,0,0,1,1
16934,13181,immunization protocol S3,4280,2,1007,10,1,1.25
16935,13182,immunization protocol S5,4280,2,1007,10,1,2
16936,12737,ephemeral sword,4292,3,326,7,1,2.5
16937,12738,oath of fire,4328,3,273,1,67,1
16938,267,Allagan naga,4159,3,906,1,1,1.2
16939,267,Allagan naga,7,2,1005,1,1,3
16940,12998,artificial intelli-guard,4290,3,904,1,9,1
16941,12999,hungry hammerhead,4159,3,906,1,1,1.2
16942,13000,truculent tegu,7,2,1005,1,1,3
16943,4198,Big Bertha East,4290,3,904,1,9,1
16944,13065,poison cloud,4151,3,272,1,56,1
16945,13065,poison cloud,4151,3,272,1,56,1
16946,12753,Rrax Yity'a,4197,3,869,1,2,2
16947,12754,Neyoozoteel,4180,3,277,5,2,1
16948,12889,barreltender,4114,3,901,1,1,1
16951,12757,Protector,4086,3,676,2,1,1
16952,12758,laser turret,4162,3,12,6,1,1.6
16953,12759,explosive turret,4162,3,12,6,1,1.6
16954,13361,queen hawk,476,3,9994,1,1,1
16955,11351,bomb core,4126,2,1071,1,1,1
16956,12877,Skydeep packer,4126,2,1071,1,1,1
16957,12877,Skydeep packer,4126,2,1071,1,1,1
16958,12877,Skydeep packer,4127,2,1071,2,1,1
16959,13192,territorial cerule bomb,4128,2,1071,3,1,1
16960,13193,territorial ceratoraptor,4128,2,1071,3,1,1
16961,12784,valley barbmole,4174,3,85,2,2,1.5
16962,12785,valley saguarotender,2445,3,416,2,1,1
16963,12786,valley tumbleclaw,4160,3,385,2,1,0.8
16964,12787,valley cactuar,141,3,36,1,1,3
16965,12788,valley sabotender,142,3,36,1,2,3
16966,12789,valley flowertender,143,3,36,1,3,3
16967,12790,valley campeador,873,3,36,2,1,4
16968,13084,Chirwagur sabreur,4210,3,709,2,1,1
16969,12791,valley nopalitender,4210,3,709,2,1,1
16970,12793,valley megamaguey,4113,3,811,2,1,0.6
16971,12794,valley aspis,4170,3,65,4,3,1
16972,12779,Vanguard leptocyon,4252,3,64,8,2,1.5
16973,12796,valley digger,4257,3,574,1,2,1.5
16974,12797,valley gedan,160,3,41,1,2,1.5
16975,12798,Yok Huy orb,4258,3,646,1,3,2.5
16976,12799,Yok Huy vessel,4253,3,105,3,3,0.8
16977,12800,Yok Huy altar,4256,3,416,3,3,1
16979,12801,Yok Huy attestant,4254,3,183,7,2,2
16980,12802,blackened statue,480,0,0,0,1,1
16981,13563,fulminous fence,476,3,9994,1,1,1
16983,12743,Ellerete Venomheart,3506,1,0,1,1,1
16985,12745,K-R Model mammet,221,3,59,1,1,1.5
16986,12746,K-A Model mammet,222,3,59,1,2,1.5
16987,12747,K-B Model mammet,223,3,59,1,3,1.5
16988,12748,poison cloud,3980,3,271,1,38,1.5
16989,12749,suffocating cloud,2552,3,9994,1,1,1.3
16990,13062,sand sphere,4137,3,273,1,54,2.2
16991,12955,leaf mantis,2091,3,273,1,10,1
16992,12862,Head of Resolve,4207,3,58,1,4,0.8
16993,11379,immature stymphalide,563,3,171,1,1,2.5
16994,108,,4171,3,71,2,6,0.6
16995,13057,Wicked Thunder,4092,3,888,1,1,0.7
16996,12803,Bakool Ja Ja,4092,3,888,1,1,0.7
16997,697,Ascian thaumaturge,4225,3,904,1,7,1
16998,10792,Origenics automatoise,4234,3,23,4,1,1.75
16999,13325,wandering fluid soul,1937,3,260,1,3,2.3
17004,12891,Spittle-patter Pana,4091,3,887,1,1,1
17005,12892,urqocampa,645,3,194,1,1,1
17006,12893,Racaqurq,1737,3,352,5,1,2
17009,12898,domesticated alpaca,4091,3,887,1,1,1
17010,12899,domesticated alpaca,4091,3,887,1,1,1
17011,12900,wolfish assailant,163,3,41,3,1,1.5
17012,12901,Pelu eater,1525,3,236,1,4,1.5
17013,12902,hungry ratel,914,3,176,3,1,1
17014,12903,wandering zu,604,3,60,3,1,0.5
17015,12904,malodorous megamaguey,4113,3,811,2,1,0.4
17016,12905,invasive ochu,35,3,5,1,2,1.1
17018,12907,jacu bird,40,3,7,1,2,2
17019,12908,coffee bean box,488,4,2220,0,1,1
17020,12909,mountain bomb,1308,3,26,1,6,3
17021,12910,bothersome bigclaw,150,3,38,1,3,1
17022,12911,polluting morbol,146,3,37,1,2,1.1
17023,12912,mourning Yok Huy,4080,2,1070,1,1,1
17024,12913,wind sprite,383,3,153,1,3,1.5
17025,12914,Durzurgir,1058,3,234,2,2,1
17026,12915,Chirwagur sabreur,4081,2,1070,1,2,1.1
17027,12916,Chirwagur engraver,4081,2,1070,1,2,1.2
17028,12917,Chirwagur saltworker,4081,2,1070,1,2,1
17029,12918,Vorjirzur the Valiant,4083,2,1070,2,2,1.5
17030,12919,prowling bloodsucker,4176,3,143,4,1,1.3
17031,12920,Yok Huy Vigilkeeper,4080,2,1070,1,1,1
17032,12921,horn-honing gazelle,927,3,47,3,1,1
17033,12922,proud stonework,476,3,9994,1,1,1
17034,13176,Virazahn the Deceiver,3506,1,0,1,1,1
17036,13178,Perch of the Apex,4265,3,912,1,1,1.4
17037,737,ice homunculus,35,3,5,1,2,0.8
17038,13179,cultivated ochu,35,3,5,1,2,1.2
17039,13078,timeworn striking dummy,2719,3,332,3,1,1
17040,13030,cellar morpho,1483,3,265,1,2,0.4
17041,13031,cellar arachnid,2840,3,1,7,1,1.5
17042,13032,spriggan clatterer,3067,3,316,2,1,1
17043,13033,The Winged Steed,1065,3,263,1,1,1.3
17046,13035,Flight of the Griffin,1214,3,236,1,3,4
17047,13036,The Bird of Prey,1710,3,118,3,1,1.4
17048,13037,Janquetilaque's Portrait,2160,3,103,3,1,4
17049,13038,A Flower in the Sun,1072,3,5,2,3,1.7
17050,13039,O'er the Ancient Arbor,1853,3,377,3,1,1.3
17051,13040,The Hallowed Peak,2659,3,396,1,2,1.3
17052,13285,stray memory,4087,3,884,1,1,3.3
17053,13071,Copy Cat,4087,3,884,1,1,3.3
17054,13287,stray memory,4223,3,272,1,57,1
17056,12825,wandering gowrow,1681,3,183,5,1,2
17057,12826,fawning peiste,179,3,46,1,1,1.3
17058,12827,fawning wivre,948,3,235,1,1,1.3
17059,12828,fawning raptor,97,3,24,1,2,1.3
17063,12829,Iq Soq Xmajun,4263,3,236,3,3,2.5
17064,12830,ball of fire,3574,3,271,1,37,1
17065,12881,Zoraal Ja,3605,2,1071,5,1,1.5
17066,12883,fang,4133,3,904,1,5,1
17067,12883,fang,4133,3,904,1,5,1
17068,12886,shadow of Tural,4064,2,1072,1,1,1
17069,12886,shadow of Tural,4064,2,1072,1,1,1
17070,11458,twinklefleece,4127,2,1071,2,1,1
17071,12960,t'ohsoq,4128,2,1071,3,1,1
17074,108,,3907,2,1068,1,1,1
17075,108,,4063,2,1073,1,1,1.5
17076,12882,Zoraal Ja,4029,3,879,1,1,1.5
17077,12882,Zoraal Ja,4029,3,879,1,1,1.5
17078,12884,fang,4150,3,272,1,55,1
17079,12884,fang,4150,3,272,1,55,1
17080,12884,fang,4150,3,272,1,55,2
17081,108,,4230,3,879,2,1,1.5
17082,12895,Origenics aerostat,4181,3,313,2,2,1
17083,13409,novice hunter,4147,3,273,1,62,1
17084,12891,Spittle-patter Pana,4148,3,273,1,63,1
17085,108,,4149,3,273,1,64,1
17086,786,giant lugger,3764,3,272,1,41,0.8
17087,13077,Kupopo,8,2,1006,1,1,1
17088,13077,Kupopo,8,2,1006,1,1,1
17089,13303,stray table set,480,0,0,0,1,1
17090,13356,Brute Bomber,4158,3,905,1,1,3.8
17091,13357,lit fuse,100,3,26,1,1,4
17092,13359,Refbot,4002,3,877,1,1,2.8
17093,108,,4201,3,908,1,1,1
17094,13676,uncanny huallepen,4158,3,905,1,1,3.8
17095,12984,Daybreakers axeslinger,101,3,26,1,2,4
17096,13359,Refbot,4002,3,877,1,1,2.8
17097,108,,4201,3,908,1,1,1
17098,13446,sinister spark,4224,3,272,1,58,1
17099,13358,brute distortion,4158,3,905,1,1,3.8
17100,13190,territorial tumbleclaw,4160,3,385,2,1,0.8
17101,13191,territorial flying popoto,1045,3,84,3,2,1.8
17102,13192,territorial cerule bomb,1309,3,26,1,7,4
17103,13193,territorial ceratoraptor,4100,3,894,1,1,1.5
17104,13194,territorial aspis,4170,3,65,4,3,1.2
17105,13195,territorial gritclaw,2058,3,215,2,4,1.2
17106,13196,territorial dhara,1849,3,49,5,2,1.35
17107,13197,territorial nopalitender,4284,3,709,2,2,1.3
17108,13198,territorial cerule anala,4186,3,352,5,2,2
17109,13199,territorial rroneek,4153,3,35,5,1,0.8
17110,13200,territorial asterodia,794,3,64,3,1,1.3
17111,13201,territorial bat,4259,3,909,1,1,2
17112,13001,mighty maip,235,3,65,2,1,1.3
17113,13203,territorial myrmeleon,1989,3,383,1,2,0.8
17114,13204,territorial katobleps,563,3,171,1,1,1.6
17115,13205,territorial aerostat,4181,3,313,2,2,1.2
17116,13206,territorial eyeclops,4207,3,58,1,4,0.8
17117,13207,territorial gomphotherium,4179,3,246,4,3,1
17118,13208,territorial bolt hound,4171,3,71,2,6,0.7
17119,13209,territorial Alexandrian axe beak,4238,3,183,9,1,1.6
17120,13210,territorial alpaca,4091,3,887,1,1,1.5
17121,13211,territorial barbmole,4174,3,85,2,2,2
17122,13212,territorial bandercoeurl,1226,3,177,2,2,1
17123,13213,territorial longjaw,2674,3,588,1,1,2
17124,13214,territorial Turali ratel,914,3,176,3,1,1
17125,13215,territorial Naryordor,1036,3,27,1,3,0.8
17126,13216,territorial silver lobo,4102,3,896,1,1,2
17127,13217,territorial chaochu,1772,3,397,1,1,0.6
17128,13218,territorial megamaguey,4113,3,811,2,1,0.4
17129,13219,territorial bloodsucker,4176,3,143,4,1,2
17130,13220,territorial woodsman,1949,3,392,1,2,0.9
17131,13221,territorial tomaton,4261,3,527,1,2,0.6
17132,13222,territorial hammerhead,4235,3,147,2,1,1
17133,13223,territorial rhino beetle,1316,3,290,1,1,1.2
17134,13224,territorial toucalibri,4175,3,138,1,3,1.2
17135,12942,u'out,4101,3,895,1,1,1.6
17136,13226,territorial widowmaker,4096,3,712,2,1,1.4
17137,13227,territorial uolon,4192,3,741,3,2,1
17138,13228,territorial lesser apollyon,3958,3,866,2,1,0.5
17139,13229,territorial bird of Tural,4260,3,118,2,6,1.15
17140,13029,Queen Eternal,948,3,235,1,1,0.7
17141,13231,territorial leafkin,4194,3,806,1,2,1.75
17142,13232,territorial t'ohsoq,2333,3,64,8,1,1
17143,13233,territorial fly agaric,3066,3,569,1,2,1.2
17144,13234,territorial ty'aitya,3961,3,869,1,1,0.8
17145,13235,territorial moth,1405,3,195,2,1,0.8
17146,12962,pitcher weed,1034,3,5,2,2,1.25
17147,13237,territorial necrosis,4108,3,744,2,1,1.8
17148,13238,territorial mourner,4168,3,49,7,2,1.2
17149,13239,territorial branchbearer,4209,3,386,3,1,1.6
17150,13039,O'er the Ancient Arbor,4200,3,887,1,2,1.5
17151,13040,The Hallowed Peak,4193,3,741,3,3,1.4
17152,13041,Tentoawa the Wide Eye,757,3,88,2,1,2.8
17153,267,Allagan naga,758,3,88,3,1,2.8
17154,13043,Zundu warrior,759,3,88,4,1,2.8
17155,13245,Turali tomato,760,3,88,5,1,2.8
17156,12961,t'ohts'on,761,3,88,6,1,2.8
17157,12989,ceratoraptor,4195,3,866,1,2,1
17158,12963,ibruq,4166,3,30,2,4,2
17159,13048,Unbound ravager,4102,3,896,1,1,2.5
17160,12742,Loashkana the Leal,1931,3,41,1,6,2
17161,12742,Loashkana the Leal,1226,3,177,2,2,1
17162,13116,cauahealoa,2376,3,85,3,1,2.5
17163,968,red jackal,1088,3,247,1,2,1
17164,1747,frostbitten goobbue,2333,3,64,8,1,1
17165,4385,brightsphere,4261,3,527,1,2,0.6
17166,5494,yolk mouse,2395,3,527,1,1,0.6
17167,5101,polis aurochs,4108,3,744,2,1,1.8
17168,13258,cenote woodsman,1949,3,392,1,2,1
17169,13058,Wicked Thunder,2675,3,589,1,1,1.2
17170,13260,cenote netzach,2476,3,146,5,1,0.6
17171,13261,cenote branchbearer,4209,3,386,3,1,1.35
17172,13262,cenote monstera,1936,3,70,3,2,0.7
17173,13406,arch aethereater,4168,3,49,7,2,1.2
17174,13264,cenote slammer,4235,3,147,2,1,1.4
17175,12980,Daybreakers gunslinger,4194,3,806,1,2,1.75
17176,13266,cenote alligator,1509,3,39,6,1,1.1
17177,12982,Daybreakers swordslinger,1034,3,5,2,2,1.25
17178,13268,cenote sarracenia,1072,3,5,2,3,1.25
17179,13269,cenote bloodglider,1907,3,195,1,3,0.8
17180,13270,cenote wamoura,1405,3,195,2,1,0.8
17181,13271,bird of the cenote,4260,3,118,2,6,1.15
17182,13272,bird of the cenote,1530,3,118,2,4,1.15
17183,206,anole stalker,48,3,9,1,1,2
17184,13274,cenote flytrap,49,3,9,1,2,2
17185,13247,bull apollyon,1483,3,265,1,2,0.5
17186,13752,coordinate cannon,645,3,194,1,1,0.8
17187,363,dusk bat,360,3,138,1,1,1.2
17188,13278,cenote toco toco,1155,3,138,1,2,1.2
17189,13279,cenote qeziigural,4315,3,64,9,1,1.5
17190,13280,cenote tulichu,4189,3,397,1,3,0.6
17191,12992,flying popoto,4113,3,811,2,1,0.4
17192,12993,Toari alligator,3961,3,869,1,1,0.8
17193,12686,Black Cat,4087,3,884,1,1,3.3
17194,13520,thieving torbalan,4087,3,884,1,1,3.3
17195,108,,4223,3,272,1,57,1
17196,13072,soulshade,4289,3,884,1,2,3.3
17197,13397,insatiable ik'iit,31,3,4,1,1,1
17198,13398,alpha ik'iit,32,3,4,1,2,1
17199,13363,raging vawtsaral br'aax,1438,3,177,3,1,1.4
17200,13364,sweet-toothed ty'aitya,3961,3,869,1,1,0.8
17201,13365,ghost moth,646,3,195,1,1,2
17202,13366,serial killer piranha,2676,3,590,1,1,1.7
17203,13367,wandering wivre,948,3,235,1,1,1
17204,13368,wandering elder wivre,1746,3,235,1,2,1
17205,13326,unlost sentry GX,4116,1,201,1,1,1.15
17206,13327,scorpion invader,1680,3,1,6,1,2
17207,13160,Sphene,4072,1,201,1,1,1
17212,13161,Everkeep sentry G10,4116,1,201,1,1,1.8
17213,13162,Everkeep aerostat,4181,3,313,2,2,1
17214,13165,tamed cauahepya,2672,3,586,1,1,1
17215,13166,tamed woolback,2885,3,238,4,1,1
17216,13167,tamed Alexandrian axe beak,4238,3,183,9,1,1.5
17217,13164,Everkeep sentry R10,4306,3,865,1,1,1.3
17218,13168,Otis Oathbroken,4281,2,1007,11,1,1.5
17219,13161,Everkeep sentry G10,4116,1,201,1,1,1.8
17220,13162,Everkeep aerostat,4181,3,313,2,2,1
17221,13162,Everkeep aerostat,4181,3,313,2,2,1
17222,13163,Everkeep turret,4162,3,12,6,1,1
17223,13164,Everkeep sentry R10,4306,3,865,1,1,1.3
17224,13169,Otis Oathmender,4291,2,1007,11,1,1.5
17225,13170,Gwyddrud,4172,3,71,7,1,1
17226,13171,ball of levin,785,3,156,1,16,1.5
17227,12943,lesser apollyon,3958,3,866,2,1,0.5
17228,12930,hammerhead crocodile,4235,3,147,2,1,1.73
17229,12944,swampmonk,4101,3,895,1,1,1.6
17230,12931,uolon,4192,3,741,3,2,1.4
17231,12939,poison frog,4304,3,214,1,2,0.65
17232,12932,toucalibri,4175,3,138,1,3,1.2
17233,12933,rhino beetle,1316,3,290,1,1,1.2
17234,12934,jungle orobon,270,3,82,2,1,2.5
17235,12935,glowfly,78,3,20,1,1,3
17236,12936,heavy matamata,1718,3,384,1,1,1.35
17237,12937,stinkshell,2296,3,384,1,2,1.5
17238,12940,woodsman,1949,3,392,1,2,1.63
17239,12941,ocelot,1816,3,17,6,2,1.4
17240,12942,u'out,35,3,5,1,2,1.1
17241,12945,widowmaker,4096,3,712,2,1,1.4
17242,12946,bird of Ligaka,4260,3,118,2,6,1.15
17243,12947,tomaton,4261,3,527,1,2,0.87
17244,12948,tegu,132,3,32,1,3,2.5
17245,12949,paper wasp,657,3,137,1,2,2
17246,12950,Turali morbol,146,3,37,1,2,1.4
17247,12951,Turali netzach,2476,3,146,5,1,0.8
17248,12952,jungle iguana,2537,3,30,2,1,1.2
17249,12938,jungle pelican,154,3,40,1,1,1.3
17250,12953,ty'aitya,3961,3,869,1,1,0.8
17251,12964,branchbearer,4209,3,386,3,1,1.35
17252,12954,necrosis,4108,3,744,2,1,2.2
17253,12965,mourner,4168,3,49,7,2,1.2
17254,12966,blue leafkin,4194,3,806,1,2,1.75
17255,12956,vawtsaral br'aax,1438,3,177,3,1,1.4
17256,12957,balyaborr,364,3,142,1,1,1.8
17257,12958,killer piranha,2676,3,590,1,1,1.7
17258,12959,Yak T'el squib,2088,3,290,2,1,1.8
17259,12960,t'ohsoq,2333,3,64,8,1,1.5
17260,12961,t'ohts'on,2376,3,85,3,1,1.8
17261,12962,pitcher weed,2675,3,589,1,1,1.2
17262,12963,ibruq,44,3,8,1,1,1.3
17263,12967,sarracenia,1034,3,5,2,2,1.25
17264,12968,wivre,948,3,235,1,1,1
17265,12969,blue morpho,1483,3,265,1,2,0.77
17266,12970,Ja Tiika moth,1405,3,195,2,1,0.8
17267,12971,fly agaric,3066,3,569,1,2,1.2
17268,12955,leaf mantis,374,3,148,1,1,1.2
17269,12972,tumbleclaw,4160,3,385,2,1,0.8
17270,12973,nopalitender,4284,3,709,2,2,0.8
17271,12974,mature nopalitender,4284,3,709,2,2,0.8
17272,12989,ceratoraptor,4100,3,894,1,1,1.5
17273,12975,cerule anala,4186,3,352,5,2,1.4
17274,12990,aspis,4170,3,65,4,3,1.2
17275,12991,rroneek,4153,3,35,5,1,0.52
17276,12992,flying popoto,1045,3,84,3,2,1.8
17277,12976,sunbeard,267,3,81,1,2,3
17278,12993,Toari alligator,1509,3,39,6,1,1.4
17279,12994,Turali hawksbill,94,3,23,1,1,1
17280,12995,gritclaw,2058,3,215,2,4,1.2
17281,12996,grasslands worm,242,3,68,1,6,1.23
17282,12977,cerule bomb,1309,3,26,1,7,3
17283,12978,wild dhara,1849,3,49,5,2,1.35
17284,12997,horned lizard,136,3,34,2,1,1.13
17286,12985,canyon bat,98,3,25,1,1,3
17287,12986,yeheheceyaa,1338,3,64,7,1,1.3
17288,12987,lunyuhiyshahe,1302,3,235,2,1,0.85
17289,12988,lunyucaua'pya,942,3,233,1,1,1
17290,12860,thunderous beacon,4213,3,90,1,7,1.5
17291,12858,flame-kissed beacon,4211,3,90,1,5,1.5
17292,12859,glacial beacon,4212,3,90,1,6,1.5
17293,12860,thunderous beacon,4213,3,90,1,7,1.5
17294,12858,flame-kissed beacon,4211,3,90,1,5,1.5
17295,12859,glacial beacon,4212,3,90,1,6,1.5
17296,13369,roaming necrosis,4108,3,744,2,1,2.2
17297,13370,Fallen Xobr'it,602,3,182,1,2,1
17298,13371,Fallen Turali,2087,3,286,2,1,1
17299,13372,swarming leaf mantis,374,3,148,1,1,1.2
17300,13373,Cinderscorned Quheel Ja,1504,3,334,1,1,3
17301,13435,Sally the Sweeper,4185,3,333,3,1,2
17302,13436,Cat's Eye,4188,3,389,1,3,0.7
17303,13437,the Forecaster,4199,3,877,1,2,4
17304,13374,wild ibruq,44,3,8,1,1,1.3
17305,13375,elder ibruq,45,3,8,1,2,1.2
17306,13376,Milyurrul,1948,3,176,3,3,2
17307,13377,Hoobigo bladebrother,4126,2,1071,1,1,1
17308,13378,Hoobigo axebrother,4126,2,1071,1,1,1
17309,13379,Doppro spearbrother,4128,2,1071,3,1,1
17310,13380,Firedance Magmaal Ja,838,3,218,1,1,1.2
17311,13381,snuffling mourner,4168,3,49,7,2,1.2
17312,13382,sniffling sarracenia,1034,3,5,2,2,1.25
17313,13383,clustering fly agaric,3066,3,569,1,2,1.2
17314,12700,Qorrlo Teh,480,0,0,0,1,1
17315,108,,480,0,0,0,1,1
17320,12886,shadow of Tural,480,0,0,0,1,1
17321,12836,Origenics sentry S10,4116,1,201,1,1,1.6
17322,13025,Bagnobrok Craftythoughts,4092,3,888,1,1,0.7
17323,13026,caphunter,4092,3,888,1,1,0.7
17324,13027,bountiful offering,4225,3,904,1,7,1
17325,13027,bountiful offering,4226,3,904,1,8,1
17326,13042,Loazenikwe the Shut Eye,4093,3,889,1,1,3
17327,13043,Zundu warrior,4203,3,326,5,1,5
17329,13161,Everkeep sentry G10,4116,1,201,1,1,1.8
17330,13162,Everkeep aerostat,4181,3,313,2,2,1
17331,13165,tamed cauahepya,2672,3,586,1,1,1
17332,13166,tamed woolback,2885,3,238,4,1,1.2
17333,13035,Flight of the Griffin,476,3,9994,1,1,2.2
17334,12766,bird of Ihuykatumu,4260,3,118,2,6,1
17335,12768,Ihuykatumu wivre,948,3,235,1,1,1
17336,12769,Ihuykatumu widowmaker,4096,3,712,2,1,1.5
17337,12774,Ihuykatumu puma,1816,3,17,6,2,1.2
17338,12775,Ihuykatumu maip,1681,3,183,5,1,2
17341,108,,4126,2,1071,1,1,0.9
17342,108,,4126,2,1071,1,1,1
17343,108,,4126,2,1071,1,1,1.1
17350,13394,Hoobigo porter,4126,2,1071,1,1,1
17351,12923,Chalteaufite Cravenscreed,2400,3,367,2,1,0.9
17352,12924,magitek missile,2181,3,472,1,1,1
17361,12928,Kaqool Ja the Repentant,4126,2,1071,1,1,1
17362,12929,Ceetol Ja the Gracious,4064,2,1072,1,1,1
17364,12780,Vanguard aerostat,4181,3,313,2,2,1
17365,12834,Origenics eyeclops,4207,3,58,1,4,0.8
17366,12837,Origenics sentry S9,4116,1,201,1,1,1.3
17367,12894,Origenics sentry G10,4116,1,201,1,1,1.6
17368,108,,4207,3,58,1,4,0.8
17369,12840,Origenics eyeborg,4208,3,58,12,1,0.8
17370,13082,silver lobo,480,0,0,0,1,1
17371,13400,Yehehetoaua'pyo,4169,3,64,7,2,2.5
17372,13401,Keheniheyamewi,4165,3,30,2,3,2.5
17373,13399,Sansheya,4173,3,73,3,3,4
17374,12838,Origenics turret,4162,3,12,6,1,1
17375,12838,Origenics turret,4162,3,12,6,1,1
17376,12926,unyielding mettle,4320,3,925,1,1,1
17377,12927,cracked mettle,4320,3,925,1,1,1
17378,12926,unyielding mettle,2751,5,0,0,1,1
17379,13083,barbmole,4320,3,925,1,1,1
17380,13427,wandering woolback,4320,3,925,1,1,1
17381,12834,Origenics eyeclops,4207,3,58,1,4,0.8
17387,13087,chaba gedan,4110,3,899,1,1,12
17388,13088,siehnam,480,0,0,0,1,1
17389,13091,mountain bear,480,0,0,0,1,1
17390,13094,huallepen,4138,3,273,1,55,1
17391,13095,molten phoebad,4139,3,273,1,56,1
17392,108,,4140,3,273,1,57,1
17393,13093,Naryordor,4141,3,273,1,58,1
17394,13094,huallepen,4142,3,273,1,59,1
17395,13095,molten phoebad,4143,3,273,1,60,1
17396,13056,magical hoop,4144,3,273,1,61,1
17397,13097,ridgetrap,476,3,9994,1,1,0.1
17398,13130,blazing soul,476,3,9994,1,1,0.25
17399,13288,stray memory,4294,3,286,1,3,2
17400,13286,stray memory,4294,3,286,1,3,2
17401,13285,stray memory,4294,3,286,1,3,1
17402,13287,stray memory,4294,3,286,1,3,1
17403,13288,stray memory,4294,3,286,1,3,1
17404,108,,4294,3,286,1,3,1
17405,13183,immunization protocol F1,4109,3,744,3,1,2.5
17406,13184,immunization protocol E1,4296,2,2,2,2,1.2
17407,13185,immunization protocol B4,4171,3,71,2,6,0.7
17408,13186,immunization protocol B3,4103,3,897,1,1,1.75
17409,13187,immunization protocol B8,2612,3,576,1,1,1.5
17410,13188,immunization protocol B9,4179,3,246,4,3,1.75
17415,12999,hungry hammerhead,4235,3,147,2,1,1.73
17416,13000,truculent tegu,130,3,32,1,1,2.5
17417,13001,mighty maip,1681,3,183,5,1,2.3
17418,13002,Hanuhanu angler,1101,2,1001,6,1,1
17419,13003,nesting orobon,270,3,82,2,1,2.5
17420,13004,Hanuhanu farmer,1101,2,1001,6,1,1
17421,13005,wandering craklaw,1719,3,385,1,1,0.8
17422,13006,Huik'ku'uxo,156,3,40,1,3,2
17423,13007,Pama-yawa,1816,3,17,6,2,3
17424,13008,robust rhino beetle,1316,3,290,1,1,1.2
17425,13009,Hanuhanu combmaker,1101,2,1001,6,1,1
17426,13010,toucalibri snatcher,4175,3,138,1,3,1.2
17427,13011,Hanuhanu windscryer,1101,2,1001,6,1,1
17433,13017,domesticated alpaca,4091,3,887,1,1,1
17434,13018,Ligaka vulture,41,3,7,1,3,2
17435,13019,burrow mole,282,3,85,1,1,1.8
17436,13020,ruins weevil,56,3,13,1,1,2
17437,13021,Moblin forager,6,2,1004,1,1,1
17438,13022,Sayona,18,2,1016,1,1,2
17439,13023,buzzing paper wasp,657,3,137,1,2,2
17440,13024,fruitful fly agaric,3066,3,569,1,2,1.2
17441,13025,Bagnobrok Craftythoughts,6,2,1004,1,1,1
17442,13026,caphunter,45,3,8,1,2,3
17443,13142,right wing,2751,5,0,0,1,1
17444,13143,left wing,2751,5,0,0,1,1
17445,13328,unlost sentry GX,4116,1,201,1,1,1.15
17446,13329,plant brain,2586,3,277,4,1,1
17447,13330,agavoides forager,2587,3,2,4,1,5
17448,13148,Leafscourge Hadoll Ja,4116,1,201,1,1,1.15
17449,13333,canal depthscrawler,2315,3,336,2,1,0.6
17450,13332,unlost sentry GX,4116,1,201,1,1,1.15
17451,13151,Uktena,2315,3,336,2,1,1.5
17452,13152,Gallowsbeak,4299,2,1003,5,3,2.5
17453,13336,unlost sentry GX,4116,1,201,1,1,1.15
17454,13337,thieving gargantua,2372,3,54,7,1,1
17455,13339,unlost sentry GX,4116,1,201,1,1,1.15
17456,13338,defective sentry GX,4116,1,201,1,1,2
17457,13340,Lampos,3724,3,407,1,4,0.7
17458,13341,unlost sentry GX,4116,1,201,1,1,1.15
17465,13079,alpaca,4091,3,887,1,1,1.5
17466,13080,megamaguey,4113,3,811,2,1,0.4
17467,13081,bloodsucker,4176,3,143,4,1,1.3
17468,13082,silver lobo,4102,3,896,1,1,2
17469,13083,barbmole,4174,3,85,2,2,2
17470,13084,Chirwagur sabreur,4081,2,1070,1,2,1.2
17471,13085,flint,2589,3,26,4,1,6
17472,13086,tulichu,1772,3,397,1,1,0.6
17473,13087,chaba gedan,160,3,41,1,2,1.5
17474,13088,siehnam,927,3,47,3,1,1
17475,13089,Turali ratel,914,3,176,3,1,1
17476,13090,bandercoeurl,1226,3,177,2,2,1
17477,13091,mountain bear,574,3,176,1,1,1
17478,13092,notocactuar,144,3,36,1,4,3.5
17479,13093,Naryordor,1036,3,27,1,3,1
17480,13094,huallepen,1473,3,58,6,1,0.8
17481,13095,molten phoebad,3069,3,396,2,3,1
17482,13096,longjaw,2674,3,588,1,1,1.5
17483,13097,ridgetrap,1033,3,9,1,5,3
17484,13098,tulidile,373,3,147,1,2,1
17485,13101,Alexandrian axe beak,4238,3,183,9,1,1.3
17486,13102,Yyenisheyni bat,4259,3,909,1,1,2
17487,13103,bolt hound,4171,3,71,2,6,0.7
17488,13104,gomphotherium,4179,3,246,4,3,1
17489,13105,eyeclops,4207,3,58,1,4,0.8
17490,13106,defective sentry S8,4116,1,201,1,1,1
17491,13107,defective sentry R8,3951,3,865,1,1,1.3
17492,12925,craven follower,4181,3,313,2,2,1.2
17493,13109,defective turret,4162,3,12,6,1,1
17494,13110,woolback,2885,3,238,4,1,1.3
17495,13111,thunder spirit,2886,3,141,6,1,1
17496,13112,myrmeleon,1989,3,383,1,2,1.1
17497,13113,katobleps,563,3,171,1,1,1.8
17498,13114,python,235,3,65,2,1,1.3
17499,13115,asterodia,794,3,64,3,1,1.3
17500,13116,cauahealoa,2431,3,538,1,1,1.5
17501,13117,cauahepya,2672,3,586,1,1,1.5
17502,13118,outrunner,4002,3,877,1,1,1.5
17503,13119,seeker bat,4161,3,129,5,1,0.3
17504,13120,gemkeeper,4288,3,28,4,1,3
17505,13121,acrocat,4239,3,25,4,1,5
17506,13122,torbalan,4299,2,1003,5,3,2.5
17507,13123,water spirit,1867,3,417,2,1,0.8
17508,13124,fluid soul,1061,3,260,1,1,2.3
17509,13125,remembird,39,3,7,1,1,2.5
17510,13126,water sprite,385,3,153,1,5,1.5
17511,13127,brownie,905,3,225,2,1,1.2
17512,13128,earth sprite,386,3,153,2,1,1.5
17513,13129,matchlock scorpion,1680,3,1,6,1,2
17514,13130,blazing soul,1664,3,260,1,2,2.3
17515,13131,gargantua,2372,3,54,7,1,1
17516,13132,pineapple,101,3,26,1,2,5
17517,13133,Alexandrian clipper,2152,3,133,1,2,2.5
17518,13134,fire sprite,381,3,153,1,1,1.5
17519,13135,wind spirit,1923,3,423,1,1,1.2
17520,13136,everlasting yew,3341,3,752,1,1,2
17521,13137,agavoides,2587,3,2,4,1,5
17522,13138,walking tree,1853,3,377,3,1,1
17523,13139,timberman,104,3,27,1,1,1
17524,13140,wind sprite,383,3,153,1,3,1.5
17525,13099,Chirwagur engraver,4081,2,1070,1,2,1.2
17526,13100,Chirwagur saltworker,4081,2,1070,1,2,1.2
17527,13029,Queen Eternal,2751,5,0,0,1,1
17528,12777,Vanguard sentry G7,4116,1,201,1,1,1
17529,12778,Vanguard sentry R7,3951,3,865,1,1,1.3
17530,12779,Vanguard leptocyon,4171,3,71,2,6,0.6
17531,12780,Vanguard aerostat,4181,3,313,2,2,1
17532,12782,Vanguard prabhasa,2886,3,141,6,1,1
17535,13579,sprightly dhara,1101,2,1001,6,1,1.2
17537,13153,gargant,3506,1,0,1,1,1
17542,13027,bountiful offering,488,4,2220,0,1,1
17543,13028,Pelu parcel,2057,4,16157,0,1,1
17544,13678,uncanny mountain bear,4116,1,201,1,1,1.15
17545,13067,Skydeep stonemason,4112,3,161,4,1,3
17546,13287,stray memory,4294,3,286,1,3,1
17547,13179,cultivated ochu,35,3,5,1,2,1.2
17548,12795,valley cliffkite,4252,3,64,8,2,1.5
17549,12800,Yok Huy altar,4256,3,416,3,3,1
17550,12867,Skydeep arrowhead,1310,3,39,5,1,1.2
17551,12875,Skydeep quarrier,4112,3,161,4,1,2
17552,12876,Skydeep vessel,2738,3,339,1,3,1
17553,12877,Skydeep packer,4190,3,416,3,2,1
17554,12856,ice boulder,3090,3,272,1,21,0.5
17555,12857,arcane sphere,4146,3,272,1,54,1
17557,13144,mad maguey,4113,3,811,2,1,0.5
17558,13145,Chupacabra,4176,3,143,4,1,1.8
17559,13146,the Slammer,4235,3,147,2,1,2
17560,13147,go'ozoabek'be,4101,3,895,1,1,2
17561,13148,Leafscourge Hadoll Ja,4194,3,806,1,2,2.8
17562,13149,Xty'iinbek,4108,3,744,2,1,2.5
17563,13150,nopalitender Fabuloso,4210,3,709,2,1,1.1
17564,13151,Uktena,4170,3,65,4,3,1.5
17565,13152,Gallowsbeak,4238,3,183,9,1,1.68
17566,13153,gargant,4181,3,313,2,2,1.3
17567,13154,jewel bearer,4288,3,28,4,1,3.6
17568,13155,13th Child,4161,3,129,5,1,0.35
17569,13153,gargant,3506,1,0,1,1,1
17571,13410,defective sentry S6,4116,1,201,1,1,1
17572,13411,defective sentry G6,4116,1,201,1,1,1
17573,13412,katobleps outwanderer,563,3,171,1,1,1.8
17574,13413,raging cauahepya,2672,3,586,1,1,1.5
17575,13438,brazen cauahealoa,2431,3,538,1,1,1.5
17576,13415,frenzied thunder spirit,2886,3,141,6,1,1
17577,13416,hacked turret,4162,3,12,6,1,1
17578,13417,Scythebeak,4238,3,183,9,1,2.5
17579,13419,hillside myrmeleon,1989,3,383,1,2,1.1
17580,13421,defective sentry S6,4116,1,201,1,1,1
17581,13422,defective sentry G6,4116,1,201,1,1,1
17582,13423,defective sentry R6,3951,3,865,1,1,1.3
17583,13425,aggravated gomphotherium,4179,3,246,4,3,1
17584,13427,wandering woolback,2885,3,238,4,1,1.3
17585,13428,malfunctioning aerostat,4181,3,313,2,2,1.2
17586,13429,ousted asterodia,794,3,64,3,1,1.3
17587,13430,the Avenger,4207,3,58,1,4,1.2
17588,13432,bothered bolt hound,4171,3,71,2,6,0.7
17589,13433,bloated python,235,3,65,2,1,1.3
17590,12850,ball of fire,2998,3,655,1,7,1
17591,13189,immunization protocol B2,4283,3,8,2,2,1.1
17592,12928,Kaqool Ja the Repentant,480,0,0,0,1,1
17604,108,,480,0,0,0,1,1
17605,13460,ravenous silver wolf,161,3,41,1,3,1.5
17611,13464,great putrid morbol,146,3,37,1,2,1
17612,12745,K-R Model mammet,221,3,59,1,1,1
17613,12746,K-A Model mammet,222,3,59,1,2,1
17614,12745,K-R Model mammet,221,3,59,1,1,1
17615,12746,K-A Model mammet,222,3,59,1,2,1
17616,12745,K-R Model mammet,221,3,59,1,1,1
17617,5832,sharpshell of the Red,1699,2,1028,1,1,1.3
17618,5832,sharpshell of the Red,1699,2,1028,1,1,1.3
17619,5833,spaeshell of the Red,1699,2,1028,1,1,1.3
17620,13465,shoal iwamushi,177,3,45,1,2,1.7
17624,13466,jittering chapuli,1807,3,409,1,1,2.7
17625,13467,rambling valras,1721,3,387,1,1,1.8
17626,13468,cultivated morbol seedling,328,3,111,1,1,2
17627,13469,Otsohhihwete,904,3,225,1,1,1
17628,13470,hartebeest,927,3,47,3,1,1.5
17629,13471,ogre crab,355,3,133,1,1,0.7
17630,13471,ogre crab,355,3,133,1,1,0.5
17631,13471,ogre crab,355,3,133,1,1,0.5
17632,13472,rampaging zombie,548,1,0,1,1,1
17633,13472,rampaging zombie,548,1,0,1,1,1
17634,13472,rampaging zombie,548,1,0,1,1,1
17635,13219,territorial bloodsucker,548,1,0,1,1,1
17636,13121,acrocat,548,1,0,1,1,1
17637,13472,rampaging zombie,548,1,0,1,1,1
17638,13472,rampaging zombie,548,1,0,1,1,1
17639,13472,rampaging zombie,548,1,0,1,1,1
17640,13473,rampaging zombie,1624,1,901,1,1,1.5
17641,13474,Gyr Abanian gazelle hawk,1381,3,11,2,2,1.6
17642,13475,tamed pisaca,3162,3,712,1,1,1.5
17643,13476,bean bandit,4126,2,1071,1,1,1
17644,13476,bean bandit,4127,2,1071,2,1,1
17645,13477,overgrown megamaguey,4113,3,811,2,1,0.6
17646,13478,raging silver lobo,4102,3,896,1,1,2
17647,13479,volcanic ridgetrap,1033,3,9,1,5,3
17648,13480,elder flint,2589,3,26,4,1,4
17649,13481,angry Naryordor,1036,3,27,1,3,1
17650,13482,angry longjaw,2674,3,588,1,1,2
17651,13483,shapeshifting bloodsucker,4176,3,143,4,1,1.4
17652,13484,lone huallepen,1473,3,58,6,1,0.85
17653,13564,errant Yok Huy,4080,2,1070,1,1,1.2
17654,13486,feral longjaw,2674,3,588,1,1,1.5
17655,13487,mountain morbol,146,3,37,1,2,1.4
17656,13488,marbled beetle,1316,3,290,1,1,1.5
17657,13489,obstructive u'out,35,3,5,1,2,1.1
17658,13489,obstructive u'out,35,3,5,1,2,1.5
17659,13490,cave glowfly,78,3,20,1,1,3
17660,13491,spawning lesser apollyon,3958,3,866,2,1,0.5
17661,13492,irritated stinkshell,2296,3,384,1,2,1.1
17662,13447,blooming netzach,2476,3,146,5,1,0.8
17663,13493,sharptooth piranha,2676,3,590,1,1,1.7
17664,13494,tamed vawtsaral br'aax,1438,3,177,3,1,1.4
17665,13494,tamed vawtsaral br'aax,1438,3,177,3,1,1.6
17666,13495,burrowing t'ohts'on,2376,3,85,3,1,1.8
17667,13363,raging vawtsaral br'aax,1438,3,177,3,1,1.4
17668,13496,ty'aitya trickster,3961,3,869,1,1,0.8
17669,13496,ty'aitya trickster,3961,3,869,1,1,0.8
17670,13496,ty'aitya trickster,3961,3,869,1,1,0.8
17671,13497,invasive sarracenia,1034,3,5,2,2,1.25
17672,13498,invasive mourner,4168,3,49,7,2,1.2
17673,13499,furious wivre,948,3,235,1,1,1
17674,13499,furious wivre,948,3,235,1,1,1
17675,13500,invasive zaratan,2780,3,5,3,1,1.8
17676,13501,old-growth blue leafkin,4194,3,806,1,2,2
17677,13502,wrecked sentry S5,4116,1,201,1,1,1
17679,13504,violent gomphotherium,4179,3,246,4,3,1
17680,13264,cenote slammer,384,3,153,1,4,1
17681,13265,cenote leafkin,2886,3,141,6,1,1
17682,117,lightning sprite,384,3,153,1,4,1
17683,13111,thunder spirit,2886,3,141,6,1,1
17684,13505,charged bolt hound,4171,3,71,2,6,0.6
17685,13506,noble exoray,3066,3,569,1,2,1.2
17686,13507,volcanic scorpion,1680,3,1,6,1,2
17687,13508,spawning jungle orobon,270,3,82,2,1,2.5
17688,13509,wandering stinkshell,1718,3,384,1,1,1.5
17689,13510,tight-beaked toucalibri,4175,3,138,1,3,1.2
17690,13511,hungry ocelot,1816,3,17,6,2,1.4
17691,13512,prickly barbmole,283,3,85,2,1,2
17695,13134,fire sprite,381,3,153,1,1,1.2
17696,13095,molten phoebad,3069,3,396,2,3,1
17699,13517,blazing cerule anala,4186,3,352,5,2,1
17700,13517,blazing cerule anala,4186,3,352,5,2,1.6
17701,13111,thunder spirit,2886,3,141,6,1,1
17702,13518,charged bolt hound,4171,3,71,2,6,0.7
17703,13519,young woolback,2885,3,238,4,1,1.3
17704,13520,thieving torbalan,4299,2,1003,5,3,2.5
17705,13521,starved seeker bat,4161,3,129,5,1,0.3
17706,13360,Kirlirger the Abhorrent,4297,2,1070,2,3,2.5
17707,13361,queen hawk,4202,3,11,3,3,4
17708,13362,Nechuciho,4298,2,1009,10,2,1.8
17709,13325,wandering fluid soul,4047,3,8462,1,1,1
17710,13326,unlost sentry GX,4048,3,8463,1,1,1
17711,13325,wandering fluid soul,4049,3,8464,1,1,1
17712,13537,aggressive dhara,4050,3,8465,1,1,1
17713,13552,cultivated morbol seedling,4051,3,8466,1,1,1
17714,13309,Ilyikty'i,4052,3,8467,1,1,1
17715,13331,unlost sentry GX,4053,3,8468,1,1,1
17716,13311,Squeak the Coyote,4054,3,8469,1,1,1
17717,13312,Rororrlo Teh,4055,3,8470,1,1,1
17718,13332,unlost sentry GX,4056,3,8471,1,1,1
17719,13335,swarming torbalan,4057,3,8472,1,1,1
17720,13336,unlost sentry GX,4058,3,8473,1,1,1
17721,13337,thieving gargantua,4117,3,8474,1,1,1
17722,13309,Ilyikty'i,4118,3,8475,1,1,1
17723,13586,Wuk Lamat,4119,3,8476,1,1,1
17724,13587,Erenville,4120,3,8477,1,1,1
17725,13320,Ambrose the Unfinished,4121,3,8478,1,1,1
17726,13321,Black Kitten,4122,3,8479,1,1,1
17727,13343,yellow funny-bunny,4123,3,8480,1,1,1
17728,13342,red funny-bunny,4124,3,8481,1,1,1
17729,13573,forest woolback,4125,3,8482,1,1,1
17730,13395,Doppro spearbrother,4128,2,1071,3,1,1
17731,13396,Doppro spearbrother,4128,2,1071,3,1,1
17732,13406,arch aethereater,4302,3,915,1,1,0.5
17733,13448,fruitful nopalitender,4210,3,709,2,1,1.6
17734,13449,volatile cerule bomb,1309,3,26,1,7,3
17735,13449,volatile cerule bomb,1309,3,26,1,7,3
17736,13450,wandering yeheheceyaa,1338,3,64,7,1,1.3
17737,13451,wild flying popoto,1045,3,84,3,2,1.8
17738,13452,elder aspis,2464,3,65,4,1,1.5
17739,13453,lost rroneek calf,4153,3,35,5,1,0.3
17740,13454,wandering gritclaw,2058,3,215,2,4,1.2
17741,13455,wandering ceratoraptor,4100,3,894,1,1,1.5
17742,13456,cerule rheum,1078,3,87,1,8,1.6
17743,13457,bladewise Hoobigo,4126,2,1071,1,1,1
17744,13458,staffwise Boonewa,4127,2,1071,2,1,1
17745,13459,spearwise Doppro,4128,2,1071,3,1,1
17746,13523,nopalitender agricultor,4284,3,709,2,2,0.8
17747,13524,tumbleclaw kindler,4160,3,385,2,1,0.8
17748,13525,Flamedrinker,4186,3,352,5,2,2.3
17749,13526,hungry yeheheceyaa,1338,3,64,7,1,1.3
17750,13528,pack alpaca,4091,3,887,1,1,1
17752,13531,bushy sunbeard,267,3,81,1,2,3
17753,13533,wayward dhara,1849,3,49,5,2,1.35
17754,13535,agitated lunyuhiyshahe,1302,3,235,2,1,0.85
17755,13536,agitated alligator,1509,3,39,6,1,1.4
17756,13537,aggressive dhara,1819,3,49,5,1,1.35
17757,13601,skimmer,386,3,153,2,1,1.5
17758,13539,burrowing aspis,4170,3,65,4,3,1.2
17759,13540,blood bag,489,4,2218,0,1,1.5
17760,108,,489,4,2218,0,1,1.5
17761,13541,thundering hawksbill,94,3,23,1,1,1
17762,13542,the Outjaw,1999,3,405,1,3,6
17763,13543,greedy ceratoraptor,4100,3,894,1,1,1.5
17764,13545,fish-filled basket,2064,4,16639,0,1,2.5
17765,13546,invasive lunyucaua'pya,942,3,233,1,1,1
17766,13548,rroneek,4153,3,35,5,1,0.52
17767,13549,Hwittaeki,4153,3,35,5,1,0.8
17768,13384,Xbr'aal youth,4327,3,889,1,1,0.7
17769,13057,Wicked Thunder,476,3,9994,1,1,1
17770,13255,cenote tomaton,4274,2,1006,1,1,1
17776,13043,Zundu warrior,1101,2,1001,6,1,1.2
17777,13407,crystal incarnation,1848,3,417,1,1,1
17780,13190,territorial tumbleclaw,480,0,0,0,1,0
17782,13562,wicked replica,480,0,0,0,1,1
17783,12837,Origenics sentry S9,4116,1,201,1,1,1.3
17784,108,,563,3,171,1,1,2.5
17785,13109,defective turret,2121,3,454,1,1,1
17786,12766,bird of Ihuykatumu,4260,3,118,2,6,1
17787,13301,stray doll,1376,3,310,2,1,1.5
17788,13301,stray doll,1377,3,310,2,2,1.5
17789,13408,defective sentry G8,4116,1,201,1,1,1
17790,13434,Hoobigo forager,4126,2,1071,1,1,1
17791,13442,the Raintriller,4164,3,30,1,6,2
17792,13443,Pkuucha,4198,3,871,1,3,2
17793,13611,Queen Eternal,2163,3,177,5,1,1.9
17794,13444,Ihnuxokiy,4196,3,866,2,2,1
17795,13043,Zundu warrior,1101,2,1001,6,1,1.2
17796,13043,Zundu warrior,1101,2,1001,6,1,1.2
17800,13445,sweet-smelling soil sweetener,488,4,2220,0,1,1
17801,13633,次元の裂け目,2190,3,271,1,32,0.7
17802,7095,aramitama soul,1198,3,271,1,4,1
17803,7093,Hakutei,2163,3,177,5,1,1.9
17813,13184,immunization protocol E1,4296,2,2,2,2,1.2
17814,13185,immunization protocol B4,4171,3,71,2,6,0.7
17815,13187,immunization protocol B8,2612,3,576,1,1,1.5
17816,13183,immunization protocol F1,4109,3,744,3,1,2.5
17817,13189,immunization protocol B2,4283,3,8,2,2,1.1
17818,13181,immunization protocol S3,4280,2,1007,10,1,1.25
17819,13659,hinkypunk,3021,3,683,1,1,3.6
17820,13659,hinkypunk,3021,3,683,1,1,3.6
17821,13660,avian husk,3095,3,708,1,1,1
17822,13661,hinkypunk,3096,3,708,1,2,1
17823,13662,Fafnir the Forgotten,4374,3,640,1,1,3.5
17824,12878,セノーテ・メガグリ,4375,3,640,2,1,3.5
17825,13646,mysterious mindflayer,476,3,9994,1,1,1
17826,13471,ogre crab,4355,3,904,1,10,2
17827,13648,tentacle,4353,3,273,1,75,1.5
17828,13667,●未使用・削除予定,4354,3,273,1,76,1.5
17829,13671,uncanny flying popoto,476,3,9994,1,1,5
17830,13484,lone huallepen,4436,2,1041,1,1,1
17831,13610,Lunipyati,3057,2,1049,1,1,3.2
17832,13451,wild flying popoto,476,3,9994,1,1,1
17833,13675,uncanny cactuar,4375,3,640,2,1,3.5
17834,13485,Murfurlur the Just,2751,5,0,0,1,1
17835,13486,feral longjaw,3057,2,1049,1,1,3.2
17836,13657,phantom claw,1602,3,253,1,2,1
17837,13456,cerule rheum,476,3,9994,1,1,1
17838,13457,bladewise Hoobigo,3151,3,677,1,1,2
17839,12719,red clot,4293,3,914,1,1,3.5
17840,13484,lone huallepen,480,0,0,0,1,3.6
17841,13492,irritated stinkshell,476,3,9994,1,1,3.5
17843,13161,Everkeep sentry G10,4116,1,201,1,1,1.8
17844,168,hoverfly swarm,2720,1,201,1,1,1.5
17845,13105,eyeclops,4436,2,1041,1,1,1.5
17846,13186,immunization protocol B3,4103,3,897,1,1,1.75
17847,13186,immunization protocol B3,4103,3,897,1,1,1.75
17848,13189,immunization protocol B2,4283,3,8,2,2,1.1
17849,13181,immunization protocol S3,4280,2,1007,10,1,1.25
17850,13182,immunization protocol S5,4280,2,1007,10,1,2
17851,13691,the Deathservant,1906,3,88,7,2,1.5
17852,13506,noble exoray,827,3,25,2,1,7
17853,13671,uncanny flying popoto,2674,3,588,1,1,1.5
17854,13672,uncanny nopalitender,2675,3,589,1,1,2
17855,13680,spore cloud,1620,3,55,1,16,1.5
17856,13876,crescent fan,1528,3,340,1,1,1.2
17857,13637,black chocobo,913,3,177,2,1,1
17858,13635,preserved soul,198,3,54,1,1,1.5
17859,13636,Black Star,1750,3,314,2,3,1.3
17860,13479,volcanic ridgetrap,365,3,143,1,1,1.3
17861,13686,toco toquito,1535,3,343,1,1,1
17862,13481,angry Naryordor,2770,3,540,1,1,1.5
17863,13695,trade tortoise,824,3,215,2,1,1.2
17864,13644,Ark Angel EV,1738,3,35,4,1,0.8
17865,13646,mysterious mindflayer,2315,3,336,2,1,0.8
17866,13647,jesting jackanapes,3676,3,377,1,4,1
17867,13644,Ark Angel EV,1297,3,176,4,1,1
17868,13686,toco toquito,1302,3,235,2,1,0.9
17869,13700,Usurper of Frost & Oracle of Darkness,3677,3,503,1,2,1.6
17870,13489,obstructive u'out,2817,3,69,2,1,1
17871,9363,G'raha Tia,3059,3,177,6,1,1.4
17872,13243,Turali eggplant,171,3,43,1,5,2
17873,13654,lordly shadow,1518,3,338,2,1,1
17874,9403,monoceros,1517,3,338,1,1,1
17875,13656,death claw,831,3,183,4,1,1.3
17876,13702,gilded headstone,1312,3,65,3,1,1.2
17877,9870,Angelo,840,3,143,2,1,1.55
17878,13497,invasive sarracenia,1751,3,285,1,2,2.3
17879,13697,draconic double,3726,3,16,3,1,1.6
17880,13212,territorial bandercoeurl,563,3,171,1,1,1.8
17881,13658,clawmarks,19,2,1017,1,1,2
17882,13532,Tonawawtan trapper,2673,3,587,1,1,1.2
17883,13663,ravaging wind,1057,3,215,2,2,1.4
17884,13531,bushy sunbeard,3659,3,280,3,1,0.8
17885,9753,crowned marchosias,1421,3,60,3,5,1
17886,13537,aggressive dhara,3375,3,146,5,2,0.85
17887,13531,bushy sunbeard,1328,3,65,3,2,1.8
17888,13507,volcanic scorpion,1094,3,172,1,4,2
17889,13666,cloister demon,2275,3,62,1,2,1.65
17890,13668,cloister torch,197,3,53,1,1,1.2
17891,12871,Skydeep haunt,68,3,17,1,4,2
17892,13543,greedy ceratoraptor,1755,3,389,1,1,0.6
17893,13544,Hhetsarro angler,2572,3,49,8,2,1.2
17894,13513,bandit marauder,3143,3,234,5,1,0.7
17895,13514,bandit archer,1311,3,55,1,15,1.7
17896,12780,Vanguard aerostat,1303,3,288,1,1,0.4
17897,13516,Tonawawtan outlaw,4549,3,127,5,1,2.5
17898,12780,Vanguard aerostat,1991,3,39,5,2,1.45
17899,12780,Vanguard aerostat,340,3,120,1,1,1.4
17900,13811,ochre stone,2789,3,73,3,1,2.3
17901,13733,gaseous Phobos,2932,3,380,1,2,0.5
17902,13553,cultivated moss fungus,2932,3,380,1,2,0.5
17903,13728,occult knight,2932,3,380,1,2,0.5
17904,13523,nopalitender agricultor,2932,3,380,1,2,0.5
17905,13683,Nano Lord,1575,3,352,1,2,1.3
17906,13926,crescent gourmand,1575,3,352,1,2,1.3
17907,13274,cenote flytrap,1575,3,352,1,2,1.3
17908,13685,Adamant Weapon,2185,3,476,1,1,1.5
17909,13272,bird of the cenote,2185,3,476,1,1,1.5
17910,13930,crescent flame,2185,3,476,1,1,1.5
17911,13691,the Deathservant,2185,3,476,1,1,1.5
17912,13932,crescent leshy,2665,3,73,2,2,2.2
17913,13693,wind-up Themis,2665,3,73,2,2,2.2
17914,13924,crescent armor,2665,3,73,2,2,2.2
17915,13935,crescent harpuia,1619,3,352,4,1,1.7
17916,13936,crescent zaratan,1619,3,352,4,1,1.7
17917,13937,crescent apa,1619,3,352,4,1,1.7
17918,13925,crescent troubadour,1619,3,352,4,1,1.7
17919,13939,crescent bomb,640,3,54,4,1,1.5
17920,13539,burrowing aspis,640,3,54,4,1,1.5
17921,13701,Nammu,640,3,54,4,1,1.5
17922,13703,Sisyphus,771,3,29,1,8,2.3
17923,13943,crescent fool,771,3,29,1,8,2.3
17924,12904,malodorous megamaguey,771,3,29,1,8,2.3
17925,12979,Daybreakers gunslinger,771,3,29,1,8,2.3
17926,250,Amalj'aa hunter,82,3,21,1,2,2.5
17927,13744,crescent taurus,661,3,21,1,8,2.5
17928,13572,forest bat,1958,3,153,1,9,1
17929,13711,enticed ocelot,4426,3,554,2,1,1.3
17930,13950,assassin's dagger,4646,3,272,1,69,4
17931,13711,enticed ocelot,4566,3,296,5,2,0.8
17932,13576,●ヘクトアイズ,4566,3,296,5,2,0.5
17933,13272,bird of the cenote,4590,3,55,10,1,4
17934,13714,fledgling of Ligaka,4591,3,55,10,2,1.5
17935,14086,Eald'narche,4529,2,1084,1,1,2
17936,13716,sandrake,4362,3,392,1,3,1
17937,13718,petalodus progeny,4238,3,183,9,1,1.5
17938,13756,Brute Abombinator,4259,3,909,1,1,2
17939,13757,soldier S0,2885,3,238,4,1,1.3
17940,13960,wind-up Gulool Ja Ja,4363,3,41,2,4,2
17941,13560,fragment of memory,548,1,0,1,1,1.5
17942,12996,grasslands worm,597,1,101,1,1,1.5
17943,267,Allagan naga,4400,2,1009,11,3,1.2
17944,13578,giant corse,1819,3,49,5,1,1.35
17945,13579,sprightly dhara,2659,3,396,1,2,1.3
17946,13580,sprightly phoebad,2778,3,85,3,2,2
17947,13581,sprightly mole,1293,3,42,5,1,1.1
17948,13583,sprightly loamkeep,2669,3,417,1,4,1
17949,13584,sprightly stone,4364,3,316,2,2,1
17950,13601,skimmer,4343,3,130,2,1,2
17951,13586,Wuk Lamat,4342,3,684,1,1,2.5
17952,13586,Wuk Lamat,4360,3,61,1,2,1.4
17953,13587,Erenville,4371,3,261,1,3,2
17954,13588,rroneek,1360,3,302,1,1,1.2
17955,13589,yeheheceyaa,4368,3,340,5,1,1.5
17956,13590,ceratoraptor,3004,3,156,1,31,1.5
17957,13591,horned lizard,1197,3,271,1,3,1.2
17958,13593,alpha alligator,3658,3,129,4,1,0.7
17959,13624,Cloud of Darkness,3502,3,708,1,14,1.5
17970,113,earth sprite,4153,3,35,5,1,0.65
17971,113,earth sprite,1338,3,64,7,1,1
17972,113,earth sprite,4100,3,894,1,1,1.5
17973,13590,ceratoraptor,136,3,34,2,1,1
17974,13591,horned lizard,1509,3,39,6,1,1
17975,13995,vault roadripper,1509,3,39,6,1,1.9
17976,13594,tturuhhetso,4322,3,233,6,1,1.7
17977,13642,Ark Angel TT,4356,3,904,1,11,1
17978,13643,Ark Angel MR,1198,3,271,1,4,1
17984,14004,cat collar,100,3,26,1,1,5
17985,14005,paeonia,4321,3,171,3,1,2.5
17986,14006,paeonia seedling,4352,3,273,1,74,1
17987,14007,gilded sentry,381,3,153,1,1,2
17988,14008,vault laser turret,180,3,46,1,2,1.5
17989,13634,Overseer Kanilokka,187,3,49,1,1,1.6
17990,13609,flamingo,79,3,20,1,2,1
17991,13625,stygian shadow,79,3,20,1,2,5
17992,13046,Leophyne the Unchivalrous,2751,5,0,0,1,1
17993,13772,bygone electrohound,476,3,9994,1,1,5.25
17994,13774,bygone terror knight,4323,3,330,4,1,1.8
17995,13776,interceptor drone α,4384,3,706,1,4,2.5
17996,13631,dread gale,4312,3,799,2,1,2.6
17997,13632,sinister eye,480,0,0,0,1,1
17998,13633,次元の裂け目,4063,2,1073,1,1,0.75
17999,13634,Overseer Kanilokka,476,3,9994,1,1,1
18000,13781,silencer,2751,5,0,0,1,1
18001,14021,several rare enemies,480,0,0,0,1,1
18002,13640,Ark Angel HM,548,1,0,1,1,1.5
18003,13639,chatterbird,548,1,0,1,1,1.5
18004,13639,chatterbird,548,1,0,1,1,1.5
18005,13640,Ark Angel HM,597,1,101,1,1,1.5
18007,13641,Ark Angel GK,4309,3,920,1,1,0.85
18008,14159,traverse pincerbeak,4310,3,920,2,1,1
18009,13581,sprightly mole,4310,3,920,2,1,0.85
18010,13656,death claw,4346,3,272,1,62,1
18015,13650,holy sphere,4064,2,1072,1,1,1
18017,13651,gale sphere,4153,3,35,5,1,0.52
18018,13652,sand sphere,1045,3,84,3,2,1.8
18019,13591,horned lizard,4284,3,709,2,2,1
18020,13591,horned lizard,136,3,34,2,1,1.13
18021,13593,alpha alligator,4160,3,385,2,1,0.8
18022,13385,Xbr'aal youth,142,3,36,1,2,3
18023,13663,ravaging wind,1473,3,58,6,1,0.8
18024,13595,scale-armored leg,160,3,41,1,2,1.5
18025,13660,avian husk,574,3,176,1,1,1
18030,13601,skimmer,4064,2,1072,1,1,1
18032,13604,robber crab,4373,3,901,2,1,1
18033,13604,robber crab,4358,3,904,1,13,1
18034,13606,sprinkler,476,3,9994,1,1,1
18035,13670,uncanny rroneek,4325,3,926,1,1,3.7
18036,13671,uncanny flying popoto,4348,3,273,1,70,1
18037,13688,spinettesaurus,160,3,41,1,2,1.5
18038,13673,uncanny horned lizard,574,3,176,1,1,1
18039,13677,uncanny gedan,4036,3,881,1,1,1
18040,13676,uncanny huallepen,4359,3,881,2,1,1
18041,13029,Queen Eternal,2751,5,0,0,1,1
18042,13680,spore cloud,2751,5,0,0,1,1
18043,13679,mycotender,4156,3,903,1,2,0.5
18044,13678,uncanny mountain bear,1912,3,272,1,20,1.55
18045,13679,mycotender,629,3,106,1,1,1.7
18046,13680,spore cloud,4347,3,273,1,69,1
18047,13692,wisp of Darkness,764,3,204,1,1,1
18048,13682,filthy shackle,764,3,204,1,1,1.5
18049,13683,Nano Lord,4336,2,1078,1,1,2.2
18050,13685,Adamant Weapon,4337,2,1079,1,1,2.2
18051,13685,Adamant Weapon,4338,2,1080,1,1,2.2
18052,13686,toco toquito,4339,2,1081,1,1,2.2
18053,13687,shshuye,4340,2,1082,1,1,2.2
18054,13689,wind-up Pelupelu,4336,2,1078,1,1,2.2
18055,13689,wind-up Pelupelu,4341,3,927,1,1,2.75
18056,13691,the Deathservant,4365,3,87,1,13,1
18057,13691,the Deathservant,4435,2,1004,1,6,1.5
18058,13692,wisp of Darkness,4405,3,198,1,1,1
18059,13693,wind-up Themis,1371,3,187,2,1,1
18060,13695,trade tortoise,2574,3,569,1,1,1.5
18061,13696,crystal dragon,198,3,54,1,1,1.2
18062,13697,draconic double,355,3,133,1,1,1
18063,13698,crystal,355,3,133,1,1,3
18064,13699,Ryne & Gaia,1449,3,322,1,1,1
18065,13701,Nammu,1451,3,247,2,1,1.1
18066,13701,Nammu,1451,3,247,2,1,2.5
18067,13702,gilded headstone,4366,3,7,1,6,1
18068,14114,forgiven ignorance,480,0,0,0,1,1
18069,13709,ambushing hammerhead,4217,2,1068,3,1,0.7
18070,13710,scavenging u'out,4377,1,604,1,1,0.93
18071,13685,Adamant Weapon,4378,2,1068,3,1,0.7
18075,218,Qiqirn scrambler,4369,3,105,10,1,2
18076,218,Qiqirn scrambler,4369,3,105,10,1,1.3
18078,13695,trade tortoise,4518,3,35,4,2,1.25
18079,13696,crystal dragon,360,3,138,1,1,1.5
18083,13654,lordly shadow,4362,3,392,1,3,1
18084,13656,death claw,2885,3,238,4,1,1.3
18085,13725,Loashkana the Leal,1,2,1,1,1,1.8
18086,13074,noble noggin,1,2,1,1,1,1.2
18087,13656,death claw,1,2,1,1,1,1.2
18088,13074,noble noggin,1,2,1,1,1,1.2
18089,13656,death claw,4361,2,1,1,1,1.2
18090,13724,Quickdart Kuiyki,221,3,59,1,1,1.5
18091,13725,Loashkana the Leal,4153,3,35,5,1,0.52
18092,13660,avian husk,1045,3,84,3,2,1.8
18093,13660,avian husk,4284,3,709,2,2,1
18094,13732,Phobos,136,3,34,2,1,1.13
18095,13729,megaloknight,4160,3,385,2,1,0.8
18096,13730,Triton,142,3,36,1,2,3
18097,13735,liquified Triton,4364,3,316,2,2,1
18098,13723,Ceetol Ja the Gracious,476,3,9994,1,1,2.7
18099,244,giant tortoise,476,3,9994,1,1,1.2
18100,244,giant tortoise,476,3,9994,1,1,1
18101,244,giant tortoise,4517,3,18,1,6,2.5
18102,13705,Elvaan adventurer,63,3,16,1,1,2.5
18103,13093,Naryordor,725,3,205,1,1,0.6
18104,13718,petalodus progeny,1664,3,260,1,2,3.5
18105,13093,Naryordor,1665,3,261,1,2,2
18106,13675,uncanny cactuar,1666,3,287,1,2,2
18107,13093,Naryordor,480,0,0,0,1,1
18108,13676,uncanny huallepen,1338,3,64,7,1,1.3
18109,13677,uncanny gedan,4547,3,55,5,1,3
18110,13678,uncanny mountain bear,2334,3,87,1,10,2.5
18111,13679,mycotender,3074,3,222,1,2,4
18112,13679,mycotender,480,0,0,0,1,1
18113,13747,cry of havoc,1421,3,60,3,5,1.3
18114,13748,havoc,1372,3,271,1,13,1.3
18115,13749,Valia Pira,1372,3,271,1,13,1.3
18116,13750,bloodstone,4503,3,295,3,2,0.8
18117,13751,coordinate turret,4503,3,295,3,2,0.65
18118,13752,coordinate cannon,4349,3,273,1,71,1
18119,14139,traverse soldierstone,4350,3,273,1,72,1
18120,14140,forgiven plague,4351,3,273,1,73,1
18121,13756,Brute Abombinator,4410,3,573,1,3,1.2
18122,13757,soldier S0,1273,3,285,1,1,2
18123,13758,add block,100,3,26,1,1,12
18124,13759,crescent berserker,4546,3,146,4,1,1.4
18125,13760,demon tablet,1506,3,271,1,17,1
18126,13761,summoned demon,4223,3,272,1,57,1
18127,14147,traverse inquisitor,476,3,9994,1,1,1.2
18128,13670,uncanny rroneek,432,3,8008,1,1,1
18129,13659,hinkypunk,4409,3,386,3,3,1.6
18130,111,Deepcroft miteling,4409,3,386,3,3,1.6
18131,13661,hinkypunk,4409,3,386,3,3,1.6
18132,14152,traverse petreffigy,4363,3,41,2,4,2
18133,1340,thrill-seeking skeptic,480,0,0,0,1,1
18134,14154,traverse anaconda,476,3,9994,1,1,1
18135,1343,flame scout,2945,3,236,3,1,2.5
18136,1333,problematic porter,1197,3,271,1,3,1
18137,1341,cowardly challenger,480,0,0,0,1,1
18138,13771,bygone alpha sentry,476,3,9994,1,1,1.5
18139,13775,bygone roadripper,480,0,0,0,1,1
18140,14160,traverse cliffkite,4468,3,427,1,3,2
18141,13630,ball of naught,4474,3,904,1,14,3
18142,257,Diamondjaw Nezedd Gah,1506,3,271,1,17,1.5
18143,14163,traverse germinant,1452,3,153,1,8,2.2
18144,13689,wind-up Pelupelu,4466,3,72,1,7,1.5
18145,14165,traverse tawnyclaw,4465,3,322,1,1,1.2
18146,13691,the Deathservant,1451,3,247,2,1,1.3
18147,13636,Black Star,4313,3,921,1,1,1
18148,13788,tower Progenitrix,4483,3,272,1,64,1
18149,13763,sandcake,4449,3,212,9,1,1
18150,13466,jittering chapuli,4451,3,472,6,1,1
18151,13467,rambling valras,4370,3,811,3,1,1
18152,13468,cultivated morbol seedling,4530,3,179,6,1,5
18153,13469,Otsohhihwete,4531,3,179,7,1,4
18154,13788,tower Progenitrix,4532,3,179,8,1,1.8
18155,13789,tower Progenitor,4492,3,9994,1,1,4
18156,13802,guardian bat,4492,3,9994,1,1,4
18157,13644,Ark Angel EV,4385,3,8483,1,1,1
18158,13803,guardian weapon,4386,3,8484,1,1,1
18159,13648,tentacle,4387,3,8485,1,1,1
18160,14171,traverse Pachamama,4388,3,8486,1,1,1
18161,14171,traverse Pachamama,4389,3,8487,1,1,1
18162,13796,light sprite,4390,3,8488,1,1,1
18163,13652,sand sphere,4391,3,8489,1,1,1
18164,13798,guardian wraith,4392,3,8490,1,1,1
18165,13759,crescent berserker,4393,3,8491,1,1,1
18166,13758,add block,4394,3,8492,1,1,1
18167,13761,summoned demon,4395,3,8493,1,1,1
18168,13803,guardian weapon,4396,3,8494,1,1,1
18169,13755,blooming abomination,4492,3,9994,1,1,4
18170,13758,add block,270,3,82,2,1,2.5
18171,13757,soldier S0,4235,3,147,2,1,1.73
18172,13806,tower marolith,35,3,5,1,2,1.1
18173,13807,tower skatene,1816,3,17,6,2,1.4
18174,13808,tower petroglyph,3958,3,866,2,1,0.5
18175,13809,lion rampant,146,3,37,1,2,1.4
18176,13663,ravaging wind,4260,3,118,2,6,1.15
18177,13811,ochre stone,657,3,137,1,2,2
18178,13813,radiant beacon,179,3,46,1,1,1.5
18179,1376,short-tempered thaumaturge,4499,3,109,4,1,4.5
18180,1384,small bomb,4544,3,49,8,1,1.9
18181,13752,coordinate cannon,4545,3,49,8,2,1.5
18182,13754,sediment sphere,4508,3,272,1,68,1
18183,223,ziz gorlin,3669,3,272,1,33,1
18184,13500,invasive zaratan,1197,3,271,1,3,1
18185,225,goblin hunter,2355,3,273,1,23,2.5
18186,13812,radiant roundel,4422,3,248,2,1,2
18187,13811,ochre stone,567,3,172,1,1,1.5
18188,13813,radiant beacon,1094,3,172,1,4,2
18189,334,Noble Whoresons smuggler,2182,3,473,1,1,1.2
18190,13824,heaven bomb,4365,3,87,1,13,1
18191,13825,throw-up target,654,3,198,1,1,1
18192,13826,sweet shot,1371,3,187,2,1,1
18193,13827,tempest piece,355,3,133,1,1,1
18194,13828,mouthwatering morbol,1451,3,247,2,1,1.1
18195,13682,filthy shackle,4366,3,7,1,6,1
18196,13607,groundskeeper,526,3,9995,1,1,1
18197,13610,Lunipyati,4424,3,420,7,1,0.6
18198,13794,tower drip,4424,3,420,7,1,0.6
18199,13793,tower weapon,4504,3,368,3,1,1
18200,13792,tower scarab,4561,3,327,2,1,1
18201,13791,tower bandersnatch,480,0,0,0,1,1
18202,13790,tower manticore,4500,3,343,1,2,1.5
18203,13822,Sugar Riot,480,0,0,0,1,1
18204,334,Noble Whoresons smuggler,597,1,101,1,1,1.5
18205,13747,cry of havoc,597,1,101,1,1,1.5
18206,13748,havoc,4421,3,127,7,1,3
18207,13750,bloodstone,4421,3,127,7,1,3
18208,13749,Valia Pira,4421,3,127,7,1,5
18209,13751,coordinate turret,4421,3,127,7,1,3
18210,13752,coordinate cannon,4398,3,928,1,1,0.65
18211,13753,gargant,4398,3,928,1,1,0.55
18212,13754,sediment sphere,4398,3,928,1,1,0.65
18213,13755,blooming abomination,4458,3,253,3,1,1.5
18214,13756,Brute Abombinator,4470,3,943,1,2,0.7
18215,13757,soldier S0,4398,3,928,1,1,0.65
18216,13758,add block,4398,3,928,1,1,0.55
18217,257,Diamondjaw Nezedd Gah,4398,3,928,1,1,0.65
18218,13821,hot air,4458,3,253,3,1,1.5
18219,257,Diamondjaw Nezedd Gah,4458,3,253,3,1,1.5
18220,13210,territorial alpaca,4470,3,943,1,2,0.7
18221,1428,Gavial,4471,3,943,1,3,0.7
18222,13210,territorial alpaca,4399,3,929,1,1,1
18223,13848,gleaming fang,4469,3,943,1,1,1.5
18224,13850,gleaming fang,4471,3,943,1,3,1.5
18225,1429,Gargamelle,4459,3,253,3,2,1.5
18226,149,horde mite,4459,3,253,3,2,1.5
18227,13844,Howling Blade,476,3,9994,1,1,1
18228,13796,light sprite,476,3,9994,1,1,1
18229,13796,light sprite,1872,3,42,5,3,1
18230,153,prison pteroc,480,0,0,0,1,1
18231,13704,advanced aevis,1875,3,420,1,1,0.8
18232,13704,advanced aevis,480,0,0,0,1,1
18233,13814,command urn,476,3,9994,1,1,1
18234,13855,execrator,1338,3,64,7,1,2
18235,13823,paint bomb,2956,3,9994,1,1,2.5
18237,13726,mythic idol,2625,3,382,2,1,0.85
18238,13780,spotlight,2075,3,105,6,1,0.7
18239,13781,silencer,1298,3,286,1,1,2
18240,13783,lockward,1299,3,286,1,2,2
18241,13887,crescent rosebear,1749,3,183,1,2,1.8
18242,223,ziz gorlin,913,3,177,2,1,1.2
18243,13888,crescent triceratops,1316,3,290,1,1,1.8
18244,13695,trade tortoise,2601,3,574,1,1,1.5
18245,13653,Shadow Lord,2688,2,1040,1,1,1.7
18246,13795,tower achamoth,1405,3,195,2,1,1.5
18247,13796,light sprite,1452,3,153,1,8,1.2
18248,13778,Dancing Green,1848,3,417,1,1,0.65
18249,172,Redbelly larcener,1504,3,334,1,1,2
18250,13780,spotlight,4499,3,109,4,1,2.5
18251,12859,glacial beacon,81,3,21,1,1,1.8
18252,290,sandworm,4421,3,127,7,1,2.3
18253,12859,glacial beacon,4259,3,909,1,1,1.5
18254,13859,Commandingway,2601,3,574,1,1,2
18255,13988,vault tree,4549,3,127,5,1,2.5
18256,13859,Commandingway,133,3,33,1,1,1.5
18257,13808,tower petroglyph,1088,3,247,1,2,1.5
18258,13808,tower petroglyph,904,3,225,1,1,1
18260,13719,ark shield,2751,5,0,0,1,1
18261,13750,bloodstone,4477,3,273,1,77,1
18262,13800,guardian golem,4478,3,273,1,78,1
18264,13674,uncanny tumbleclaw,670,3,199,1,1,2
18265,13763,sandcake,4453,3,591,1,9,2.3
18266,13717,Nymian petalodus,1364,3,306,1,1,0.7
18267,13765,Underkeep myrmecoleon,1989,3,383,1,2,0.8
18268,13755,blooming abomination,238,3,68,1,1,1
18269,13585,Koana,4452,3,528,6,1,1.5
18270,13586,Wuk Lamat,2674,3,588,1,1,0.8
18271,246,Amalj'aa impaler,4455,3,877,2,1,1.5
18272,13810,light sprite,4280,2,1007,10,1,1.25
18273,13878,crescent goobbue,4283,3,8,2,2,1.1
18274,13761,summoned demon,4280,2,1007,10,1,2
18275,13990,vault gemkeeper,4454,3,645,1,2,2.2
18276,257,Diamondjaw Nezedd Gah,4455,3,877,2,1,1.5
18277,13902,crescent Cetus,4507,2,1048,1,2,4
18278,13947,Magitaur,4450,3,378,2,2,1.25
18279,13951,lance empowerment conduit,476,3,9994,1,1,1
18280,13950,assassin's dagger,4586,3,79,1,1,2
18281,13948,luminous lance,4586,3,79,1,1,2
18282,13949,sage's staff,4586,3,79,1,1,2
18283,13879,crescent monk,198,3,54,1,1,1.5
18284,13878,crescent goobbue,198,3,54,1,1,1.5
18285,13877,crescent bandersnatch,198,3,54,1,1,1.5
18286,13876,crescent fan,1738,3,35,4,1,1
18287,13875,crescent inkstain,4586,3,79,1,1,2
18288,13826,sweet shot,1755,3,389,1,1,0.6
18289,13834,feather ray,1755,3,389,1,1,0.8
18290,13832,yan,956,3,237,1,1,2.5
18291,13833,jabberwock,480,0,0,0,1,1
18292,13835,gimme cat,365,3,143,1,1,1.3
18293,13834,feather ray,365,3,143,1,1,1.3
18294,13836,Shale,365,3,143,1,1,1.3
18295,13837,Calyx,1535,3,343,1,1,1
18296,13838,marble dragon,1535,3,343,1,1,1
18297,13839,icewind,1535,3,343,1,1,1
18298,13840,ice golem,365,3,143,1,1,1.6
18299,13841,ice sprite,359,3,137,1,1,1
18300,13842,gelid gaol,83,3,21,1,3,2
18301,13843,Howling Blade,510,5,0,0,1,1
18302,342,shallowtail Reaver,366,3,144,1,1,1
18303,12911,polluting morbol,521,3,31,1,1,1.5
18304,342,shallowtail Reaver,521,3,31,1,1,1.5
18305,12911,polluting morbol,4414,3,935,1,1,0.7
18306,13939,crescent bomb,4560,3,5,2,1,1.7
18307,13940,crescent dhruva,4414,3,935,1,1,0.7
18308,13941,crescent mousse,4560,3,5,2,1,1.7
18309,13751,coordinate turret,476,3,9994,1,1,7
18310,13724,Quickdart Kuiyki,4464,2,1048,3,1,4
18311,13980,striking shrublet,4464,2,1048,3,1,4
18312,13984,vault crab,4464,2,1048,3,1,4
18313,13983,vault fluid soul,4225,3,904,1,7,1
18314,13949,sage's staff,2449,0,0,0,1,1
18315,13905,crescent meraevis,1079,3,87,1,9,4
18316,13813,radiant beacon,1078,3,87,1,8,4
18317,13815,vassal vessel,4585,3,273,1,86,5
18318,13749,Valia Pira,4423,3,343,8,1,1.8
18319,108,,4479,3,273,1,79,1.6
18320,13809,lion rampant,8,2,1006,1,1,3
18321,13753,gargant,4415,3,51,2,1,2.8
18322,3069,sand sphere,910,3,156,1,22,1
18323,13751,coordinate turret,476,3,9994,1,1,1
18324,13755,blooming abomination,4476,3,904,1,16,1
18325,114,ice sprite,4457,3,456,4,1,3
18326,13947,Magitaur,4457,3,456,4,1,4
18327,13759,crescent berserker,100,3,26,1,1,2
18328,3075,vicegerent to the Warden,4476,3,904,1,16,0.8
18329,13757,soldier S0,4429,3,922,1,1,1
18330,13982,vault water spirit,670,3,199,1,1,4
18331,13763,sandcake,670,3,199,1,1,4
18332,3079,bronze pugil,4481,3,273,1,81,1.5
18333,13884,crescent Garula,4502,3,472,3,5,1.5
18334,13885,crescent collagen,4480,3,273,1,80,0.8
18335,13885,crescent collagen,4429,3,922,1,1,1
18336,13885,crescent collagen,670,3,199,1,1,4
18337,564,potter wasp swarm,670,3,199,1,1,4
18338,13826,sweet shot,4502,3,472,3,5,1.5
18339,13827,tempest piece,4480,3,273,1,80,0.8
18340,13750,bloodstone,145,3,37,1,1,1.3
18341,13749,Valia Pira,18,2,1016,1,1,2.5
18342,13753,gargant,208,3,55,1,8,1
18343,13756,Brute Abombinator,4425,3,528,5,1,0.9
18344,13758,add block,4509,3,8499,1,1,5
18345,13833,jabberwock,4428,2,1021,6,1,1
18346,13788,tower Progenitrix,4467,3,296,7,1,0.4
18347,13835,gimme cat,4372,3,33,2,1,1.5
18348,13846,wolf of wind,4481,3,273,1,81,1.5
18349,13757,soldier S0,4416,2,1083,1,1,2.3
18350,13837,Calyx,4416,2,1083,1,1,2.3
18351,14066,acrophies,476,3,9994,1,1,3.2
18352,13890,crescent echos,4458,3,253,3,1,1.5
18353,13812,radiant roundel,4459,3,253,3,2,1.5
18354,13796,light sprite,4458,3,253,3,1,1.5
18355,13843,Howling Blade,4459,3,253,3,2,1.5
18356,13844,Howling Blade,476,3,9994,1,1,1
18357,13845,moonlit shadow,476,3,9994,1,1,1
18358,585,Coeurlclaw catspaw,4412,3,934,1,1,3.5
18359,14063,giant ascetic,4413,3,934,2,1,2.2
18360,13780,spotlight,4482,3,272,1,65,1
18361,342,shallowtail Reaver,4412,3,934,1,1,3.5
18362,13850,gleaming fang,4413,3,934,2,1,2.2
18363,114,ice sprite,4482,3,272,1,65,1
18364,13718,petalodus progeny,2572,3,49,8,2,1.5
18365,13816,mad mudarch,4448,3,211,1,2,1
18366,289,eft,316,3,105,1,1,1.5
18367,118,midge swarm,476,3,9994,1,1,1
18368,13810,light sprite,480,0,0,0,1,1
18369,168,hoverfly swarm,476,3,9994,1,1,1
18370,13860,roseblood drop,4534,3,273,1,83,1
18371,13858,frozen Triton,4411,3,933,1,1,1
18372,13859,Commandingway,4505,3,273,1,82,1
18373,13790,tower manticore,4505,3,273,1,82,0.5
18374,13791,tower bandersnatch,4411,3,933,1,1,1
18375,13792,tower scarab,4505,3,273,1,82,1
18376,13864,Zelenia's shade,4506,3,272,1,67,1
18377,13836,Shale,4072,1,201,1,1,1
18378,13866,tower bogy,4411,3,933,1,1,1
18379,13867,tower bhoot,263,3,79,1,1,1.5
18380,13868,sanguine recluse,2172,3,465,1,1,1
18381,7707,Song of Fire,2345,3,273,1,13,1.5
18382,13870,petrifog,2346,3,273,1,14,1.5
18383,13800,guardian golem,2347,3,273,1,15,1.5
18384,13801,guardian knight,2348,3,273,1,16,1.5
18385,13802,guardian bat,2366,3,118,5,1,2
18386,13879,crescent monk,2446,3,118,1,3,0.8
18387,13880,crescent taurus,2368,3,204,3,1,1
18388,13881,crescent headstone,2368,3,204,3,1,1.8
18389,13882,crescent flying lizard,2353,3,273,1,21,1.5
18390,7702,Suzaku,2365,3,118,4,1,1.5
18391,618,Drooling Daisy,2349,3,273,1,17,2
18392,7714,eastern pyre,2350,3,273,1,18,2
18393,7713,southern pyre,2351,3,273,1,19,2
18394,7712,western pyre,2352,3,273,1,20,2
18395,13933,crescent marolith,2393,3,272,1,16,1
18396,13869,gale sphere,3953,3,129,3,2,0.6
18397,7714,eastern pyre,4475,3,904,1,15,0.6
18398,13942,crescent mimic,480,0,0,0,1,1
18399,13897,crescent haagenti,4548,2,1016,1,1,3
18400,13938,crescent zangbeto,363,3,141,1,1,1
18401,355,mildewed goobbue,480,0,0,0,1,1
18402,13765,Underkeep myrmecoleon,1772,3,397,1,1,0.6
18403,7723,altar scribe,1853,3,377,3,1,1
18404,7726,Lesath,1088,3,247,1,2,1.5
18405,13898,crescent blackguard,364,3,142,1,1,1.8
18406,13903,crescent claw,727,3,141,2,1,1
18407,13904,crescent bachelor,2780,3,5,3,1,1.2
18408,13819,dehumidifier,1867,3,417,2,1,1
18409,13868,sanguine recluse,2087,3,286,2,1,1
18410,14037,Eminent Grief,2665,3,73,2,2,2.2
18411,163,Sylphlands sentinel,2665,3,73,2,2,2.2
18412,14040,bloodguard minion,2665,3,73,2,2,2.2
18413,13925,crescent troubadour,1619,3,352,4,1,1.7
18414,14043,Kam'lanaut,2932,3,380,1,2,0.5
18415,14044,Kam'lanaut,3263,2,1052,1,1,1
18416,14038,devoured eater,3170,3,653,1,8,2.3
18417,14105,traverse rowan,480,0,0,0,1,1
18418,13880,crescent taurus,101,3,26,1,2,8
18419,13880,crescent taurus,101,3,26,1,2,8
18420,13907,crescent void viper,101,3,26,1,2,8
18421,114,ice sprite,101,3,26,1,2,8
18422,154,Mun-Tuy sapling,101,3,26,1,2,8
18423,13843,Howling Blade,101,3,26,1,2,8
18424,13832,yan,101,3,26,1,2,8
18425,13835,gimme cat,1994,3,417,1,2,1
18426,13834,feather ray,1994,3,417,1,2,1
18427,13965,coordinate bit,1994,3,417,1,2,1
18428,13966,ball of fire,1994,3,417,1,2,1
18429,13843,Howling Blade,1994,3,417,1,2,1
18430,13793,tower weapon,1994,3,417,1,2,1
18431,13919,crescent zaghnal,1994,3,417,1,2,1
18432,13919,crescent zaghnal,2684,3,591,1,8,1.5
18433,184,South Shroud opo-opo,2684,3,591,1,8,1.5
18434,13921,crescent caoineag,2684,3,591,1,8,1.5
18435,13925,crescent troubadour,2684,3,591,1,8,1.5
18436,14068,banshee,2684,3,591,1,8,1.5
18437,14070,clipper,2684,3,591,1,8,1.5
18438,14071,kraken,2684,3,591,1,8,1.5
18439,14074,puk,1527,3,197,1,3,1.8
18440,13927,crescent dullahan,1527,3,197,1,3,1.8
18441,13795,tower achamoth,1527,3,197,1,3,1.8
18442,14094,icy hands,1527,3,197,1,3,1.8
18443,13929,occult golem,1527,3,197,1,3,1.8
18444,7762,rainbow drop,1527,3,197,1,3,1.8
18445,7752,sobbing sapling,1527,3,197,1,3,1.8
18446,13944,glitched sentry S8,1795,3,16,2,1,2
18447,199,stumbling funguar,1795,3,16,2,1,2
18448,13865,Sphene,1795,3,16,2,1,2
18449,13866,tower bogy,1795,3,16,2,1,2
18450,13867,tower bhoot,1795,3,16,2,1,2
18451,14084,airship crewman,1795,3,16,2,1,2
18452,14085,Alxaal,4510,3,271,1,21,2.3
18453,14088,orbital levin,4510,3,271,1,21,2.3
18454,13975,bygone aerostat,4514,3,222,1,1,5
18455,14088,orbital levin,4514,3,222,1,1,5
18456,13819,dehumidifier,4475,3,904,1,15,0.6
18458,14091,arcane cylinder,480,0,0,0,1,1
18459,14091,arcane cylinder,2751,5,0,0,1,1
18460,13953,universal empowerment conduit,2751,5,0,0,1,1
18461,13954,Psamathe,1372,3,271,1,13,1.3
18462,13955,Naiad,1372,3,271,1,13,1.3
18463,13956,Deimos,1372,3,271,1,13,1.3
18464,13976,preserved terror,1372,3,271,1,13,1.3
18465,14086,Eald'narche,1372,3,271,1,13,1.3
18466,13870,petrifog,1372,3,271,1,13,1.3
18467,13965,coordinate bit,476,3,9994,1,1,1
18468,13958,clockwork oppressor,476,3,9994,1,1,2
18469,13763,sandcake,4453,3,591,1,9,2.3
18470,13764,Underkeep hornfly,1364,3,306,1,1,0.7
18471,14092,arcane cylinder,4452,3,528,6,1,1.5
18472,13965,coordinate bit,4454,3,645,1,2,2.2
18473,13960,wind-up Gulool Ja Ja,4507,2,1048,1,2,4
18474,206,anole stalker,2956,3,9994,1,1,2.5
18475,13968,forgiven profanity,4966,3,462,1,1,3
18476,13962,tipping tortoise,4116,1,201,1,1,1
18477,13970,chirurgeon general,4116,1,201,1,1,1
18478,13886,crescent aetherscab,4501,3,365,3,2,2.2
18479,706,bone dragon,265,3,80,1,2,2.4
18480,13897,crescent haagenti,601,3,182,1,1,2.5
18481,13898,crescent blackguard,4438,3,8502,1,1,1
18482,13899,crescent satana,4439,3,8502,1,2,1
18483,14012,Spirit of Thunder,4440,3,8502,1,3,1
18484,13974,Immortal Remains,4485,3,8495,1,1,1
18485,13975,bygone aerostat,4486,3,8496,1,1,1
18486,237,morbol,4487,3,8497,1,1,1
18487,13894,animated doll,4488,3,8498,1,1,1
18488,13895,crescent Byblos,4437,3,8501,1,1,1
18489,221,brood ziz,4441,3,8503,1,1,1
18490,13978,forgiven adulation,4491,3,8504,1,1,1
18491,13977,forgiven naivety,4515,3,8447,2,1,1
18492,13786,tower abyss,691,3,16,1,4,3.2
18493,13961,micro rover,3944,3,653,1,21,1
18495,13926,crescent gourmand,480,0,0,0,1,1
18497,248,Amalj'aa halberdier,4683,3,238,8,1,1.5
18498,14186,forgiven voracity,480,0,0,0,1,2
18499,251,Amalj'aa ranger,480,0,0,0,1,3
18505,13922,crescent ghost,4458,3,253,3,1,1.5
18506,13923,crescent geshunpest,4459,3,253,3,2,1.5
18507,13924,crescent armor,4459,3,253,3,2,1.5
18508,307,angler,4564,3,58,1,5,1
18509,13920,occult isleblazer,2317,3,271,1,33,0.7
18510,14018,vault garlic,4616,3,877,4,1,1.5
18511,1780,vodoriga shade,4171,3,71,2,6,0.7
18512,1781,wrathful ogre,4696,1,0,1,1,1.1
18513,1702,59th Order Matriarch Go Zu,480,0,0,0,1,4
18515,2010,giant sandworm,4603,3,114,1,3,1.5
18516,2010,giant sandworm,4696,1,0,1,1,1.1
18517,13928,crescent golem,4696,1,0,1,1,1.1
18518,14031,preserved prisoner,4696,1,0,1,1,1.1
18519,14032,terminal turret,4162,3,12,6,1,1
18520,14033,terminal dataguarder,4686,2,1048,1,3,4
18521,14034,preserved soldier,4696,1,0,1,1,1.2
18522,14035,preserved soldier,4696,1,0,1,1,1.1
18523,14036,Calyx,4576,3,273,1,84,1
18524,14037,Eminent Grief,4602,3,110,4,1,0.9
18525,14038,devoured eater,4565,3,66,1,4,1.6
18526,13946,ball of fire,1008,3,156,1,27,1.3
18527,13947,Magitaur,4458,3,253,3,1,1.5
18529,14041,flameborn,480,0,0,0,1,1
18530,14043,Kam'lanaut,480,0,0,0,1,1
18531,14044,Kam'lanaut,480,0,0,0,1,1
18532,172,Redbelly larcener,480,0,0,0,1,1
18533,14046,vault yan,480,0,0,0,1,1
18534,14024,terminal leptocyon,480,0,0,0,1,1
18535,14048,ravenous headsman,4681,3,286,3,1,2.5
18536,3283,wicked jester,1867,3,417,2,1,1
18537,13988,vault tree,4716,3,319,2,1,3.75
18538,13958,clockwork oppressor,476,3,9994,1,1,1.1
18539,13959,Ja Tiika leafkin,480,0,0,0,1,1
18540,13960,wind-up Gulool Ja Ja,526,3,9995,1,1,1
18541,181,carrion chigoe,526,3,9995,1,1,1
18542,13846,wolf of wind,4458,3,253,3,1,1.5
18543,13847,wolf of stone,4459,3,253,3,2,1.5
18544,14093,Necron,4497,3,946,1,1,1.25
18545,13759,crescent berserker,480,0,0,0,1,1
18546,14040,bloodguard minion,4567,3,383,2,2,2.1
18547,14082,Poisonhand Gnadgad,4573,3,956,1,1,2.1
18548,347,shelfscale Reaver,4573,3,956,1,1,1.5
18549,14062,ball of fire,4574,3,957,1,1,2
18550,14062,ball of fire,4574,3,957,1,1,1.3
18551,340,archelon,6,2,1004,1,1,1.3
18552,7878,Schola canis pugnax,6,2,1004,1,1,1.6
18553,13964,Skallic uolosapa,1316,3,290,1,1,1.3
18554,13965,coordinate bit,2574,3,569,1,1,1.3
18555,13983,vault fluid soul,4573,3,956,1,1,1.5
18556,3303,dark storm,4574,3,957,1,1,1.3
18557,14077,goblin fisher,6,2,1004,1,1,1.6
18558,7874,Schola eques,362,3,140,1,1,1.6
18559,14049,pale headsman,4259,3,909,1,1,1.6
18560,14072,detector,3394,3,105,9,1,0.7
18561,14072,detector,3394,3,105,9,1,0.5
18562,789,hippogryph,3394,3,105,9,1,0.5
18563,203,leathervine microchu,362,3,140,1,1,1.6
18564,14072,detector,3394,3,105,9,1,0.7
18565,14071,kraken,4699,3,314,1,1,1.8
18566,14069,greater pugil,356,3,134,1,1,1.6
18567,14067,light elemental,1452,3,153,1,8,1.6
18568,14045,sublime estoc,355,3,133,1,1,1.6
18569,14068,banshee,602,3,182,1,2,1.8
18570,14066,acrophies,600,3,181,1,1,1.6
18571,14065,Alkyoneus,4698,2,1009,1,1,1.9
18572,14064,giant ranger,11,2,1009,1,1,1.3
18573,14063,giant ascetic,11,2,1009,1,1,1.3
18575,13970,chirurgeon general,4556,3,796,2,1,3.4
18576,308,orobon,4551,3,196,5,1,1.6
18577,14071,kraken,4553,3,196,5,3,1.6
18578,14072,detector,4552,3,196,5,2,1.6
18579,13876,crescent fan,4554,3,196,5,4,1.6
18580,14051,sword of justice,4595,3,963,1,1,1
18581,13900,crescent catoblepas,4299,2,1003,5,3,2.5
18582,13989,vault wind spirit,1867,3,417,2,1,0.9
18583,14069,greater pugil,1061,3,260,1,1,2.5
18584,13991,vault acrocat,2152,3,133,1,2,2
18585,14002,vault eyeclops,1680,3,1,6,1,2
18586,14073,moon bat,2372,3,54,7,1,1.2
18587,14074,puk,2587,3,2,4,1,5
18588,14051,sword of justice,1853,3,377,3,1,0.8
18589,14000,vault laser cannon,1923,3,423,1,1,2
18590,14007,gilded sentry,4288,3,28,4,1,3
18591,14008,vault laser turret,4239,3,25,4,1,6
18592,14009,mobile fortress,4161,3,129,5,1,0.4
18593,13993,vault bot,4296,2,2,2,2,1
18594,13994,vault aerostat,4181,3,313,2,2,1.2
18595,13995,vault roadripper,4450,3,378,2,2,0.8
18596,13996,Gwyddneu,4172,3,71,7,1,1
18597,14085,Alxaal,4171,3,71,2,6,0.7
18598,14086,Eald'narche,785,3,156,1,16,1.5
18599,13999,Fastitocalon,785,3,156,1,16,3.5
18600,14011,mine,4234,3,23,4,1,1.1
18601,14001,Old Bitter-eye,4454,3,645,1,2,2
18602,14002,vault eyeclops,4701,3,58,12,1,1.1
18603,14003,great gimme cat,4207,3,58,1,4,0.6
18604,14004,cat collar,4520,3,33,2,2,3
18605,14005,paeonia,4144,3,273,1,61,1
18606,14006,paeonia seedling,4575,3,88,12,1,6
18607,13273,cenote roselet,2438,3,88,1,1,2.8
18608,14098,sabotender amir,4533,2,1007,10,7,3
18609,13910,crescent chimera,4162,3,12,6,1,2
18610,14471,Krile,4524,3,240,3,2,0.8
18611,14146,forgiven mockery,4523,3,27,3,3,1.5
18612,14473,Y'shtola,1207,3,272,1,3,1
18613,183,North Shroud lemur,4525,3,260,1,4,3.5
18614,14014,goldy cat,4643,3,655,1,15,1
18615,14015,vaultkeeper,4520,3,33,2,2,1.7
18616,14141,forgiven perversion,4533,2,1007,10,7,2
18617,14016,vault onion,757,3,88,2,1,2.8
18618,14139,traverse soldierstone,758,3,88,3,1,2.8
18619,14145,forgiven petulance,759,3,88,4,1,2.8
18620,14155,traverse triffid,760,3,88,5,1,2.8
18621,14154,traverse anaconda,761,3,88,6,1,2.8
18622,14135,traverse tragopan,4526,3,951,1,1,4
18623,14023,terminal watchman,4607,3,313,2,4,1
18642,14177,traverse beetle,476,3,9994,1,1,2.5
18643,14176,traverse gigant,2403,3,532,1,1,2.2
18644,14175,traverse caracal,2408,3,535,1,1,1
18645,14174,traverse howler,2234,3,340,2,1,1.3
18646,14166,traverse guardian,2235,3,340,3,1,1.5
18647,14172,traverse hyssop,2145,3,58,8,1,1
18648,14171,traverse Pachamama,1821,3,55,4,1,2
18649,14161,traverse weapon,1821,3,55,4,1,1.2
18650,14176,traverse gigant,2551,3,311,4,2,4
18651,14174,traverse howler,2408,3,535,1,1,1
18652,14172,traverse hyssop,2408,3,535,1,1,1
18653,14053,Faithbound Kirin,2187,3,285,8,1,2.7
18654,14054,Dawnbound Seiryu,2408,3,535,1,1,1
18655,14167,traverse sand serpent,4601,3,59,2,1,1.5
18656,14156,traverse lizard,8,2,1006,1,1,1
18657,14159,traverse pincerbeak,480,0,0,0,1,1
18658,14157,traverse termite,4617,2,1085,1,1,1.3
18659,14167,traverse sand serpent,4647,3,272,1,70,0.7
18660,14166,traverse guardian,4690,3,272,1,73,1.2
18661,14164,traverse mantis,4617,2,1085,1,1,1.3
18662,14162,traverse agave,4647,3,272,1,70,0.7
18663,14165,traverse tawnyclaw,4690,3,272,1,73,1.2
18664,14163,traverse germinant,4527,3,952,1,1,2
18665,14161,traverse weapon,4528,3,953,1,1,5
18666,14160,traverse cliffkite,4496,3,945,1,1,2.5
18667,14159,traverse pincerbeak,2751,5,0,0,1,1
18668,14158,traverse antlion,363,3,141,1,1,1
18669,14180,traverse queen,4650,3,273,1,90,1
18670,14070,clipper,4496,3,945,1,1,2.5
18671,14184,forgiven imparity,2751,5,0,0,1,1
18672,14185,forgiven mischief,363,3,141,1,1,1
18673,268,Qiqirn roerunner,1273,3,285,1,1,2
18674,14186,forgiven voracity,4650,3,273,1,90,1
18675,14074,puk,4671,3,260,1,2,1.3
18676,14075,forest funguar,4649,3,272,2,1,1
18677,14206,traverse rider,4555,3,295,4,1,1
18678,14205,invoked Baal,4644,3,273,1,87,4
18679,14078,goblin thug,4645,3,273,1,88,1
18680,14079,forest hare,4427,3,937,1,1,4
18681,14080,Jaggedy-eared Jack,4427,3,937,1,1,4
18682,14082,Poisonhand Gnadgad,4653,3,273,1,92,1
18683,14197,forgiven vanity,195,3,51,1,4,2
18684,14196,traverse diplomat cream,194,3,51,1,3,1.6
18685,14198,forgiven arrogance,193,3,51,1,2,1.3
18686,14199,forgiven slander,192,3,51,1,1,0.7
18687,14200,forgiven unbelief,240,3,68,1,3,1.5
18688,14201,traverse amemet,197,3,53,1,1,1
18689,14202,traverse worm,389,3,156,1,1,1
18690,14203,traverse scissorjaws,4509,3,8499,1,1,5
18691,14094,icy hands,4596,3,964,1,1,0.65
18692,14091,arcane cylinder,4596,3,964,1,1,0.65
18693,14092,arcane cylinder,4596,3,964,1,1,0.65
18694,14093,Necron,4596,3,964,1,1,0.65
18695,14235,looming specter,4620,3,964,1,2,3.5
18696,14095,azure aether,4596,3,964,1,1,0.8
18697,14096,beckoning hands,4596,3,964,1,1,0.65
18698,14097,ancestral Maliktender,4648,3,273,1,89,1
18699,14098,sabotender amir,4497,3,946,1,1,1.25
18700,14099,flowertender amirah,4596,3,964,1,1,0.65
18701,14100,traverse morpho,4596,3,964,1,1,0.65
18702,14102,traverse phooka,4596,3,964,1,1,0.65
18703,14103,traverse hawker,4596,3,964,1,1,0.65
18704,14104,traverse moss fungus,4620,3,964,1,2,3.5
18705,14105,traverse rowan,4596,3,964,1,1,0.6
18706,14106,traverse killer bee,4596,3,964,1,1,1
18707,13373,Cinderscorned Quheel Ja,4596,3,964,1,1,0.65
18708,14108,traverse basket,4648,3,273,1,89,1
18709,14108,traverse basket,4421,3,127,7,1,3
18710,14483,soothing sea-beast,3375,3,146,5,2,0.8
18711,321,fallen pikeman,81,3,21,1,1,2
18712,321,fallen pikeman,4527,3,952,1,1,2
18713,14231,"Ultima, the Feared",4528,3,953,1,1,5
18714,14232,energy orb,4652,3,273,1,91,1
18715,14114,forgiven ignorance,95,3,23,1,2,1
18716,14115,forgiven folly,2663,3,65,4,2,1
18717,14116,forgiven conceit,2006,3,377,3,2,1
18718,14117,forgiven violence,2058,3,215,2,4,1
18719,14118,forgiven disobedience,4254,3,183,7,2,1.5
18720,14016,vault onion,573,3,173,1,4,1.5
18721,361,Bloodshore bell,2591,3,42,8,1,0.8
18722,14023,terminal watchman,179,3,46,1,1,1.8
18723,14122,traverse Puck,4605,3,183,5,3,1.5
18724,14123,traverse topiary,4610,3,416,2,3,0.8
18725,14120,forgiven contempt,1990,3,11,3,2,2
18726,14197,forgiven vanity,2371,3,1,7,1,2
18727,14199,forgiven slander,2488,3,489,2,1,0.7
18728,14198,forgiven arrogance,4599,3,42,5,4,1
18729,14200,forgiven unbelief,4608,3,359,3,2,0.8
18730,14201,traverse amemet,4103,3,897,1,1,1.3
18731,214,overgrown ivy,4102,3,896,1,1,2.2
18732,214,overgrown ivy,2589,3,26,4,1,5.5
18733,14126,forgiven jealousy,2428,2,1036,1,1,1.5
18734,14269,Feo Ul,4609,3,415,1,4,1
18735,214,overgrown ivy,956,3,237,1,1,2
18736,214,overgrown ivy,18,2,1016,1,1,2
18737,219,Qiqirn beater,1767,3,58,7,1,0.8
18738,219,Qiqirn beater,2431,3,538,1,1,1.5
18739,214,overgrown ivy,4615,3,822,1,2,1.5
18740,219,Qiqirn beater,3640,3,794,1,1,1
18741,14140,forgiven plague,3659,3,280,3,1,0.8
18742,13850,gleaming fang,2804,3,129,3,1,0.5
18743,14084,airship crewman,1275,3,70,3,1,1
18744,13906,arcapetrified netzach,2687,2,1007,9,1,2
18745,14217,traverse warg,2998,3,655,1,7,1.3
18746,8022,Hydatos elbst,785,3,156,1,16,1.5
18747,14259,wind-up Feo Ul,4651,3,272,1,72,1
18748,14219,invoked dreamer,4550,3,183,10,1,3.4
18749,318,snapping shrew,4572,3,955,1,1,3.2
18750,14264,mimic,4563,3,23,1,5,1.75
18751,14263,Ogbunabali,4522,3,386,1,2,2.4
18752,14258,micro crow,4521,3,177,3,2,2.4
18753,14072,detector,4569,3,524,4,1,7
18754,14143,forgiven prejudice,4570,3,524,5,1,7
18755,14118,forgiven disobedience,4672,3,524,4,1,20
18756,1915,,4673,3,524,5,1,20
18757,14253,falcon-blue gobtank,526,3,9995,1,1,1
18758,14271,Amdusias,4654,3,271,1,40,1
18759,14146,forgiven mockery,476,3,9994,1,1,1
18760,14250,model suit,4648,3,273,1,89,1
18761,14156,traverse lizard,4648,3,273,1,89,1
18762,14275,false flame,1314,3,265,1,3,0.5
18763,13961,micro rover,2587,3,2,4,1,4.5
18764,14285,levin signal,2653,3,225,2,2,1
18765,360,sea wasp,1851,3,198,1,2,1
18766,14237,Guardian Arkveld,2574,3,569,1,1,1
18767,14287,aether,2648,3,27,1,6,0.7
18768,14238,cracked crystal,1381,3,11,2,2,1.5
18769,13877,crescent bandersnatch,4108,3,744,2,1,1.2
18770,14170,traverse fallen aevis,2558,3,49,7,1,0.8
18771,14127,forgiven venery,2652,3,195,1,4,0.7
18772,14124,traverse Peaseblossom,3458,3,55,7,1,1.2
18773,14308,Hardiboiled,1155,3,138,1,2,1.5
18774,14282,whirlwind,1297,3,176,4,1,1
18775,14138,forgiven intolerance,2559,3,41,2,2,1.6
18776,14279,capricious chambermaid,2622,3,1,1,2,1.3
18777,14140,forgiven plague,2623,3,1,3,4,1.5
18778,258,Amalj'aa thaumaturge,2562,3,176,1,5,1
18779,258,Amalj'aa thaumaturge,2634,3,183,3,2,1.2
18780,258,Amalj'aa thaumaturge,2561,3,171,2,2,1
18781,14275,false flame,2560,3,64,3,3,1
18782,14274,Pari of Plenty,4613,3,540,1,3,1
18783,14184,forgiven imparity,4606,3,280,1,3,0.7
18784,14122,traverse Puck,1759,3,392,1,1,1
18785,14123,traverse topiary,2476,3,146,5,1,0.5
18786,14124,traverse Peaseblossom,1301,2,1009,10,1,1
18787,14125,traverse tot aevis,1421,3,60,3,5,0.6
18788,14126,forgiven jealousy,2524,3,141,4,1,0.8
18789,14127,forgiven venery,2686,2,1016,4,1,1.5
18790,14128,forgiven dissonance,2462,3,285,1,3,1.3
18791,14129,forgiven cruelty,2613,3,146,4,2,0.5
18792,14130,forgiven ambition,2633,3,183,1,3,1
18793,14131,forgiven insult,4618,2,1040,1,4,1.7
18794,14132,forgiven hesitance,4600,3,54,1,4,1
18795,14133,traverse statue,4549,3,127,5,1,2
18796,14134,traverse morgawr,4183,3,314,1,2,1
18797,14135,traverse tragopan,43,3,7,1,5,2
18798,147,croftlight,1994,3,417,1,2,0.7
18799,14137,traverse clionid,3381,3,539,1,2,1.3
18800,14138,forgiven intolerance,4468,3,427,1,3,1
18801,8087,Kreios,2629,3,71,2,5,0.6
18802,14310,Mistwake petromole,2691,2,1021,2,2,0.9
18803,14258,micro crow,2600,3,557,2,1,1.3
18804,14307,maelstrom,2636,3,327,2,2,0.5
18805,14305,the Tyrant,2749,3,16,2,2,2
18806,14308,Hardiboiled,1093,3,161,2,1,1.3
18807,8093,ice sprite,4704,3,118,2,5,0.8
18808,14304,charnel cell,3059,3,177,6,1,1
18809,14303,deadly doornail,1852,3,236,1,5,1
18810,14302,fatal flail,1065,3,263,1,1,1.4
18811,8097,arena snoll,2674,3,588,1,1,1.5
18812,14222,invoked sawtooth,192,3,51,1,1,1.2
18813,14117,forgiven violence,3931,3,383,2,1,0.8
18814,14204,traverse cama,4238,3,183,9,1,1
18815,8101,arena gas bomb,4252,3,64,8,2,1
18816,14257,,4257,3,574,1,2,1.7
18817,8093,ice sprite,4113,3,811,2,1,0.3
18818,14210,traverse gnoll,2297,3,397,1,2,0.4
18819,14153,traverse tolba,374,3,148,1,1,1
18820,14170,traverse fallen aevis,3694,3,359,4,5,0.5
18821,14171,traverse Pachamama,948,3,235,1,1,0.8
18822,14172,traverse hyssop,1045,3,84,3,2,2
18823,14173,traverse phorusrhacos,1720,3,386,1,1,1
18824,14174,traverse howler,4178,3,238,7,1,1
18825,14175,traverse caracal,67,3,17,1,3,1.3
18826,14176,traverse gigant,1904,3,54,5,3,1
18827,14177,traverse beetle,1945,3,290,1,2,1.5
18828,14183,traverse cliffmole,2376,3,85,3,1,2.3
18829,8115,left claw,1088,3,247,1,2,1.2
18830,14223,traverse violet triffid,4612,3,528,1,2,1.2
18831,14135,traverse tragopan,4598,3,34,1,3,1
18832,14187,forgiven doubt,4597,3,30,2,5,1
18833,8119,stylish tentacle,4792,3,5,3,3,1.5
18834,14189,traverse gnome,1849,3,49,5,2,1.2
18835,14226,invoked Acheron,1771,3,396,1,1,0.8
18836,14228,traverse malevolence,2683,3,591,1,7,1.7
18837,1739,balor,2642,3,529,1,2,1
18838,1997,Corpse Brigade footsoldier,4611,3,493,1,2,1
18839,8115,left claw,4614,3,750,1,3,1
18840,8119,stylish tentacle,4604,3,147,1,3,1.2
18841,8119,stylish tentacle,943,3,233,2,1,1
18842,14180,traverse queen,238,3,68,1,1,1
18843,14181,forgiven grudge,1717,3,383,1,1,1
18844,14182,traverse Talos,396,3,158,1,1,3.5
18845,14183,traverse cliffmole,2672,3,586,1,1,1.6
18846,14184,forgiven imparity,2684,3,591,1,8,1.7
18847,14185,forgiven mischief,3726,3,16,3,1,3
18848,14186,forgiven voracity,567,3,172,1,1,1.3
18849,14187,forgiven doubt,2086,3,151,2,1,1.2
18850,14188,forgiven attachment,3025,3,128,2,2,0.7
18851,14189,traverse gnome,1619,3,352,4,1,2
18852,14190,traverse ngozi,2658,3,377,3,3,1
18853,14191,forgiven dissention,1224,3,5,2,4,1.4
18854,14192,forgiven corruption,228,3,62,1,1,1.4
18855,299,nesting buzzard,780,3,73,1,2,2.3
18856,14248,Seikret fledgling,1764,3,148,5,1,1.5
18857,14161,traverse weapon,2807,3,295,3,1,0.5
18858,14259,wind-up Feo Ul,2093,3,49,6,1,1.3
18863,7079,crazed fan,2751,5,0,0,1,1
18864,14257,,4648,3,273,1,89,1
18865,14093,Necron,2751,5,0,0,1,1
18866,1768,bloodshot eye,2751,5,0,0,1,1
18867,1769,denizen of the dark,2711,3,553,2,1,2
18868,14224,traverse ya-te-veo,2520,2,1038,1,1,0.6
18869,14259,wind-up Feo Ul,2520,2,1038,1,1,0.6
18870,8146,"Aenc Thon, Lord of the Lengthsome Gait",4616,3,877,4,1,1.5
18871,14227,invoked poppet,4696,1,0,1,1,1.1
18872,8145,painted root,4696,1,0,1,1,1.1
18873,14104,traverse moss fungus,4296,2,2,2,2,1.2
18874,318,snapping shrew,4603,3,114,1,3,1.5
18875,14106,traverse killer bee,4696,1,0,1,1,1.1
18876,8162,alpha zaghnal,4686,2,1048,1,3,4
18877,14278,icy bauble,4696,1,0,1,1,1.1
18887,1789,blood bateleur,476,3,9994,1,1,1
18888,14290,shock storm,648,3,197,1,1,1
18889,14264,mimic,648,3,197,1,1,1
18890,1792,Okeanos the Red,648,3,197,1,1,1
18891,2050,mourning nanny,1526,3,197,1,2,1
18892,14123,traverse topiary,1526,3,197,1,2,1
18893,14265,mimic,1526,3,197,1,2,1
18894,8167,the Tycoon,1527,3,197,1,3,1
18895,8171,shade of fear,1527,3,197,1,3,1
18896,14285,levin signal,1527,3,197,1,3,1
18897,14287,aether,1527,3,197,1,3,1
18898,14299,siren sphere,1046,3,88,1,2,1.7
18899,14237,Guardian Arkveld,1046,3,88,1,2,1.7
18900,14238,cracked crystal,1046,3,88,1,2,1.7
18901,14239,hooded headsman,1046,3,88,1,2,1.7
18902,14294,seaborn steward,1046,3,88,1,2,1.7
18903,14267,traverse korrigan,1046,3,88,1,2,1.7
18904,14242,territorial remembird,1046,3,88,1,2,1.7
18905,14299,siren sphere,1046,3,88,1,2,1.7
18906,14244,territorial brownie,1046,3,88,1,2,1.7
18907,14299,siren sphere,1046,3,88,1,2,1.7
18908,14263,Ogbunabali,4616,3,877,4,1,1.5
18909,14440,,476,3,9994,1,1,3
18910,14097,ancestral Maliktender,4592,3,416,4,1,1.4
18911,14098,sabotender amir,142,3,36,1,2,3
18912,14099,flowertender amirah,143,3,36,1,3,6
18913,14144,forgiven hypocrisy,476,3,9994,1,1,1
18914,14301,coffinmaker,476,3,9994,1,1,5
18915,14270,Treno catoblepas,2886,3,141,6,1,1
18976,14317,Mistwake spirit,4676,3,925,2,1,1
18977,14318,Mistwake coeurl,4707,3,925,3,1,1
18978,14319,Mistwake jabberwock,4696,1,0,1,1,1.1
18979,14320,thunder spirit,4643,3,655,1,15,1
18980,113,earth sprite,4573,3,956,1,1,1.5
18981,115,wind sprite,4696,1,0,1,1,1.2
18983,125,pus gnat,476,3,9994,1,1,1
18984,125,pus gnat,4239,3,25,4,1,5
18985,125,pus gnat,4002,3,877,1,1,1.5
18986,125,pus gnat,39,3,7,1,1,2.5
18987,125,pus gnat,1680,3,1,6,1,2
18988,7204,shadow of the sage,905,3,225,2,1,1.2
18989,7205,servant of the sage,104,3,27,1,1,0.9
18990,7206,sai taisui,101,3,26,1,2,5
18991,10382,Zot death claw,1664,3,260,1,2,3
18992,14284,Doomtrain,4656,3,969,1,1,0.7
18993,14285,levin signal,4754,3,273,1,93,1
18994,14286,kinematic turret,4162,3,12,6,1,2
18995,14284,Doomtrain,476,3,9994,1,1,1
18996,14287,aether,4827,3,273,1,107,1.5
18997,14370,Red Hot,4320,3,925,1,1,0.01
18998,108,,4750,3,272,1,76,1
18999,14337,red bomb,4656,3,969,1,1,0.7
19000,14338,blue bomb,4754,3,273,1,93,1
19001,14339,twisted div,4162,3,12,6,1,2
19002,14336,shrouded lady,4827,3,273,1,107,1.5
19003,14324,fallen rock,476,3,9994,1,1,1
19004,143,Ak-Inik varlet,4626,3,8505,1,1,1
19005,143,Ak-Inik varlet,4627,3,8506,1,1,1
19006,143,Ak-Inik varlet,4628,3,8507,1,1,1
19007,201,syrphid cloud,4629,3,8508,1,1,1
19008,229,sylvan scream,4630,3,8509,1,1,1
19009,14347,sea-sweeper,4631,3,8509,1,2,1
19010,14348,div's perfume,4632,3,8510,1,1,1
19011,14349,thief,4633,3,8511,1,1,1
19012,14350,sunken spirit,4634,3,8512,1,1,1
19014,156,gaoler's lantern,4636,3,8514,1,1,1
19015,156,gaoler's lantern,4637,3,8515,1,1,1
19016,156,gaoler's lantern,4638,3,8516,1,1,1
19017,156,gaoler's lantern,4489,3,8499,1,1,1
19018,14262,gimme kitten,4490,3,8500,1,1,1
19019,14420,,4731,3,68,3,1,1
19020,156,gaoler's lantern,4723,3,85,3,3,2.5
19021,14421,,4259,3,909,1,1,1.25
19022,14314,Mistwake zemzelett,107,3,28,1,1,2.5
19023,156,gaoler's lantern,1872,3,42,5,3,1
19024,14313,Mistwake rock,4724,3,151,1,3,1
19025,14316,Mistwake golem,4187,3,382,2,2,1
19026,14318,Mistwake coeurl,4362,3,392,1,3,1
19027,14316,Mistwake golem,4525,3,260,1,4,2.3
19028,14319,Mistwake jabberwock,4722,3,17,1,6,1
19029,14319,Mistwake jabberwock,4428,2,1021,6,1,1
19030,140,Coeurlclaw poacher,2886,3,141,6,1,0.8
19031,14317,Mistwake spirit,4525,3,260,1,4,2.3
19032,14318,Mistwake coeurl,4722,3,17,1,6,1
19033,14320,thunder spirit,2886,3,141,6,1,0.8
19034,14319,Mistwake jabberwock,4428,2,1021,6,1,1
19041,14272,poison cloud,4428,2,1021,6,1,1
19043,14270,Treno catoblepas,4428,2,1021,6,1,1
19044,180,leafbleed roseling,4731,3,68,3,1,1
19045,180,leafbleed roseling,4682,3,236,4,1,3
19046,180,leafbleed roseling,785,3,156,1,16,2
19047,180,leafbleed roseling,4748,3,272,1,74,1
19048,185,Janremi Blackheart,4660,3,973,1,1,3.8
19049,185,Janremi Blackheart,4837,3,179,9,1,6
19050,185,Janremi Blackheart,277,3,83,2,2,3
19051,185,Janremi Blackheart,1421,3,60,3,5,1.2
19052,185,Janremi Blackheart,1923,3,423,1,1,2
19053,189,Ailbert the Lost,4660,3,973,1,1,3.8
19054,189,Ailbert the Lost,4660,3,973,1,1,3.3
19055,189,Ailbert the Lost,4837,3,179,9,1,6
19056,14342,will of the wind,4660,3,973,1,1,3.8
19057,14344,legendary hatchling,4660,3,973,1,1,3.8
19058,14343,willful wind,4837,3,179,9,1,6
19059,197,bog yarzon,4531,3,179,7,1,5
19060,197,bog yarzon,4660,3,973,1,1,3.3
19061,197,bog yarzon,476,3,9994,1,1,1
19062,197,bog yarzon,3764,3,272,1,41,4.45
19063,14345,restless crab,4661,3,974,1,1,2.2
19064,14345,restless crab,3980,3,271,1,38,1.2
19065,14350,sunken spirit,2210,3,487,1,1,2.5
19066,14352,air-climber,2286,3,506,1,1,4
19067,14354,seeing stone,2291,3,273,1,12,1
19068,14358,pursued peasant,2317,3,271,1,33,1
19069,14355,pursued peasant,2248,3,106,2,1,1
19073,14355,pursued peasant,1969,3,403,1,4,1.44
19074,14355,pursued peasant,1802,1,901,1,1,1.2
19080,14367,shocked citizen,1421,3,60,3,5,1.2
19081,14482,Hildibrand,4708,3,8307,1,3,1
19082,1397,All-seeing Eye,172,3,43,1,6,3
19083,1415,Taulurd,188,3,49,2,1,1.2
19084,1499,deepvoid slave,187,3,49,1,1,0.8
19085,1396,Batraal,218,3,57,1,3,2
19086,2154,corrupted crystal,476,3,9994,1,1,1
19087,14368,shocked citizen,4445,3,941,1,1,1
19088,14366,shocked citizen,4773,3,8215,1,1,11
19089,229,sylvan scream,4774,3,8305,1,1,10
19090,232,diseased treant,4738,3,54,1,5,1
19091,14356,perturbed peasant,4769,3,904,1,17,1
19092,14335,shrouded lady,4445,3,941,1,1,1
19093,14336,shrouded lady,4773,3,8215,1,1,11
19094,14337,red bomb,4774,3,8305,1,1,10
19095,232,diseased treant,4775,3,8231,1,1,11
19096,232,diseased treant,4776,3,8391,1,1,11
19097,318,snapping shrew,4445,3,941,1,1,1
19098,14306,comet,4773,3,8215,1,1,11
19099,14389,storming thunder spirit,4775,3,8231,1,1,11
19100,14390,storming jabberwock,4776,3,8391,1,1,11
19101,14391,storming burnswolf,4778,3,8218,1,1,8
19102,14392,storming asterodia,4777,3,8207,1,1,8
19103,14477,defective sentry R9,160,3,41,1,2,1.5
19104,14394,storming woolback,2675,3,589,1,1,1.3
19105,14395,storming eyeclops,2587,3,2,4,1,2.5
19106,14396,Genie of the Lamp,2790,3,527,2,1,0.6
19107,14397,dousing spirit,1950,3,81,1,3,3.3
19108,14398,airship,2652,3,195,1,4,0.7
19109,14399,Lumull,1482,3,265,1,1,0.7
19110,14396,Genie of the Lamp,1483,3,265,1,2,0.7
19112,14399,Lumull,1308,3,26,1,6,3
19113,14398,airship,1270,3,280,1,1,0.8
19114,14400,grapevine vagabond,4736,3,88,13,1,2.25
19116,14400,grapevine vagabond,2672,3,586,1,1,1
19117,14401,water-dreamer,1923,3,423,1,1,2
19118,14400,grapevine vagabond,277,3,83,2,2,3
19119,14400,grapevine vagabond,1814,3,38,2,1,1.8
19120,14398,airship,1309,3,26,1,7,4
19121,14406,ghost train,4838,3,539,2,2,1.5
19122,14406,ghost train,4738,3,54,1,5,1.2
19123,14388,storming spirit,1941,3,336,1,4,0.6
19124,14367,shocked citizen,2588,3,5,3,1,1
19125,14368,shocked citizen,2651,3,84,4,2,2
19129,14394,storming woolback,2336,3,87,1,11,2
19130,14373,watery grave,385,3,153,1,5,1
19131,14374,sand pearl,1045,3,84,3,2,1.8
19132,14375,large explosive,81,3,21,1,1,1.8
19133,14417,,4252,3,64,8,2,1.5
19134,14416,,4741,3,42,5,5,0.8
19136,14414,,476,3,9994,1,1,1
19141,14384,temporal tear,1421,3,60,3,5,0.8
19142,14350,sunken spirit,596,3,180,1,2,3
19143,14380,lindschrat,740,3,208,1,1,1
19148,287,cactuar,4739,3,587,2,2,1
19149,287,cactuar,476,3,9994,1,1,1
19151,287,cactuar,4657,3,970,1,1,1.2
19152,287,cactuar,4752,3,272,1,78,1.2
19153,287,cactuar,3983,3,273,1,50,1.3
19154,287,cactuar,2751,5,0,0,1,1
19155,294,antling worker,4740,3,869,1,3,0.7
19156,294,antling worker,4660,3,973,1,1,3.8
19157,294,antling worker,4655,3,236,3,4,2.5
19158,294,antling worker,4804,3,222,1,3,1.5
19160,294,antling worker,670,3,199,1,1,3
19161,294,antling worker,670,3,199,1,1,5
19162,303,sandskin peiste,2790,3,527,2,1,1
19163,303,sandskin peiste,4721,3,983,1,1,3.5
19164,303,sandskin peiste,4718,3,981,1,1,3.8
19165,303,sandskin peiste,4772,3,9994,1,1,1
19166,303,sandskin peiste,476,3,9994,1,1,3
19167,303,sandskin peiste,4718,3,981,1,1,3.8
19168,303,sandskin peiste,4772,3,9994,1,1,1
19169,303,sandskin peiste,476,3,9994,1,1,3
19170,303,sandskin peiste,476,3,9994,1,1,3
19171,308,orobon,4764,3,273,1,103,1
19172,14378,Lindwurm,4841,3,1009,1,1,1
19173,314,Moondrip piledriver,4714,3,315,4,2,1
19174,14345,restless crab,476,3,9994,1,1,1
19175,314,Moondrip piledriver,476,3,9994,1,1,1
19176,14305,the Tyrant,4717,3,980,1,1,1
19177,14306,comet,1442,3,106,1,5,1.8
19178,314,Moondrip piledriver,476,3,9994,1,1,3
19179,14307,maelstrom,4818,3,272,1,80,1
19180,14470,the Xtremes,4717,3,980,1,1,1
19181,14471,Krile,1442,3,106,1,5,1.8
19182,115,wind sprite,476,3,9994,1,1,3
19183,14473,Y'shtola,4818,3,272,1,80,1
19184,14355,pursued peasant,4802,3,1003,2,1,1
19185,108,,4803,3,1003,3,1,1
19186,108,,4801,3,1003,1,1,1
19187,14424,,4764,3,273,1,103,1
19188,14478,Carnelian,4764,3,273,1,103,1
19189,327,Venomtongue assassin,4714,3,315,4,2,1
19190,14291,Darya the Sea-maid,476,3,9994,1,1,1
19191,14378,Lindwurm,4658,3,971,1,1,0.6
19192,14378,Lindwurm,4742,3,992,1,1,1
19193,14378,Lindwurm,4745,3,993,2,1,1
19194,14420,,2751,5,0,0,1,1
19195,14413,,4658,3,971,1,1,0.6
19196,14476,airy bubble,4742,3,992,1,1,1
19197,14477,defective sentry R9,4746,3,993,3,1,1
19198,14482,Hildibrand,2751,5,0,0,1,1
19199,14422,,4751,3,272,1,77,0.8
19200,14481,illicit turret,4825,3,273,1,106,1.8
19201,14479,rotten walker,4756,3,273,1,95,1.8
19202,14492,ball lightning,4659,3,972,1,1,1
19203,14493,swirling orb,4732,3,420,8,1,0.3
19204,14469,luzzelwurm,4659,3,972,1,1,1
19205,14448,,4757,3,273,1,96,0.6
19206,14449,,4758,3,273,1,97,0.6
19207,14450,,4759,3,273,1,98,0.6
19208,347,shelfscale Reaver,4760,3,273,1,99,0.6
19209,319,rotting corpse,4761,3,273,1,100,0.6
19211,14496,【未使用】,4762,3,273,1,101,1
19212,14497,arcane font,34,3,5,1,1,2.5
19213,14498,arcane font,219,3,58,1,1,1
19214,14495,charmed ice,147,3,37,1,4,1.1
19215,14432,,328,3,111,1,1,3
19216,14498,arcane font,487,4,1696,0,1,1.2
19217,14342,will of the wind,4742,3,992,1,1,1
19218,183,North Shroud lemur,4685,2,1086,1,1,2.5
19219,14418,,4763,3,273,1,102,1.25
19220,14344,legendary hatchling,4763,3,273,1,102,0.5
19221,145,carrion beetle,439,3,72,4,1,1
19222,145,carrion beetle,1678,3,72,1,4,1
19223,145,carrion beetle,4685,2,1086,1,1,2.5
19224,183,North Shroud lemur,4763,3,273,1,102,1.25
19225,14468,snow spirit,4763,3,273,1,102,0.5
19226,14550,,4685,2,1086,1,1,2.5
19227,183,North Shroud lemur,4763,3,273,1,102,1.25
19228,14551,,4763,3,273,1,102,0.5
19229,14550,,439,3,72,4,1,1
19230,14413,,476,3,9994,1,1,1
19231,14413,,2042,3,168,3,1,3
19232,14413,,4831,1,0,1,1,1.7
19233,14369,Deep Blue,4831,1,0,1,1,1.7
19234,14370,Red Hot,4831,1,0,1,1,1.7
19235,14371,Xtreme aether,4831,1,0,1,1,1.7
19236,14413,,4181,3,313,2,2,1
19237,14414,,4162,3,12,6,1,1
19238,14504,severing head,3769,1,301,1,1,1
19239,14415,,4745,3,993,2,1,1
19240,14417,,4744,3,993,1,1,1
19241,14417,,4715,3,979,1,1,1
19242,14569,,3769,1,301,1,1,1
19263,14377,Rukhkh,4187,3,382,2,2,1
19264,14377,Rukhkh,4428,2,1021,6,1,1
19265,14436,,4724,3,151,1,3,1
19266,14378,Lindwurm,4724,3,151,1,3,1
19267,118,midge swarm,4187,3,382,2,2,1
19268,118,midge swarm,4362,3,392,1,3,1
19269,118,midge swarm,4525,3,260,1,4,2.3
19270,118,midge swarm,2886,3,141,6,1,1
19271,118,midge swarm,4428,2,1021,6,1,1
19272,14478,Carnelian,2672,3,586,1,1,1.5
19273,118,midge swarm,794,3,64,3,1,1.3
19274,118,midge swarm,235,3,65,2,1,1.3
19275,118,midge swarm,2885,3,238,4,1,1.3
19276,14415,,4207,3,58,1,4,1.2
19277,14396,Genie of the Lamp,4684,3,42,10,1,1.5
19278,14397,dousing spirit,1015,3,156,1,29,1.5
19279,14398,airship,1572,3,273,1,5,1.3
19280,14399,Lumull,3086,2,1033,3,1,6
19281,14400,grapevine vagabond,3965,3,871,1,1,2
19282,14401,water-dreamer,109,3,28,1,3,13
19283,14402,yawning maw,4720,3,982,2,1,3.5
19284,14403,ferocious ferrobeast,4719,3,982,1,1,3.2
19285,14404,shamshir-arm,4767,3,271,1,41,1.5
19286,14405,sea-kin,4753,3,272,1,79,1
19287,14416,,4720,3,982,2,1,3.5
19288,14417,,4719,3,982,1,1,3.2
19289,14425,,4767,3,271,1,41,1.5
19290,14426,,4753,3,272,1,79,1
19291,14478,Carnelian,480,0,0,0,1,1
19292,14478,Carnelian,476,3,9994,1,1,4
19293,14478,Carnelian,4031,3,320,4,1,5
19294,14478,Carnelian,1923,3,423,1,1,2
19295,219,Qiqirn beater,4498,3,947,1,1,1
19296,219,Qiqirn beater,100,3,26,1,1,7
19297,219,Qiqirn beater,953,3,118,2,1,1
19298,14541,,4483,3,272,1,64,1
19299,14380,lindschrat,4903,3,271,1,47,1
19300,14506,biting wind,5282,3,156,1,36,1.5
19301,14430,,5281,3,156,1,35,1.5
19302,14431,,5283,3,156,1,37,1.5
19303,14474,Sphene,4498,3,947,1,1,1
19304,14432,,100,3,26,1,1,7
19305,14441,,953,3,118,2,1,1.5
19306,14442,,4483,3,272,1,64,1
19307,14443,,4903,3,271,1,47,1
19308,14437,,5282,3,156,1,36,1.5
19309,233,old-growth treant,5281,3,156,1,35,1.5
19310,233,old-growth treant,5283,3,156,1,37,1.5
19311,233,old-growth treant,4987,3,947,1,2,1
19312,14941,geshunpest,2185,3,476,1,1,1.5
19313,14499,coffinmaker,389,3,156,1,1,1
19314,14641,,476,3,9994,1,1,1
19315,14640,,4913,3,273,1,110,1
19316,14445,,4914,3,273,1,111,1
19318,14546,,476,3,9994,1,1,1
19319,14547,,4731,3,68,3,1,1
19320,14548,,4723,3,85,3,3,2.5
19321,14549,,1872,3,42,5,3,1
19322,183,North Shroud lemur,4724,3,151,1,3,1
19323,14529,Alexander Resurrected,4525,3,260,1,4,2.3
19324,183,North Shroud lemur,4722,3,17,1,6,1
19325,183,North Shroud lemur,277,3,83,2,2,3
19326,14442,,4771,3,969,1,1,0.7
19327,14442,,4771,3,969,1,1,0.7
19328,14442,,4794,3,969,2,1,0.1
19329,14442,,4794,3,969,2,1,0.1
19330,183,North Shroud lemur,476,3,9994,1,1,1.5
19331,14443,,2886,3,141,6,1,1
19348,14342,will of the wind,3951,3,865,1,1,1.3
19349,14343,willful wind,476,3,9994,1,1,1
19350,14469,luzzelwurm,476,3,9994,1,1,1
19351,14470,the Xtremes,160,3,41,1,2,1.5
19352,14435,,4696,1,0,1,1,1
19353,14437,,2790,3,527,2,1,0.6
19354,14344,legendary hatchling,4696,1,0,1,1,1.1
19355,14313,Mistwake rock,1308,3,26,1,6,3
19356,14492,ball lightning,4736,3,88,13,1,2.25
19357,14493,swirling orb,2672,3,586,1,1,1
19358,14316,Mistwake golem,277,3,83,2,2,3
19359,14565,,1814,3,38,2,1,1.8
19360,14438,,1309,3,26,1,7,4
19361,14489,two-headed aevis,4838,3,539,2,2,1.5
19362,14352,air-climber,4696,1,0,1,1,1.1
19363,14353,stone puppet,1941,3,336,1,4,0.6
19364,14539,,2588,3,5,3,1,1
19365,14692,,2651,3,84,4,2,2
19366,14691,,4696,1,0,1,1,1
19367,14357,unlucky clerk,563,3,171,1,1,2.5
19368,14360,greater behemoth,3364,3,156,1,32,2
19369,14361,thunderhead,4252,3,64,8,2,1.5
19370,14364,sorrowful citizen,480,0,0,0,1,1
19371,14365,stressed citizen,4740,3,869,1,3,0.7
19372,14543,,480,0,0,0,1,1
19373,14460,G-Warrior MGSD,4805,3,8517,1,1,1
19374,14580,,4806,3,8518,1,1,1
19375,14461,La Noscean shorthair,4807,3,8519,1,1,1
19376,14462,gallant shepherd,4808,3,8520,1,1,1
19377,14564,,4809,3,8521,1,1,1
19378,14564,,4810,3,8522,1,1,1
19379,14564,,4811,3,8523,1,1,1
19380,14564,,4812,3,8524,1,1,1
19381,14556,,4813,3,8525,1,1,1
19382,14557,,4814,3,8526,1,1,1
19383,14511,light aether,4815,3,8527,1,1,1
19384,14559,,1488,3,327,1,1,1
19385,14504,severing head,1565,3,351,1,1,0.6
19386,14509,Alabaster Blade,1564,3,350,1,1,1
19387,14571,,3669,3,272,1,33,1
19388,14715,pallkeeper,4508,3,272,1,68,1
19389,14714,Pallmagia,480,0,0,0,1,1
19390,312,Moondrip blastmaster,5000,3,73,3,4,4
19391,14348,div's perfume,82,3,21,1,2,1.5
19392,14525,ball of fire,1452,3,153,1,8,2
19393,14526,swirling orb,4725,3,103,5,1,4
19394,14527,ball of levin,548,1,0,1,1,2
19395,14528,page 512,1711,3,377,1,1,1.3
19396,14571,,2153,3,334,1,4,2
19397,14389,storming thunder spirit,4869,3,70,1,6,1.2
19398,14388,storming spirit,2317,3,271,1,33,1.2
19399,14389,storming thunder spirit,2998,3,655,1,7,1.5
19400,333,Corpse Brigade pikedancer,3090,3,272,1,21,0.5
19401,14393,storming python,785,3,156,1,16,2.3
19402,14396,Genie of the Lamp,4593,3,961,1,1,1
19403,14397,dousing spirit,476,3,9994,1,1,1
19404,14394,storming woolback,480,0,0,0,1,1
19405,4921,,1405,3,195,2,1,1
19408,14485,transcendental trap,596,3,180,1,2,3
19409,14403,ferocious ferrobeast,596,3,180,1,2,3
19411,14401,water-dreamer,4446,3,942,1,1,1.8
19412,14404,shamshir-arm,918,3,55,3,1,2
19413,14405,sea-kin,216,3,57,1,1,1.4
19414,14408,,8,2,1006,1,1,5
19415,14409,,1498,3,330,2,1,1.5
19416,349,rivertoad,2015,3,358,2,1,0.5
19417,14409,,4858,3,459,3,1,3.5
19418,14412,,4646,3,272,1,69,4
19422,14550,,476,3,9994,1,1,1
19423,14470,the Xtremes,476,3,9994,1,1,1
19424,14414,,1912,3,272,1,20,1.3
19425,14550,,4863,3,115,2,2,1.8
19426,14383,understudy,4906,3,272,1,83,1
19427,14421,,1957,3,93,1,7,2
19428,14505,Abductor,476,3,9994,1,1,1
19429,14615,,4558,3,810,2,1,4.7
19430,14477,defective sentry R9,4568,3,475,3,1,4.7
19431,14615,,4558,3,810,2,1,4.7
19432,14607,,4568,3,475,3,1,4.7
19433,14516,seaborn speaker,476,3,9994,1,1,1
19434,14420,,476,3,9994,1,1,1.5
19435,14425,,4828,3,8462,1,2,1
19436,14476,airy bubble,955,3,236,1,1,2
19437,14429,,476,3,9994,1,1,1
19438,14432,,1197,3,271,1,3,1
19439,14422,,4862,3,238,2,3,1.15
19440,14527,ball of levin,4862,3,238,2,3,1.15
19441,14526,swirling orb,717,2,1014,4,1,1
19442,14528,page 512,365,3,143,1,1,1.3
19443,14529,Alexander Resurrected,365,3,143,1,1,1.3
19444,118,midge swarm,1273,3,285,1,1,1.9
19445,14531,,1273,3,285,1,1,1.9
19446,14532,,363,3,141,1,1,1
19447,14534,,4924,3,273,1,116,1
19448,14533,,2093,3,49,6,1,0.9
19449,14624,,653,3,64,2,1,1
19450,14536,,4924,3,273,1,116,2
19451,14445,,4933,3,462,1,2,3
19452,14708,visitant trapper,3659,3,280,3,1,0.65
19453,14708,visitant trapper,3659,3,280,3,1,0.65
19454,14710,scrap gargoyle,4854,3,57,4,1,1.2
19455,14630,,4855,3,183,11,1,1.8
19456,14450,,2449,0,0,0,1,1
19457,14540,,1276,3,71,2,1,1
19458,14415,,774,2,1014,5,1,1.5
19459,14541,,1079,3,87,1,9,3
19460,14537,,1079,3,87,1,9,1
19467,14642,,4862,3,238,2,3,1.15
19468,14701,visitant persona,717,2,1014,4,1,1
19469,205,mottled eft,1273,3,285,1,1,1.9
19470,14553,,363,3,141,1,1,1
19471,14548,,365,3,143,1,1,1.3
19472,14554,,4783,3,8438,2,1,1
19473,14430,,4851,3,560,2,1,3
19474,14464,wind-up Vincent,4895,3,925,5,1,1
19475,14465,wind-up Red XIII,4894,3,925,4,1,1
19476,14470,the Xtremes,476,3,9994,1,1,1
19477,14471,Krile,476,3,9994,1,1,1
19478,14436,,785,3,156,1,16,2.4
19479,14469,luzzelwurm,1571,3,271,1,18,2.8
19480,14558,,4851,3,560,2,1,3
19481,14473,Y'shtola,4895,3,925,5,1,1
19482,14474,Sphene,4894,3,925,4,1,1
19483,14477,defective sentry R9,476,3,9994,1,1,1
19484,14478,Carnelian,476,3,9994,1,1,1
19485,14479,rotten walker,785,3,156,1,16,3
19486,5002,palace adamantoise,1571,3,271,1,18,3.6
19487,14545,,4902,3,271,1,46,3
19488,14522,page 8,4901,3,271,1,45,3
19489,14523,phantom hydra,3030,3,653,1,3,3
19490,14567,,4913,3,273,1,110,1
19491,14483,soothing sea-beast,4914,3,273,1,111,1
19492,14486,Senor Otter,476,3,9994,1,1,1
19493,14487,falling rock,1197,3,271,1,3,1
19494,14571,,1473,3,58,6,1,1
19495,14670,,476,3,9994,1,1,1
19496,14486,Senor Otter,4849,3,1004,1,1,4.2
19497,14759,scrap gargoyle,4854,3,57,4,1,0.9
19498,14490,green head,4855,3,183,11,1,1.8
19499,14584,,4856,3,72,6,1,2
19500,14494,charmed lightning,4852,3,1007,1,1,1.5
19501,14587,,4907,3,272,1,84,1
19502,14677,,4730,3,25,1,3,6
19503,14493,swirling orb,4730,3,25,1,3,6
19504,7131,Kefka,4966,3,462,1,1,3
19505,7132,graven image,480,0,0,0,1,1
19506,7131,Kefka,4967,3,459,1,1,3.5
19507,14499,coffinmaker,5010,3,295,2,1,1
19508,14595,,5010,3,295,2,1,1
19509,14594,,326,3,109,1,1,3.8
19510,14593,,1863,3,418,1,1,1.5
19511,14597,,4965,3,1005,1,1,3
19512,14560,,1967,3,273,1,7,1
19513,7131,Kefka,2137,3,459,1,1,3.5
19516,14599,,4763,3,273,1,102,2
19517,14326,force of will,4763,3,273,1,102,2
19518,14326,force of will,4763,3,273,1,102,2
19519,14601,,4850,3,558,3,1,2.5
19521,14602,,4921,3,69,2,1,1.5
19522,14479,rotten walker,476,3,9994,1,1,1
19523,14522,page 8,4840,3,527,2,1,0.6
19524,609,soft-spoken lancer,2997,3,655,1,6,2
19525,14610,,1561,3,177,1,4,2
19526,14612,,4999,3,63,2,5,1
19527,14613,,4768,3,271,1,42,1.5
19528,14518,entanglement,4839,3,925,1,1,1
19531,14523,phantom hydra,4689,3,954,1,1,2.5
19532,14707,visitant rider,760,3,88,5,1,3
19533,14527,ball of levin,757,3,88,2,1,3
19534,14709,scrap Byblos,3669,3,272,1,33,1
19535,14583,,5001,3,799,1,2,3.2
19536,363,dusk bat,4904,3,272,1,81,1
19537,14531,,4905,3,272,1,82,1
19538,14495,charmed ice,480,0,0,0,1,1
19562,14639,,5003,2,1014,1,1,3
19563,14641,,16,2,1014,1,1,2.5
19564,14554,,476,3,9994,1,1,1
19565,14564,,4734,2,1027,8,1,5
19566,14558,,4734,2,1027,8,1,2
19567,14561,,4765,3,273,1,104,0.7
19568,14562,,4765,3,273,1,104,1.4
19569,14563,,4766,3,273,1,105,0.7
19570,14564,,4766,3,273,1,105,1.4
19571,14570,,769,3,213,1,1,1
19572,657,thrustaevis,819,3,213,1,2,1
19573,14530,Gordius System,476,3,9994,1,1,1
19575,14652,,4726,3,604,2,1,3
19576,312,Moondrip blastmaster,16,2,1014,1,1,2.5
19577,313,Amajina blastmaster,16,2,1014,1,1,2.5
19578,14625,,16,2,1014,1,1,2.5
19579,14627,,16,2,1014,1,1,2.5
19580,14578,,16,2,1014,1,1,2.5
19581,14580,,4983,3,53,1,5,1.4
19582,14630,,476,3,9994,1,1,1
19583,14581,,1015,3,156,1,29,2
19584,14583,,784,3,156,1,15,2
19585,14633,,476,3,9994,1,1,1
19586,322,rotting noble,4889,2,1092,1,1,1.7
19587,14586,,4876,3,1016,1,1,1.6
19588,14586,,202,3,55,1,2,1.5
19589,14637,,142,3,36,1,2,3
19590,14588,,100,3,26,1,1,4.5
19591,327,Venomtongue assassin,167,3,43,1,1,2.25
19592,328,Baron von Quiveron III Esquire,263,3,79,1,1,3.5
19593,14640,,1808,3,410,1,1,1.55
19594,14641,,145,3,37,1,1,1.8
19595,331,Corpse Brigade knuckledancer,5013,3,42,1,1,1.5
19596,14595,,4877,3,1017,1,1,2.3
19630,14990,,480,0,0,0,1,1
19631,14630,,16,2,1014,1,1,2.5
19632,14630,,16,2,1014,1,1,2.5
19633,718,Whiskerwall Kupdi Koop,16,2,1014,1,1,2.5
19634,14868,crescent opken,16,2,1014,1,1,2.5
19635,14866,crescent onion,16,2,1014,1,1,2.5
19636,14684,,16,2,1014,1,1,2.5
19637,14685,,4739,3,587,2,2,1
19749,14747,pelekys,476,3,9994,1,1,1
19750,14748,,4770,3,904,1,18,0.8
19751,14749,Enuo,480,0,0,0,1,1
19752,14750,yawning void,476,3,9994,1,1,1
19753,14751,void,4870,3,73,2,3,3
19754,14753,uncast shadow,2269,3,503,1,1,1.5
19755,14753,uncast shadow,376,3,148,2,1,1.2
19756,14754,beacon in the dark,1451,3,247,2,1,1.9
19759,,,1449,3,322,1,1,1
19760,,,4457,3,456,4,1,4
19761,,,2420,3,73,2,1,2.4
19762,,,1281,3,37,2,1,1.65
19763,,,1367,3,111,2,1,2
19766,,,4963,3,9994,1,1,1
19767,,,219,3,58,1,1,1
19768,,,4365,3,87,1,13,3
19769,,,4365,3,87,1,13,1
19770,,,4878,3,877,5,1,4
19771,,,4878,3,877,5,1,2.5
19772,,,4878,3,877,5,1,1.5
19773,,,4878,3,877,5,1,0.8
19774,,,4873,3,456,4,2,4.75
19775,,,2269,3,503,1,1,1.5
19776,,,376,3,148,2,1,1.2
19777,,,1451,3,247,2,1,1.9
19780,,,1449,3,322,1,1,1
19782,,,2420,3,73,2,1,2.4
19785,,,2956,3,9994,1,1,2.5
19786,,,219,3,58,1,1,1
19787,,,4365,3,87,1,13,3
19788,,,4365,3,87,1,13,1
19789,,,4878,3,877,5,1,2
19790,,,16,2,1014,1,1,2.5
19791,,,16,2,1014,1,1,2.5
19792,,,16,2,1014,1,1,2.5
19793,14737,defective lamia,16,2,1014,1,1,2.5
19794,14737,defective lamia,16,2,1014,1,1,2.5
19795,14737,defective lamia,16,2,1014,1,1,2.5
19796,14737,defective lamia,16,2,1014,1,1,2.5
19797,14795,tiny mage,476,3,9994,1,1,1
19798,14738,Sensual Sandy,2586,3,277,4,1,1
19799,14739,poison cloud,3980,3,271,1,38,1.7
19800,,,4871,3,98,2,3,1.5
19804,14529,Alexander Resurrected,4799,3,1002,1,1,1.5
19805,14530,Gordius System,5004,3,925,1,1,0.75
19806,14762,ruin hound,4988,3,71,1,1,1.5
19807,14763,ice pillar,764,3,204,1,1,2
19808,14762,ruin hound,476,3,9994,1,1,1
19809,14764,patient Kuribu,1403,3,285,2,1,3.5
19810,,,476,3,9994,1,1,1
19811,14785,Cresceregina,236,3,66,1,1,2
19812,14786,ball of levin,785,3,156,1,16,2
19813,14785,Cresceregina,476,3,9994,1,1,1
19824,,,476,3,9994,1,1,1
19825,,,2181,3,472,1,1,1.5
19826,,,2181,3,472,1,1,1.5
19827,,,487,4,1696,0,1,1.5
19828,,,328,3,111,1,1,3
19829,,,629,3,106,1,1,1.5
19830,,,4853,3,678,2,1,4
19831,,,4874,3,943,2,1,1
19832,,,4875,3,943,2,2,1
19833,,,4875,3,943,2,2,1
19834,,,4872,3,204,13,1,1
19835,,,4920,3,943,2,1,1
19836,,,4920,3,943,2,1,1
19837,,,476,3,9994,1,1,1
19838,,,4853,3,678,2,1,4
19839,,,4874,3,943,2,1,1
19840,,,4875,3,943,2,2,1
19841,,,4875,3,943,2,2,1
19842,,,4872,3,204,13,1,1
19843,,,4920,3,943,2,1,1
19844,,,4920,3,943,2,1,1
19845,,,476,3,9994,1,1,1
19846,,,476,3,9994,1,1,1
19847,14790,Algol,476,3,9994,1,1,6
19848,14791,Atlas Carbuncle,476,3,9994,1,1,1
19849,14770,persistent pot,4586,3,79,1,1,2
19850,14771,crescent gremlin,396,3,158,1,1,3
19851,14772,crimson gremlin,397,3,158,1,2,6
19852,14773,persistent pot,4586,3,79,1,1,2
19853,14774,crescent fan,1528,3,340,1,1,1
19854,14775,greater fan,1528,3,340,1,1,1.6
19855,14714,Pallmagia,4972,3,365,2,1,1.6
19856,14715,pallkeeper,2075,3,105,6,1,1
19857,14714,Pallmagia,476,3,9994,1,1,1
19858,14729,Shinryu Paradox,4795,3,999,1,1,2.5
19859,14729,Shinryu Paradox,4975,3,925,6,1,1
19860,,,4976,3,9994,1,1,1
19861,,,4976,3,9994,1,1,1
19862,14730,Hollow King,4796,3,1000,1,1,2.5
19863,14732,arcane sphere,4917,3,273,1,114,1
19865,14733,Prishe,4377,1,604,1,1,0.93
19866,14729,Shinryu Paradox,2751,5,0,0,1,1
19867,14730,Hollow King,2751,5,0,0,1,1
19869,,,1449,3,322,1,1,1
19870,,,1449,3,322,1,1,1
19871,14778,Shantotto the Demon,4887,2,1088,1,1,7
19872,14762,ruin hound,476,3,9994,1,1,1
19873,,,480,0,0,0,1,1
19875,14832,lamia rover,16,2,1014,1,1,1.1
19876,14833,acrolith,3530,3,772,1,1,1.2
19877,14830,lamia jaeger,16,2,1014,1,1,1.1
19878,14834,pining abazohn,3548,2,1003,9,1,3
19879,14835,qutrub forayer,3548,2,1003,9,1,2
19880,14831,lamia no.2,16,2,1014,1,1,1.65
19881,14829,Nemean lion,4880,3,1019,1,1,2
19882,14836,assault bhoot,601,3,182,1,1,1.3
19883,14828,Medusa Swarmsinger,5003,2,1014,1,1,2.25
19892,14832,lamia rover,16,2,1014,1,1,1.1
19893,14833,acrolith,3530,3,772,1,1,1.2
19894,14838,aw'aern,2399,3,531,1,1,2.25
19895,14839,aw'zdei,4879,3,105,11,1,1
19896,108,,476,3,9994,1,1,5
19897,14749,Enuo,4733,3,990,1,1,1
19898,14750,yawning void,4915,3,273,1,112,1
19899,14751,void,4924,3,273,1,116,0.85
19900,14752,looming shadow,4881,3,1020,1,1,5
19901,14753,uncast shadow,4881,3,1020,1,1,2
19902,14754,beacon in the dark,476,3,9994,1,1,5
19904,12365,Golbez,4998,2,1066,1,1,0.38
19905,14749,Enuo,4733,3,990,1,1,1
19906,14750,yawning void,4915,3,273,1,112,1
19907,14750,yawning void,4916,3,273,1,113,1
19908,14751,void,4924,3,273,1,116,0.85
19909,14751,void,4924,3,273,1,116,0.85
19910,14751,void,4924,3,273,1,116,1.75
19911,14752,looming shadow,4881,3,1020,1,1,5
19912,14755,protective shadow,4881,3,1020,1,1,2
19913,14756,aggressive shadow,4881,3,1020,1,1,2
19914,14757,soothing shadow,4881,3,1020,1,1,2
19915,14754,beacon in the dark,476,3,9994,1,1,5
19916,14768,fulmipotent orb,476,3,9994,1,1,1
19917,14732,arcane sphere,4917,3,273,1,114,1
19918,14770,persistent pot,1230,3,8068,1,2,2
19919,14771,crescent gremlin,4515,3,8447,2,1,1.1
19920,14772,crimson gremlin,4962,3,8447,3,1,1.2
19922,14704,visitant vodoriga,363,3,141,1,1,1
19923,,,4989,3,273,1,117,1
19925,14737,defective lamia,16,2,1014,1,1,2.5
19926,14737,defective lamia,16,2,1014,1,1,2.5
19927,14737,defective lamia,16,2,1014,1,1,2.5
19928,14737,defective lamia,16,2,1014,1,1,2.5
19929,14700,visitant longfingers,4862,3,238,2,3,1.15
19930,14713,visitant succubus,18,2,1016,1,1,1.5
19931,14711,visitant hellhound,1276,3,71,2,1,1
19932,108,,1442,3,106,1,5,2
19933,108,,476,3,9994,1,1,1
19934,5640,Shinryu,1893,3,376,2,1,1
19935,5789,tail,1926,3,426,1,1,1.3
19936,6275,cocoon,2007,3,179,1,3,3
19937,6272,ginryu,1891,3,359,2,1,0.5
19938,6278,icicle,764,3,204,1,1,2.5
19939,6277,eye of the storm,1453,3,272,1,5,1
19940,6271,the worm's heart,1922,5,0,0,1,10
19941,5641,left wing,1977,3,272,1,10,10
19942,5642,right wing,1977,3,272,1,10,10
19943,6273,hakkinryu,1985,3,359,2,2,1
19944,6276,massive cocoon,2008,3,179,1,4,6
19945,6856,reiryu,2009,3,253,1,3,2
19946,5640,Shinryu,480,0,0,0,1,1
19947,5642,right wing,480,0,0,0,1,1
19948,5641,left wing,1977,3,272,1,10,10
19949,5642,right wing,1977,3,272,1,10,10
19950,14779,Promathia,4797,3,1001,1,1,1
19951,14780,link of Promathia,4934,3,1031,1,1,0.8
19952,14781,memory receptacle,4918,3,273,1,115,1.7
19953,14782,Empty wanderer,3337,3,748,1,1,1.5
19954,14783,Empty weeper,3336,3,747,1,1,1
19955,14784,Empty thinker,3334,3,746,1,1,1
19956,14711,visitant hellhound,1276,3,71,2,1,1
19957,,,4854,3,57,4,1,1.2
19958,,,4855,3,183,11,1,1.8
19959,14706,visitant Arioch,653,3,64,2,1,1
19960,14712,visitant troubadour,774,2,1014,5,1,1.5
19961,14713,visitant succubus,18,2,1016,1,1,1.5
19962,,,4984,3,280,2,3,1.3
19963,,,22,3,1,3,1,2
19964,,,476,3,9994,1,1,1
19965,14801,metamorph,476,3,9994,1,1,1
19966,,,476,3,9994,1,1,1
19967,108,,480,0,0,0,1,1
19971,,,5282,3,156,1,36,1.5
19972,,,5281,3,156,1,35,1.5
19973,,,5283,3,156,1,37,1.5
19974,14701,visitant persona,717,2,1014,4,1,1
19975,,,363,3,141,1,1,1
19976,14857,crescent cliffkite,4252,3,64,8,2,1.5
19977,14858,crescent urolith,1908,3,339,1,2,1.5
19978,14859,crescent dhara,1819,3,49,5,1,1.3
19979,14860,crescent bibliotaph,925,3,227,1,1,1.2
19980,14861,crescent weapon,2601,3,574,1,1,2
19981,14862,crescent cingulata,2535,3,528,2,1,1.5
19982,14863,crescent worm,240,3,68,1,3,1.3
19983,14864,crescent zu,604,3,60,3,1,1
19984,14865,crescent tomato,760,3,88,5,1,3.5
19985,14866,crescent onion,757,3,88,2,1,3.5
19986,14867,crescent vinegaroon,943,3,233,2,1,1
19987,14868,crescent opken,834,3,49,3,1,1.3
19988,14869,crescent belladonna,1270,3,280,1,1,1
19989,14870,crescent sapria,1224,3,5,2,4,1.2
19990,14871,crescent melia,1036,3,27,1,3,1.2
19991,14872,crescent lorelei,1716,3,382,1,1,1.1
19992,14873,crescent wraith,1504,3,334,1,1,2.5
19993,14874,crescent salt swallow,2043,3,296,3,1,0.8
19994,14875,crescent soblyn,1929,3,45,1,5,2
19995,14876,crescent huwasi,2077,3,396,2,1,1.1
19996,14877,crescent bile,1013,3,55,1,14,2.2
19997,14878,crescent medusa,2651,3,84,4,2,2.7
19998,14879,crescent elftoad,4986,3,30,1,7,1.7
19999,14880,crescent kargas,1525,3,236,1,4,1.5
20000,14881,crescent sand serpent,772,3,173,1,2,1.5
20001,14882,crescent coeurl,65,3,17,1,1,2
20002,14883,crescent gazellehawk,1381,3,11,2,2,1.7
20003,14884,crescent harpeia,1608,3,141,2,2,1.3
20004,14885,crescent kaluk,2006,3,377,3,2,1.3
20005,14876,crescent huwasi,2885,3,238,4,1,1.5
20006,14876,crescent huwasi,4985,3,171,2,3,2
20007,14888,crescent ratel,1055,3,176,3,2,1.3
20008,14889,crescent adamantoise,2000,3,23,1,3,1
20009,14877,crescent bile,3339,3,750,1,1,1.2
20010,14879,crescent elftoad,1293,3,42,5,1,1
20011,14232,energy orb,396,3,158,1,1,3
20012,14880,crescent kargas,3714,3,55,2,5,2
20013,14876,crescent huwasi,2574,3,569,1,1,1.8
20014,14877,crescent bile,22,3,1,3,1,2
20015,14896,crescent blackguard,1273,3,285,1,1,2.5
20016,14897,crescent hellhound,1276,3,71,2,1,1
20017,14898,crescent parthenope,1577,3,352,3,1,1.7
20018,14925,visitant evil eye,216,3,57,1,1,1.5
20019,14900,crescent craklaw,1719,3,385,1,1,1.2
20020,14901,crescent haunt,1761,3,380,2,1,0.8
20021,14902,crescent nanka,729,3,39,4,1,1.5
20022,14903,crescent accursed,1927,3,427,1,1,1.2
20023,14904,bird of the crescent,953,3,118,2,1,1.3
20024,14905,crescent anila,1923,3,423,1,1,1.5
20025,14906,crescent zirnitra,1188,3,234,2,3,0.8
20026,,,4878,3,877,5,1,3
20027,14978,,653,3,64,2,1,1.3
20028,14976,,646,3,195,1,1,1
20029,14983,,3415,2,1003,8,1,2.8
20030,14975,,691,3,16,1,4,3
20031,14911,crescent jester,912,3,196,2,1,1.8
20032,14912,crescent succubus,18,2,1016,1,1,2.5
20033,14913,crescent Gusion,4609,3,415,1,4,1
20034,14914,crescent Bombadeel,2085,3,54,6,1,1.5
20035,14915,crescent rothound,4363,3,41,2,4,2.5
20036,14916,crescent skatene,904,3,225,1,1,1.3
20037,14917,crescent geshunpest,2185,3,476,1,1,1.8
20038,14918,crescent necrodium,4384,3,706,1,4,2.5
20039,14919,crescent bicephalus,1640,2,1009,11,2,1.5
20040,14920,crescent ankou,3343,3,126,2,1,1.3
20041,14985,,4295,3,539,1,3,1.8
20042,14986,,355,3,133,1,1,2.5
20043,14923,crescent flame,1958,3,153,1,9,1
20044,108,,476,3,9994,1,1,1.5
20045,,,1230,3,8068,1,2,2
20046,14761,scrap heap,4856,3,72,6,1,0.9
20049,14710,scrap gargoyle,4854,3,57,4,1,1.2
20050,14709,scrap Byblos,4855,3,183,11,1,1.8
20051,12675,Gulool Ja Ja,3907,2,1068,1,1,1
20052,14842,visitant jester,912,3,196,2,1,1.5
20053,14842,visitant jester,912,3,196,2,1,1.5
20054,14706,visitant Arioch,653,3,64,2,1,1
20055,14924,visitant bomb,100,3,26,1,1,2
20056,14925,visitant evil eye,3658,3,129,4,1,0.4
20057,14926,visitant imp,63,3,16,1,1,1.3
20058,14925,visitant evil eye,3658,3,129,4,1,0.4
20063,,,263,3,79,1,1,1.5
20064,14879,crescent elftoad,2172,3,465,1,1,1
20065,,,4949,3,8528,1,1,1
20066,,,4950,3,8528,1,2,1
20067,14845,junior jinbei,4951,3,8529,1,1,1
20068,14846,lite-loader,4952,3,8530,1,1,1
20069,14847,caprino,4953,3,8531,1,1,1
20070,,,4954,3,8532,1,1,1
20071,283,goblin mugger,4955,3,8533,1,1,1
20072,,,4956,3,8534,1,1,1
20074,14852,wind-up Prishe,4958,3,8536,1,1,1
20075,,,4959,3,8537,1,1,1
20076,14854,budvi,4960,3,8538,1,1,1
20077,,,4961,3,8539,1,1,1
20078,,,4962,3,8447,3,1,1
20079,255,Glassjaw Nazagg Gah,476,3,9994,1,1,1
20080,14924,visitant bomb,4363,3,41,2,4,2.5
20081,14925,visitant evil eye,4363,3,41,2,4,2.5
20082,14925,visitant evil eye,904,3,225,1,1,1.3
20083,14926,visitant imp,904,3,225,1,1,1.3
20084,14926,visitant imp,904,3,225,1,1,1.3
20085,14926,visitant imp,2185,3,476,1,1,1.8
20086,14927,,2185,3,476,1,1,1.8
20087,14930,towerhander,2185,3,476,1,1,1.8
20088,14931,tower skatene,4384,3,706,1,4,2.5
20089,14932,tower Humbaba,4384,3,706,1,4,2.5
20090,14929,tower catoblepas,4384,3,706,1,4,2.5
20091,14919,crescent bicephalus,1640,2,1009,11,2,1.5
20092,14919,crescent bicephalus,1640,2,1009,11,2,1.5
20093,14864,crescent zu,1640,2,1009,11,2,1.5
20094,14919,crescent bicephalus,1640,2,1009,11,2,1.5
20095,14920,crescent ankou,3343,3,126,2,1,1.3
20096,14920,crescent ankou,3343,3,126,2,1,1.3
20097,14926,visitant imp,3343,3,126,2,1,1.3
20098,14927,,3343,3,126,2,1,1.3
20099,14928,,4295,3,539,1,3,1.8
20100,14929,tower catoblepas,4295,3,539,1,3,1.8
20101,14930,towerhander,4295,3,539,1,3,1.8
20102,13939,crescent bomb,101,3,26,1,2,8
20103,13939,crescent bomb,101,3,26,1,2,8
20104,13939,crescent bomb,101,3,26,1,2,8
20105,14887,crescent big horn,101,3,26,1,2,8
20106,13939,crescent bomb,101,3,26,1,2,8
20107,13939,crescent bomb,101,3,26,1,2,8
20108,13939,crescent bomb,101,3,26,1,2,8
20109,13940,crescent dhruva,1994,3,417,1,2,1
20110,13940,crescent dhruva,1994,3,417,1,2,1
20111,13940,crescent dhruva,1994,3,417,1,2,1
20112,14883,crescent gazellehawk,1994,3,417,1,2,1
20113,14896,crescent blackguard,1994,3,417,1,2,1
20114,14894,crescent moss fungus,1994,3,417,1,2,1
20115,13940,crescent dhruva,1994,3,417,1,2,1
20116,,,2684,3,591,1,8,1.5
20117,329,Straightshot assassin,2684,3,591,1,8,1.5
20118,,,2684,3,591,1,8,1.5
20119,,,2684,3,591,1,8,1.5
20120,332,Corpse Brigade firedancer,2684,3,591,1,8,1.5
20121,,,2684,3,591,1,8,1.5
20122,,,2684,3,591,1,8,1.5
20123,13942,crescent mimic,1527,3,197,1,3,1.8
20124,13942,crescent mimic,1527,3,197,1,3,1.8
20125,13942,crescent mimic,1527,3,197,1,3,1.8
20126,14970,,1527,3,197,1,3,1.8
20127,14971,,1527,3,197,1,3,1.8
20128,14971,,1527,3,197,1,3,1.8
20129,14973,,1527,3,197,1,3,1.8
20130,14974,,1795,3,16,2,1,2
20131,14974,,1795,3,16,2,1,2
20132,14975,,1795,3,16,2,1,2
20133,14975,,1795,3,16,2,1,2
20134,14975,,1795,3,16,2,1,2
20137,,,563,3,171,1,1,1.5
20138,14865,crescent tomato,794,3,64,3,1,1.6
20139,351,Qiqirn gullroaster,904,3,225,1,1,1
20140,352,jungle coeurl,1767,3,58,7,1,0.9
20141,14923,crescent flame,563,3,171,1,1,1.5
20142,14889,crescent adamantoise,794,3,64,3,1,1.6
20143,14895,crescent banemite,904,3,225,1,1,1
20144,14896,crescent blackguard,1767,3,58,7,1,0.9
20145,14785,Cresceregina,480,0,0,0,1,1
20146,,,5005,3,9994,1,1,1
20147,108,,2182,3,473,1,1,2
20148,14751,void,4924,3,273,1,116,0.85
20149,14751,void,4924,3,273,1,116,0.85
20150,14704,visitant vodoriga,363,3,141,1,1,1
20153,14995,,5007,3,8464,1,2,1
20154,14995,,1213,3,8086,1,3,1
20155,14996,,476,3,9994,1,1,1.75
20157,15000,,476,3,9994,1,1,1
20159,14998,,480,0,0,0,1,1
20160,14735,machetaur,480,0,0,0,1,1
20161,14736,Demi-Medusa,480,0,0,0,1,1
20162,14933,airbuster,480,0,0,0,1,1
20163,14946,,480,0,0,0,1,1
20164,14944,,480,0,0,0,1,1
